사고번호,사고일시,요일,시군구,사고내용,사망자수,중상자수,경상자수,부상신고자수,사고유형,법규위반,노면상태,기상상태,도로형태,가해운전자 차종,가해운전자 성별,가해운전자 연령,가해운전자 상해정도,피해운전자 차종,피해운전자 성별,피해운전자 연령,피해운전자 상해정도
2017031400100378,2017년 3월 14일 17시,화요일,충청남도 천안시 서북구 성거읍,경상사고,0,0,2,0,차대차 - 측면충돌,신호위반,건조,맑음,교차로 - 교차로안,승용,남,52세,상해없음,승용,여,50세,경상
2017031400100443,2017년 3월 14일 19시,화요일,충청남도 천안시 서북구 성정동,경상사고,0,0,1,0,차대사람 - 길가장자리구역통행중,안전운전불이행,건조,맑음,교차로 - 교차로안,승용,여,55세,상해없음,보행자,여,27세,경상
2017031400100546,2017년 3월 14일 23시,화요일,충청남도 천안시 동남구 신부동,중상사고,0,1,0,0,차대차 - 측면충돌,안전운전불이행,건조,맑음,단일로 - 기타,승용,남,46세,상해없음,이륜,남,22세,중상
2017031500100041,2017년 3월 15일 01시,수요일,충청남도 천안시 서북구 두정동,중상사고,0,1,0,0,차대사람 - 횡단중,안전운전불이행,건조,맑음,단일로 - 기타,승용,남,19세,상해없음,보행자,여,22세,중상
2017031500100090,2017년 3월 15일 07시,수요일,충청남도 천안시 서북구 직산읍,경상사고,0,0,1,0,차대사람 - 횡단중,안전운전불이행,건조,맑음,단일로 - 기타,승용,남,53세,상해없음,보행자,여,16세,경상
2017031500100589,2017년 3월 15일 22시,수요일,충청남도 천안시 서북구 백석동,경상사고,0,0,2,0,차대차 - 기타,신호위반,건조,맑음,교차로 - 교차로안,승용,남,30세,상해없음,승용,남,24세,경상
2017031600100086,2017년 3월 16일 07시,목요일,충청남도 천안시 서북구 불당동,경상사고,0,0,1,0,차대사람 - 횡단중,보행자보호의무위반,건조,맑음,교차로 - 교차로안,승용,여,35세,상해없음,보행자,남,15세,경상
2017031600100150,2017년 3월 16일 09시,목요일,충청남도 천안시 동남구 목천읍,중상사고,0,1,0,0,차대차 - 정면충돌,중앙선침범,건조,맑음,단일로 - 기타,건설기계,남,68세,상해없음,승용,남,66세,상해없음
2017031600100208,2017년 3월 16일 11시,목요일,충청남도 천안시 동남구 목천읍,경상사고,0,0,1,0,차대차 - 정면충돌,안전운전불이행,건조,맑음,단일로 - 기타,화물,남,36세,상해없음,승합,남,52세,경상
2017031600100347,2017년 3월 16일 16시,목요일,충청남도 천안시 서북구 성거읍,경상사고,0,0,1,0,차대차 - 측면충돌,직진우회전진행방해,건조,맑음,교차로 - 교차로안,화물,남,60세,상해없음,승용,여,56세,경상
2017031600100534,2017년 3월 16일 22시,목요일,충청남도 천안시 동남구 봉명동,경상사고,0,0,4,0,차대차 - 정면충돌,안전운전불이행,건조,맑음,교차로 - 교차로부근,승용,남,51세,상해없음,승용,남,39세,경상
2017031600100555,2017년 3월 16일 23시,목요일,충청남도 천안시 서북구 쌍용동,경상사고,0,0,1,0,차대차 - 정면충돌,중앙선침범,건조,맑음,단일로 - 기타,승용,남,43세,기타불명,승용,남,41세,경상
2017031600100556,2017년 3월 16일 23시,목요일,충청남도 천안시 동남구 영성동,중상사고,0,1,0,0,차대차 - 정면충돌,중앙선침범,건조,맑음,단일로 - 고가도로위,승용,여,30세,상해없음,승용,남,28세,중상
2017031700100077,2017년 3월 17일 05시,금요일,충청남도 천안시 서북구 직산읍,경상사고,0,0,2,0,차대차 - 기타,신호위반,건조,맑음,교차로 - 교차로안,승용,남,43세,경상,승용,여,76세,경상
2017031700100101,2017년 3월 17일 07시,금요일,충청남도 천안시 동남구 신부동,경상사고,0,0,1,0,차대사람 - 보도통행중,보행자보호의무위반,건조,맑음,교차로 - 교차로횡단보도내,승용,남,65세,상해없음,보행자,남,52세,경상
2017031700100129,2017년 3월 17일 08시,금요일,충청남도 천안시 서북구 두정동,경상사고,0,0,2,0,차대차 - 기타,안전운전불이행,건조,맑음,단일로 - 기타,승용,남,59세,경상,화물,남,54세,경상
2017031700100310,2017년 3월 17일 14시,금요일,충청남도 천안시 서북구 입장면,중상사고,0,1,0,0,차대차 - 측면충돌,중앙선침범,건조,맑음,단일로 - 기타,자전거,남,67세,중상,승용,여,50세,상해없음
2017031700100409,2017년 3월 17일 17시,금요일,충청남도 천안시 서북구 차암동,경상사고,0,0,1,0,차대차 - 기타,직진우회전진행방해,건조,맑음,교차로 - 교차로부근,승용,남,24세,상해없음,승용,남,55세,경상
2017031700100411,2017년 3월 17일 17시,금요일,충청남도 천안시 동남구 병천면,경상사고,0,0,1,0,차대차 - 측면충돌,안전운전불이행,건조,맑음,단일로 - 기타,자전거,남,70세,경상,승용,여,35세,상해없음
2017031700100442,2017년 3월 17일 18시,금요일,충청남도 천안시 서북구 불당동,경상사고,0,0,1,0,차대차 - 기타,신호위반,건조,맑음,교차로 - 교차로안,승용,남,30세,상해없음,승용,남,46세,경상
2017031700100601,2017년 3월 17일 22시,금요일,충청남도 천안시 서북구 쌍용동,경상사고,0,0,1,0,차대차 - 추돌,안전운전불이행,건조,맑음,교차로 - 교차로안,승용,남,48세,상해없음,승용,남,42세,기타불명
2017031700100602,2017년 3월 17일 22시,금요일,충청남도 천안시 서북구 쌍용동,경상사고,0,0,1,0,차대차 - 기타,안전운전불이행,건조,맑음,교차로 - 교차로부근,승용,남,35세,상해없음,승용,남,26세,경상
2017031800100142,2017년 3월 18일 08시,토요일,충청남도 천안시 서북구 쌍용동,경상사고,0,0,1,0,차대차 - 기타,신호위반,건조,맑음,교차로 - 교차로안,기타불명,기타불명,미분류,기타불명,승용,남,44세,상해없음
2017031800100163,2017년 3월 18일 09시,토요일,충청남도 천안시 서북구 두정동,경상사고,0,0,1,0,차대차 - 추돌,안전운전불이행,건조,맑음,교차로 - 교차로부근,승용,여,48세,상해없음,자전거,여,74세,경상
2017031800100166,2017년 3월 18일 09시,토요일,충청남도 천안시 동남구 신부동,경상사고,0,0,1,0,차대차 - 측면충돌,차로위반,건조,맑음,단일로 - 기타,승용,남,63세,상해없음,승용,남,45세,경상
2017031800100226,2017년 3월 18일 11시,토요일,충청남도 천안시 서북구 쌍용동,경상사고,0,0,3,0,차대차 - 추돌,안전운전불이행,건조,맑음,교차로 - 교차로안,화물,남,33세,상해없음,승용,남,57세,경상
2017031800100390,2017년 3월 18일 16시,토요일,충청남도 천안시 동남구 신부동,경상사고,0,0,1,0,차대차 - 측면충돌,안전운전불이행,건조,맑음,기타 - 기타,승합,남,56세,상해없음,승용,남,39세,경상
2017031800100424,2017년 3월 18일 17시,토요일,충청남도 천안시 서북구 성거읍,중상사고,0,1,0,0,차대차 - 측면충돌,안전운전불이행,건조,맑음,교차로 - 교차로안,사륜오토바이(ATV),남,68세,중상,승용,남,56세,상해없음
2017031800100425,2017년 3월 18일 17시,토요일,충청남도 천안시 서북구 직산읍,경상사고,0,0,1,0,차대사람 - 횡단중,안전운전불이행,건조,맑음,교차로 - 교차로안,원동기,남,42세,상해없음,보행자,여,48세,경상
2017031800100597,2017년 3월 18일 23시,토요일,충청남도 천안시 서북구 성정동,경상사고,0,0,1,0,차대차 - 기타,안전운전불이행,건조,맑음,교차로 - 교차로안,승용,여,53세,상해없음,승용,기타불명,미분류,기타불명
2017031900100254,2017년 3월 19일 14시,일요일,충청남도 천안시 서북구 성환읍,경상사고,0,0,1,0,차대차 - 기타,안전운전불이행,건조,맑음,단일로 - 기타,승용,남,37세,상해없음,승용,남,35세,경상
2017031900100255,2017년 3월 19일 14시,일요일,충청남도 천안시 동남구 목천읍,중상사고,0,3,2,0,차대차 - 추돌,안전운전불이행,건조,맑음,단일로 - 기타,승용,여,54세,상해없음,승용,남,58세,경상
2017031900100286,2017년 3월 19일 15시,일요일,충청남도 천안시 동남구 원성동,경상사고,0,0,1,0,차대차 - 측면충돌,신호위반,건조,맑음,교차로 - 교차로안,승용,남,46세,상해없음,승용,여,47세,경상
2017031900100483,2017년 3월 19일 23시,일요일,충청남도 천안시 동남구 원성동,경상사고,0,0,1,0,차대차 - 정면충돌,중앙선침범,건조,맑음,교차로 - 교차로부근,승용,남,25세,상해없음,승용,여,40세,경상
2017032000100256,2017년 3월 20일 14시,월요일,충청남도 천안시 서북구 두정동,경상사고,0,0,1,0,차대사람 - 횡단중,안전운전불이행,건조,맑음,교차로 - 교차로부근,승용,여,40세,상해없음,보행자,남,25세,경상
2017032000100286,2017년 3월 20일 15시,월요일,충청남도 천안시 서북구 백석동,경상사고,0,0,1,0,차대차 - 기타,신호위반,건조,맑음,교차로 - 교차로부근,승합,남,53세,상해없음,승용,남,26세,경상
2017032000100430,2017년 3월 20일 19시,월요일,충청남도 천안시 동남구 사직동,경상사고,0,0,1,0,차대사람 - 횡단중,안전운전불이행,건조,흐림,교차로 - 교차로부근,승용,남,68세,상해없음,보행자,여,78세,경상
2017032000100504,2017년 3월 20일 21시,월요일,충청남도 천안시 서북구 불당동,경상사고,0,0,1,0,차대사람 - 횡단중,안전운전불이행,건조,맑음,단일로 - 기타,승용,남,31세,상해없음,보행자,남,22세,경상
2017032100100050,2017년 3월 21일 02시,화요일,충청남도 천안시 서북구 성정동,경상사고,0,0,1,0,차대차 - 측면충돌,교차로운행방법위반,건조,맑음,교차로 - 교차로안,기타불명,기타불명,미분류,기타불명,승용,남,23세,경상
2017032100100051,2017년 3월 21일 02시,화요일,충청남도 천안시 동남구 구성동,중상사고,0,1,0,0,차량단독 - 전도전복,안전운전불이행,건조,맑음,단일로 - 기타,승용,남,22세,기타불명,미분류,미분류,미분류,미분류
2017032100100069,2017년 3월 21일 04시,화요일,충청남도 천안시 서북구 성정동,중상사고,0,2,2,0,차대차 - 측면충돌,신호위반,건조,맑음,교차로 - 교차로안,승용,남,41세,중상,화물,남,40세,경상
2017032100100139,2017년 3월 21일 08시,화요일,충청남도 천안시 서북구 성정동,경상사고,0,0,1,0,차대차 - 측면충돌,기타,건조,맑음,교차로 - 교차로안,화물,남,22세,상해없음,자전거,남,13세,경상
2017032100100177,2017년 3월 21일 09시,화요일,충청남도 천안시 서북구 직산읍,경상사고,0,0,1,0,차대차 - 기타,신호위반,건조,맑음,교차로 - 교차로안,승용,남,23세,상해없음,화물,남,50세,경상
2017032100100204,2017년 3월 21일 10시,화요일,충청남도 천안시 서북구 성환읍,중상사고,0,1,0,0,차대차 - 정면충돌,안전운전불이행,건조,맑음,교차로 - 교차로안,화물,남,55세,상해없음,원동기,남,67세,중상
2017032100100250,2017년 3월 21일 12시,화요일,충청남도 천안시 서북구 성정동,경상사고,0,0,1,0,차대사람 - 기타,안전운전불이행,건조,맑음,주차장 - 주차장,승용,여,26세,기타불명,보행자,남,61세,경상
2017032100100354,2017년 3월 21일 16시,화요일,충청남도 천안시 서북구 성환읍,경상사고,0,0,1,0,차대사람 - 차도통행중,안전운전불이행,건조,맑음,단일로 - 기타,화물,남,45세,상해없음,보행자,남,17세,경상
2017032100100355,2017년 3월 21일 16시,화요일,충청남도 천안시 동남구 구성동,경상사고,0,0,1,0,차대차 - 측면충돌,안전운전불이행,건조,맑음,교차로 - 교차로부근,승용,남,47세,상해없음,원동기,남,39세,경상
2017032100100424,2017년 3월 21일 18시,화요일,충청남도 천안시 서북구 쌍용동,중상사고,0,1,0,0,차대차 - 측면충돌,중앙선침범,건조,맑음,단일로 - 기타,승용,여,46세,상해없음,원동기,남,34세,중상
2017032100100457,2017년 3월 21일 19시,화요일,충청남도 천안시 서북구 불당동,경상사고,0,0,1,0,차대차 - 추돌,과속,건조,맑음,단일로 - 기타,승용,남,26세,상해없음,승용,남,41세,경상
2017032100100559,2017년 3월 21일 23시,화요일,충청남도 천안시 동남구 신방동,경상사고,0,0,3,0,차대차 - 측면충돌,신호위반,건조,맑음,교차로 - 교차로부근,승용,남,25세,상해없음,승용,남,57세,경상
2017032200100017,2017년 3월 22일 00시,수요일,충청남도 천안시 서북구 성정동,경상사고,0,0,1,0,차대차 - 측면충돌,안전운전불이행,건조,맑음,기타 - 기타,승용,남,51세,상해없음,승용,남,28세,경상
2017032200100027,2017년 3월 22일 01시,수요일,충청남도 천안시 서북구 성정동,경상사고,0,0,3,0,차대차 - 측면충돌,교차로운행방법위반,건조,맑음,교차로 - 교차로안,승용,남,22세,상해없음,승용,남,24세,상해없음
2017032200100084,2017년 3월 22일 07시,수요일,충청남도 천안시 서북구 직산읍,경상사고,0,0,1,0,차대차 - 측면충돌,신호위반,건조,맑음,교차로 - 교차로안,승용,여,46세,상해없음,승합,남,45세,상해없음
2017032200100568,2017년 3월 22일 23시,수요일,충청남도 천안시 동남구 구성동,경상사고,0,0,3,0,차대차 - 추돌,안전운전불이행,건조,맑음,단일로 - 기타,승용,남,63세,상해없음,화물,남,60세,경상
2017032300100121,2017년 3월 23일 08시,목요일,충청남도 천안시 서북구 두정동,경상사고,0,0,2,0,차대차 - 추돌,안전운전불이행,건조,맑음,단일로 - 기타,기타불명,기타불명,미분류,기타불명,승용,여,32세,경상
2017032300100170,2017년 3월 23일 10시,목요일,충청남도 천안시 서북구 두정동,중상사고,0,1,1,0,차대차 - 기타,교차로운행방법위반,건조,맑음,교차로 - 교차로안,승용,여,49세,경상,원동기,남,23세,중상
2017032300100205,2017년 3월 23일 11시,목요일,충청남도 천안시 서북구 불당동,중상사고,0,1,0,0,차대차 - 측면충돌,신호위반,건조,맑음,교차로 - 교차로안,승용,남,23세,상해없음,승용,남,55세,중상
2017032300100271,2017년 3월 23일 14시,목요일,충청남도 천안시 서북구 성환읍,중상사고,0,2,0,0,차대차 - 추돌,안전운전불이행,건조,맑음,교차로 - 교차로부근,승용,남,70세,상해없음,승용,남,78세,중상
2017032300100337,2017년 3월 23일 16시,목요일,충청남도 천안시 동남구 신방동,경상사고,0,0,1,0,차대차 - 추돌,안전운전불이행,건조,맑음,단일로 - 기타,승용,남,33세,상해없음,승용,여,39세,경상
2017032300100562,2017년 3월 23일 22시,목요일,충청남도 천안시 서북구 백석동,중상사고,0,1,2,0,차대차 - 추돌,안전운전불이행,건조,맑음,교차로 - 교차로부근,원동기,남,31세,경상,승용,여,38세,경상
2017032300100563,2017년 3월 23일 22시,목요일,충청남도 천안시 서북구 성정동,중상사고,0,1,0,0,차대차 - 측면충돌,안전운전불이행,건조,맑음,단일로 - 기타,승용,남,28세,상해없음,원동기,남,54세,중상
2017032300100583,2017년 3월 23일 23시,목요일,충청남도 천안시 서북구 성정동,중상사고,0,1,0,0,차대차 - 측면충돌,안전운전불이행,건조,맑음,단일로 - 기타,원동기,남,76세,중상,승용,남,25세,상해없음
2017032400100054,2017년 3월 24일 01시,금요일,충청남도 천안시 서북구 쌍용동,경상사고,0,0,1,0,차대차 - 추돌,안전운전불이행,건조,맑음,단일로 - 기타,승용,남,33세,상해없음,승용,남,27세,경상
2017032400100069,2017년 3월 24일 02시,금요일,충청남도 천안시 동남구 안서동,중상사고,0,1,0,0,차량단독 - 전도전복,안전운전불이행,건조,맑음,단일로 - 기타,승용,남,23세,상해없음,미분류,미분류,미분류,미분류
2017032400100167,2017년 3월 24일 09시,금요일,충청남도 천안시 동남구 신부동,경상사고,0,0,1,0,차대차 - 추돌,안전운전불이행,건조,맑음,교차로 - 교차로부근,승용,남,33세,상해없음,승용,남,33세,경상
2017032400100273,2017년 3월 24일 13시,금요일,충청남도 천안시 서북구 두정동,경상사고,0,0,1,0,차대사람 - 기타,안전운전불이행,건조,맑음,교차로 - 교차로안,승용,남,21세,상해없음,보행자,남,29세,경상
2017032400100274,2017년 3월 24일 13시,금요일,충청남도 천안시 서북구 입장면,중상사고,0,1,0,0,차대차 - 측면충돌,안전운전불이행,건조,맑음,교차로 - 교차로안,화물,남,53세,상해없음,화물,남,64세,중상
2017032400100610,2017년 3월 24일 22시,금요일,충청남도 천안시 서북구 쌍용동,경상사고,0,0,1,0,차대차 - 기타,신호위반,건조,맑음,교차로 - 교차로안,승용,남,26세,상해없음,승합,남,38세,상해없음
2017032500100060,2017년 3월 25일 02시,토요일,충청남도 천안시 서북구 차암동,경상사고,0,0,3,0,차대차 - 측면충돌,신호위반,건조,맑음,교차로 - 교차로안,승용,남,23세,경상,승용,남,38세,경상
2017032500100324,2017년 3월 25일 15시,토요일,충청남도 천안시 서북구 직산읍,경상사고,0,0,1,0,차대차 - 정면충돌,중앙선침범,건조,맑음,교차로 - 교차로부근,승용,남,51세,상해없음,승용,남,40세,경상
2017032500100349,2017년 3월 25일 16시,토요일,충청남도 천안시 서북구 두정동,중상사고,0,2,0,0,차대차 - 정면충돌,신호위반,건조,맑음,교차로 - 교차로안,원동기,남,38세,중상,승용,남,24세,중상
2017032500100444,2017년 3월 25일 19시,토요일,충청남도 천안시 서북구 불당동,경상사고,0,0,1,0,차대사람 - 차도통행중,신호위반,건조,맑음,교차로 - 교차로안,승용,남,55세,상해없음,보행자,여,15세,경상
2017032600100087,2017년 3월 26일 06시,일요일,충청남도 천안시 서북구 쌍용동,경상사고,0,0,1,0,차대차 - 측면충돌,과속,건조,맑음,단일로 - 기타,승용,남,31세,상해없음,승용,남,53세,경상
2017032600100283,2017년 3월 26일 17시,일요일,충청남도 천안시 동남구 구성동,경상사고,0,0,4,0,차대차 - 측면충돌,중앙선침범,건조,맑음,단일로 - 기타,승용,남,45세,상해없음,승용,남,38세,경상
2017032600100331,2017년 3월 26일 19시,일요일,충청남도 천안시 서북구 백석동,중상사고,0,1,1,0,차대차 - 측면충돌,신호위반,건조,맑음,교차로 - 교차로안,승용,남,34세,상해없음,원동기,남,55세,중상
2017032600100352,2017년 3월 26일 20시,일요일,충청남도 천안시 서북구 불당동,경상사고,0,0,1,0,차대차 - 추돌,안전운전불이행,건조,맑음,교차로 - 교차로부근,승용,남,48세,상해없음,승용,남,31세,경상
2017032600100411,2017년 3월 26일 22시,일요일,충청남도 천안시 서북구 직산읍,사망사고,1,0,0,0,차대사람 - 횡단중,과속,건조,맑음,교차로 - 교차로부근,승용,남,62세,상해없음,보행자,남,59세,사망
2017032700100200,2017년 3월 27일 12시,월요일,충청남도 천안시 서북구 쌍용동,중상사고,0,1,0,0,차대사람 - 횡단중,안전운전불이행,건조,맑음,단일로 - 기타,승용,여,51세,기타불명,보행자,여,24세,중상
2017032700100202,2017년 3월 27일 12시,월요일,충청남도 천안시 동남구 신방동,경상사고,0,0,1,0,차대차 - 추돌,안전거리미확보,건조,맑음,단일로 - 기타,승용,남,66세,기타불명,승용,남,63세,상해없음
2017032700100203,2017년 3월 27일 12시,월요일,충청남도 천안시 서북구 성거읍,경상사고,0,0,3,0,차대차 - 추돌,안전운전불이행,건조,맑음,단일로 - 기타,승용,남,51세,상해없음,화물,남,69세,경상
2017032700100326,2017년 3월 27일 16시,월요일,충청남도 천안시 서북구 백석동,경상사고,0,0,2,0,차대차 - 측면충돌,교차로운행방법위반,건조,맑음,교차로 - 교차로안,승용,남,51세,상해없음,승용,남,65세,경상
2017032700100536,2017년 3월 27일 23시,월요일,충청남도 천안시 서북구 성정동,경상사고,0,0,1,0,차대사람 - 기타,안전운전불이행,건조,맑음,단일로 - 기타,승용,남,29세,상해없음,보행자,남,45세,경상
2017032800100061,2017년 3월 28일 05시,화요일,충청남도 천안시 서북구 쌍용동,중상사고,0,1,0,0,차대사람 - 횡단중,안전운전불이행,건조,맑음,교차로 - 교차로안,승용,여,30세,상해없음,보행자,남,49세,중상
2017032800100088,2017년 3월 28일 07시,화요일,충청남도 천안시 서북구 성성동,중상사고,0,1,0,0,차량단독 - 전도전복 - 전도,안전운전불이행,건조,맑음,단일로 - 기타,원동기,남,41세,중상,,,,
2017032800100127,2017년 3월 28일 08시,화요일,충청남도 천안시 동남구 원성동,경상사고,0,0,2,0,차대차 - 정면충돌,중앙선침범,건조,맑음,교차로 - 교차로부근,승용,남,25세,상해없음,승용,여,41세,경상
2017032800100429,2017년 3월 28일 19시,화요일,충청남도 천안시 동남구 봉명동,경상사고,0,0,1,0,차대사람 - 기타,안전운전불이행,건조,맑음,단일로 - 기타,승합,남,51세,상해없음,보행자,여,56세,경상
2017032800100491,2017년 3월 28일 21시,화요일,충청남도 천안시 서북구 성정동,경상사고,0,0,1,0,차대차 - 측면충돌,신호위반,건조,맑음,교차로 - 교차로안,승용,기타불명,미분류,기타불명,승용,남,59세,경상
2017032800100492,2017년 3월 28일 21시,화요일,충청남도 천안시 서북구 성정동,경상사고,0,0,1,0,차대차 - 추돌,안전운전불이행,건조,맑음,교차로 - 교차로부근,승용,남,21세,기타불명,승합,남,71세,경상
2017032900100018,2017년 3월 29일 00시,수요일,충청남도 천안시 서북구 성정동,경상사고,0,0,2,0,차대차 - 추돌,안전운전불이행,건조,맑음,단일로 - 기타,승용,남,23세,상해없음,승용,남,50세,경상
2017032900100049,2017년 3월 29일 02시,수요일,충청남도 천안시 동남구 목천읍,중상사고,0,1,0,1,차대차 - 측면충돌,불법유턴,건조,맑음,교차로 - 교차로부근,승용,여,20세,부상신고,승합,남,43세,중상
2017032900100074,2017년 3월 29일 05시,수요일,충청남도 천안시 동남구 신부동,중상사고,0,1,1,0,차량단독 - 공작물충돌,안전운전불이행,건조,맑음,단일로 - 기타,승용,남,23세,상해없음,,,,
2017032900100125,2017년 3월 29일 08시,수요일,충청남도 천안시 서북구 백석동,경상사고,0,0,1,0,차대차 - 기타,안전운전불이행,건조,맑음,기타 - 기타,화물,남,40세,기타불명,승용,여,30세,경상
2017032900100210,2017년 3월 29일 11시,수요일,충청남도 천안시 동남구 청당동,경상사고,0,0,1,0,차대차 - 측면충돌,안전운전불이행,건조,맑음,단일로 - 기타,화물,남,48세,상해없음,승용,여,38세,경상
2017032900100330,2017년 3월 29일 16시,수요일,충청남도 천안시 동남구 병천면,경상사고,0,0,1,0,차대차 - 측면충돌,신호위반,건조,맑음,교차로 - 교차로안,사륜오토바이(ATV),남,80세,상해없음,승용,여,45세,경상
2017032900100365,2017년 3월 29일 17시,수요일,충청남도 천안시 동남구 신부동,경상사고,0,0,1,0,차대차 - 기타,안전운전불이행,건조,맑음,단일로 - 기타,승용,남,58세,상해없음,이륜,남,18세,경상
2017032900100391,2017년 3월 29일 18시,수요일,충청남도 천안시 서북구 성정동,경상사고,0,0,1,0,차대사람 - 기타,보행자보호의무위반,건조,맑음,교차로 - 교차로부근,승합,여,50세,상해없음,보행자,여,27세,경상
2017032900100440,2017년 3월 29일 19시,수요일,충청남도 천안시 서북구 쌍용동,경상사고,0,0,1,0,차대차 - 기타,안전거리미확보,건조,맑음,교차로 - 교차로부근,승용,남,26세,상해없음,승용,남,60세,상해없음
2017032900100477,2017년 3월 29일 20시,수요일,충청남도 천안시 서북구 두정동,경상사고,0,0,1,0,차대차 - 기타,중앙선침범,건조,맑음,단일로 - 기타,승용,남,57세,상해없음,승용,남,32세,경상
2017032900100478,2017년 3월 29일 20시,수요일,충청남도 천안시 서북구 성정동,경상사고,0,0,3,0,차대차 - 기타,안전운전불이행,건조,맑음,단일로 - 기타,승용,남,28세,경상,승용,여,23세,경상
2017032900100501,2017년 3월 29일 21시,수요일,충청남도 천안시 서북구 두정동,경상사고,0,0,1,0,차대사람 - 차도통행중,안전운전불이행,건조,맑음,단일로 - 기타,화물,남,47세,상해없음,보행자,남,30세,경상
2017032900100502,2017년 3월 29일 21시,수요일,충청남도 천안시 서북구 불당동,중상사고,0,1,3,0,차대차 - 추돌,안전운전불이행,건조,맑음,단일로 - 기타,승용,남,46세,상해없음,승용,남,44세,경상
2017032900100531,2017년 3월 29일 22시,수요일,충청남도 천안시 동남구 목천읍,중상사고,0,1,1,0,차대차 - 정면충돌,중앙선침범,건조,맑음,단일로 - 기타,승용,남,36세,상해없음,승용,남,51세,중상
2017033000100056,2017년 3월 30일 03시,목요일,충청남도 천안시 동남구 목천읍,중상사고,0,1,0,0,차대차 - 추돌,안전운전불이행,건조,맑음,단일로 - 기타,특수,남,43세,중상,화물,남,58세,상해없음
2017033000100068,2017년 3월 30일 04시,목요일,충청남도 천안시 서북구 불당동,중상사고,0,2,4,0,차대차 - 기타,안전운전불이행,건조,맑음,교차로 - 교차로안,승용,남,21세,상해없음,승용,남,29세,경상
2017033000100490,2017년 3월 30일 20시,목요일,충청남도 천안시 서북구 성정동,경상사고,0,0,2,0,차대차 - 기타,안전운전불이행,건조,맑음,단일로 - 기타,승용,남,38세,상해없음,화물,남,55세,경상
2017033000100542,2017년 3월 30일 22시,목요일,충청남도 천안시 동남구 목천읍,경상사고,0,0,2,0,차대사람 - 횡단중,교차로운행방법위반,건조,맑음,교차로 - 교차로안,승용,여,57세,상해없음,보행자,남,16세,경상
2017033100100033,2017년 3월 31일 01시,금요일,충청남도 천안시 서북구 입장면,경상사고,0,0,3,0,차대차 - 추돌,안전운전불이행,건조,맑음,단일로 - 기타,승용,남,24세,상해없음,승용,남,49세,경상
2017033100100045,2017년 3월 31일 02시,금요일,충청남도 천안시 동남구 신방동,경상사고,0,0,1,0,차대차 - 측면충돌,안전운전불이행,건조,맑음,단일로 - 기타,승용,남,36세,상해없음,승용,남,21세,기타불명
2017033100100338,2017년 3월 31일 15시,금요일,충청남도 천안시 서북구 성정동,경상사고,0,0,1,0,차대차 - 기타,안전운전불이행,건조,맑음,단일로 - 기타,승용,남,64세,기타불명,승용,남,27세,경상
2017033100100416,2017년 3월 31일 17시,금요일,충청남도 천안시 서북구 두정동,경상사고,0,0,1,0,차대차 - 측면충돌,안전운전불이행,건조,맑음,단일로 - 기타,승용,남,28세,상해없음,이륜,남,52세,경상
2017033100100522,2017년 3월 31일 20시,금요일,충청남도 천안시 서북구 성정동,경상사고,0,0,2,0,차대차 - 추돌,안전운전불이행,건조,맑음,단일로 - 기타,승용,남,68세,상해없음,승용,남,47세,경상
2017033100100523,2017년 3월 31일 20시,금요일,충청남도 천안시 서북구 성거읍,경상사고,0,0,1,0,차대차 - 기타,안전운전불이행,건조,맑음,단일로 - 기타,화물,남,55세,상해없음,승용,남,34세,상해없음
2017033100100603,2017년 3월 31일 22시,금요일,충청남도 천안시 서북구 불당동,중상사고,0,1,0,0,차대사람 - 횡단중,안전운전불이행,건조,맑음,단일로 - 기타,승용,남,30세,상해없음,보행자,남,24세,중상
2017040100100072,2017년 4월 1일 02시,토요일,충청남도 천안시 서북구 성정동,중상사고,0,1,0,0,차대사람 - 횡단중,안전운전불이행,건조,맑음,단일로 - 기타,승용,남,34세,상해없음,보행자,남,34세,중상
2017040100100170,2017년 4월 1일 09시,토요일,충청남도 천안시 서북구 두정동,경상사고,0,0,1,0,차대사람 - 기타,안전운전불이행,건조,맑음,단일로 - 기타,승용,남,36세,상해없음,보행자,여,32세,경상
2017040100100204,2017년 4월 1일 11시,토요일,충청남도 천안시 서북구 불당동,경상사고,0,0,2,0,차대차 - 기타,안전운전불이행,건조,맑음,교차로 - 교차로부근,승용,남,40세,경상,승용,남,54세,경상
2017040100100205,2017년 4월 1일 11시,토요일,충청남도 천안시 서북구 성환읍,경상사고,0,0,2,0,차대차 - 추돌,안전운전불이행,건조,맑음,교차로 - 교차로부근,승용,여,59세,상해없음,승용,여,37세,경상
2017040100100261,2017년 4월 1일 13시,토요일,충청남도 천안시 서북구 쌍용동,경상사고,0,0,1,0,차대사람 - 길가장자리구역통행중,안전운전불이행,건조,맑음,단일로 - 기타,승용,여,45세,상해없음,보행자,남,31세,경상
2017040100100402,2017년 4월 1일 17시,토요일,충청남도 천안시 서북구 직산읍,경상사고,0,0,3,0,차대차 - 측면충돌,교차로운행방법위반,건조,맑음,교차로 - 교차로안,화물,남,58세,상해없음,승용,남,57세,경상
2017040200100032,2017년 4월 2일 00시,일요일,충청남도 천안시 서북구 성정동,경상사고,0,0,2,0,차대차 - 기타,안전운전불이행,건조,맑음,교차로 - 교차로안,승용,남,26세,상해없음,승용,남,65세,상해없음