사고번호,사고일시,요일,시군구,사고내용,사망자수,중상자수,경상자수,부상신고자수,사고유형,법규위반,노면상태,기상상태,도로형태,가해운전자 차종,가해운전자 성별,가해운전자 연령,가해운전자 상해정도,피해운전자 차종,피해운전자 성별,피해운전자 연령,피해운전자 상해정도
2017050900100513,2017년 5월 9일 21시,화요일,충청남도 천안시 동남구 신부동,경상사고,0,0,3,1,차대차 - 측면충돌,안전운전불이행,젖음/습기,비,단일로 - 기타,승용,남,39세,경상,승용,남,43세,상해없음
2017051000100040,2017년 5월 10일 03시,수요일,충청남도 천안시 서북구 성정동,경상사고,0,0,1,0,차대차 - 측면충돌,교차로운행방법위반,젖음/습기,맑음,교차로 - 교차로안,승용,남,40세,상해없음,승용,여,56세,경상
2017051000100053,2017년 5월 10일 05시,수요일,충청남도 천안시 동남구 원성동,경상사고,0,0,1,0,차대차 - 정면충돌,안전운전불이행,젖음/습기,비,교차로 - 교차로안,승용,남,42세,상해없음,승용,남,37세,경상
2017051000100105,2017년 5월 10일 08시,수요일,충청남도 천안시 서북구 성정동,중상사고,0,1,0,0,차대사람 - 횡단중,안전운전불이행,건조,맑음,교차로 - 교차로안,승용,남,25세,상해없음,보행자,여,29세,중상
2017051000100392,2017년 5월 10일 18시,수요일,충청남도 천안시 동남구 문화동,경상사고,0,0,1,0,차대사람 - 횡단중,안전운전불이행,건조,맑음,단일로 - 기타,승용,여,22세,상해없음,보행자,남,52세,경상
2017051000100501,2017년 5월 10일 22시,수요일,충청남도 천안시 서북구 성환읍,경상사고,0,0,1,0,차대차 - 측면충돌,안전운전불이행,건조,맑음,단일로 - 기타,화물,남,52세,상해없음,승용,여,55세,경상
2017051100100021,2017년 5월 11일 00시,목요일,충청남도 천안시 서북구 성정동,중상사고,0,1,0,0,차대차 - 측면충돌,안전운전불이행,건조,맑음,단일로 - 기타,승용,남,25세,상해없음,이륜,남,26세,중상
2017051100100229,2017년 5월 11일 11시,목요일,충청남도 천안시 동남구 광덕면,중상사고,0,1,2,0,차대차 - 추돌,안전운전불이행,건조,맑음,단일로 - 터널,승용,남,24세,경상,승용,남,34세,중상
2017051100100311,2017년 5월 11일 14시,목요일,충청남도 천안시 동남구 병천면,중상사고,0,1,0,0,차대사람 - 횡단중,안전운전불이행,건조,맑음,단일로 - 기타,화물,여,60세,상해없음,보행자,여,9세,중상
2017051100100365,2017년 5월 11일 16시,목요일,충청남도 천안시 서북구 쌍용동,경상사고,0,0,5,0,차대차 - 측면충돌,중앙선침범,건조,맑음,교차로 - 교차로부근,승용,여,48세,상해없음,승용,남,48세,경상
2017051100100472,2017년 5월 11일 19시,목요일,충청남도 천안시 서북구 성정동,중상사고,0,1,0,0,차대사람 - 기타,안전운전불이행,건조,맑음,교차로 - 교차로부근,화물,남,55세,상해없음,보행자,남,78세,중상
2017051100100473,2017년 5월 11일 19시,목요일,충청남도 천안시 동남구 안서동,경상사고,0,0,1,0,차대차 - 기타,안전운전불이행,건조,맑음,교차로 - 교차로안,농기계,남,67세,상해없음,승용,여,53세,경상
2017051100100506,2017년 5월 11일 20시,목요일,충청남도 천안시 서북구 불당동,중상사고,0,1,0,0,차대차 - 측면충돌,안전운전불이행,건조,맑음,단일로 - 기타,승합,남,42세,상해없음,이륜,남,22세,중상
2017051100100600,2017년 5월 11일 23시,목요일,충청남도 천안시 서북구 두정동,경상사고,0,0,1,0,차대사람 - 횡단중,안전운전불이행,건조,맑음,교차로 - 교차로부근,승용,남,31세,상해없음,보행자,남,23세,경상
2017051200100226,2017년 5월 12일 11시,금요일,충청남도 천안시 동남구 오룡동,경상사고,0,0,1,0,차대차 - 측면충돌,안전운전불이행,건조,맑음,교차로 - 교차로안,승용,여,40세,상해없음,승용,남,36세,경상
2017051200100316,2017년 5월 12일 14시,금요일,충청남도 천안시 서북구 불당동,중상사고,0,1,0,0,차대차 - 기타,안전운전불이행,건조,맑음,단일로 - 기타,이륜,남,29세,중상,승용,남,70세,상해없음
2017051200100414,2017년 5월 12일 17시,금요일,충청남도 천안시 동남구 오룡동,경상사고,0,0,1,1,차대차 - 측면충돌,안전거리미확보,건조,흐림,단일로 - 기타,이륜,남,52세,부상신고,승용,남,34세,경상
2017051200100493,2017년 5월 12일 19시,금요일,충청남도 천안시 동남구 신방동,경상사고,0,0,1,0,차대차 - 측면충돌,안전운전불이행,건조,맑음,단일로 - 기타,승용,남,36세,상해없음,승용,남,53세,경상
2017051200100555,2017년 5월 12일 21시,금요일,충청남도 천안시 서북구 입장면,중상사고,0,1,2,0,차대차 - 기타,과속,건조,맑음,단일로 - 기타,승용,남,21세,상해없음,승용,남,38세,중상
2017051300100055,2017년 5월 13일 01시,토요일,충청남도 천안시 동남구 원성동,경상사고,0,0,1,0,차대차 - 추돌,안전운전불이행,건조,맑음,교차로 - 교차로부근,승용,남,44세,상해없음,승용,남,34세,경상
2017051300100109,2017년 5월 13일 04시,토요일,충청남도 천안시 서북구 두정동,경상사고,0,0,1,0,차대사람 - 횡단중,안전운전불이행,건조,맑음,단일로 - 기타,승용,남,24세,상해없음,보행자,남,32세,경상
2017051300100130,2017년 5월 13일 06시,토요일,충청남도 천안시 서북구 입장면,중상사고,0,1,0,0,차대차 - 측면충돌,신호위반,건조,맑음,교차로 - 교차로안,승용,남,45세,상해없음,승용,남,64세,중상
2017051300100147,2017년 5월 13일 07시,토요일,충청남도 천안시 서북구 성거읍,경상사고,0,0,1,0,차대차 - 추돌,안전운전불이행,건조,맑음,단일로 - 기타,승용,남,28세,상해없음,승용,여,37세,경상
2017051300100231,2017년 5월 13일 10시,토요일,충청남도 천안시 동남구 풍세면,중상사고,0,1,0,0,차대사람 - 횡단중,안전운전불이행,건조,맑음,기타 - 기타,화물,남,28세,기타불명,보행자,남,50세,중상
2017051300100290,2017년 5월 13일 12시,토요일,충청남도 천안시 서북구 불당동,경상사고,0,0,1,0,차대차 - 기타,안전거리미확보,건조,맑음,교차로 - 교차로부근,승용,여,41세,상해없음,승용,남,59세,경상
2017051300100320,2017년 5월 13일 13시,토요일,충청남도 천안시 서북구 쌍용동,경상사고,0,0,1,0,차대차 - 기타,안전거리미확보,건조,맑음,단일로 - 기타,기타불명,기타불명,미분류,기타불명,승합,남,47세,상해없음
2017051300100323,2017년 5월 13일 13시,토요일,충청남도 천안시 동남구 수신면,경상사고,0,0,1,0,차대차 - 추돌,안전운전불이행,건조,맑음,단일로 - 기타,승용,여,28세,상해없음,승용,남,30세,경상
2017051300100563,2017년 5월 13일 20시,토요일,충청남도 천안시 서북구 성환읍,경상사고,0,0,1,0,차대차 - 추돌,안전운전불이행,건조,맑음,단일로 - 기타,승용,남,22세,경상,건설기계,남,51세,상해없음
2017051300100581,2017년 5월 13일 21시,토요일,충청남도 천안시 동남구 신방동,경상사고,0,0,2,0,차대차 - 추돌,안전운전불이행,건조,맑음,단일로 - 기타,화물,남,43세,상해없음,승용,남,57세,경상
2017051300100632,2017년 5월 13일 23시,토요일,충청남도 천안시 동남구 삼룡동,중상사고,0,1,0,0,차대차 - 추돌,안전운전불이행,건조,맑음,단일로 - 터널,승용,남,54세,중상,건설기계,남,32세,상해없음
2017051400100068,2017년 5월 14일 04시,일요일,충청남도 천안시 서북구 성정동,중상사고,0,1,0,0,차대사람 - 기타,과속,건조,맑음,단일로 - 기타,승용,남,26세,상해없음,보행자,남,59세,중상
2017051400100074,2017년 5월 14일 05시,일요일,충청남도 천안시 동남구 삼룡동,경상사고,0,0,1,0,차대차 - 측면충돌,신호위반,건조,맑음,교차로 - 교차로안,이륜,남,49세,경상,화물,남,63세,상해없음
2017051400100204,2017년 5월 14일 12시,일요일,충청남도 천안시 동남구 신방동,경상사고,0,0,1,0,차대차 - 측면충돌,교차로운행방법위반,건조,맑음,교차로 - 교차로안,승용,여,32세,상해없음,승용,남,40세,경상
2017051400100228,2017년 5월 14일 13시,일요일,충청남도 천안시 서북구 두정동,경상사고,0,0,1,0,차대차 - 측면충돌,안전운전불이행,건조,맑음,단일로 - 기타,이륜,남,25세,경상,승용,남,48세,상해없음
2017051400100229,2017년 5월 14일 13시,일요일,충청남도 천안시 동남구 청당동,경상사고,0,0,2,0,차대차 - 추돌,안전운전불이행,건조,맑음,단일로 - 기타,승용,남,40세,상해없음,승용,남,67세,경상
2017051400100351,2017년 5월 14일 17시,일요일,충청남도 천안시 서북구 성정동,경상사고,0,0,1,0,차대차 - 추돌,안전운전불이행,건조,맑음,단일로 - 기타,승용,남,21세,상해없음,승용,남,34세,경상
2017051400100352,2017년 5월 14일 17시,일요일,충청남도 천안시 서북구 성거읍,경상사고,0,0,1,0,차대차 - 추돌,안전운전불이행,건조,맑음,교차로 - 교차로부근,승용,여,54세,상해없음,승용,남,47세,경상
2017051400100433,2017년 5월 14일 20시,일요일,충청남도 천안시 서북구 성정동,중상사고,0,1,0,0,차대차 - 측면충돌,교차로운행방법위반,건조,맑음,교차로 - 교차로안,승용,여,36세,중상,승용,남,38세,상해없음
2017051500100078,2017년 5월 15일 06시,월요일,충청남도 천안시 동남구 성황동,중상사고,0,1,0,0,차대차 - 기타,기타,건조,맑음,단일로 - 기타,승합,남,49세,상해없음,이륜,남,48세,중상
2017051500100126,2017년 5월 15일 08시,월요일,충청남도 천안시 동남구 원성동,경상사고,0,0,1,0,차대사람 - 횡단중,안전운전불이행,건조,맑음,교차로 - 교차로안,화물,남,60세,상해없음,보행자,여,78세,경상
2017051500100164,2017년 5월 15일 09시,월요일,충청남도 천안시 동남구 신부동,경상사고,0,0,1,0,차대차 - 측면충돌,안전운전불이행,건조,맑음,단일로 - 기타,화물,남,61세,상해없음,승용,여,45세,경상
2017051500100207,2017년 5월 15일 10시,월요일,충청남도 천안시 동남구 구성동,중상사고,0,1,0,0,차대사람 - 횡단중,안전운전불이행,건조,맑음,단일로 - 기타,승용,남,57세,상해없음,보행자,여,80세,중상
2017051500100408,2017년 5월 15일 16시,월요일,충청남도 천안시 서북구 쌍용동,경상사고,0,0,1,0,차대차 - 기타,안전운전불이행,건조,맑음,단일로 - 기타,승합,남,43세,상해없음,승용,남,26세,경상
2017051500100452,2017년 5월 15일 17시,월요일,충청남도 천안시 동남구 유량동,중상사고,0,1,0,0,차대사람 - 길가장자리구역통행중,안전운전불이행,건조,맑음,단일로 - 기타,승용,여,41세,상해없음,보행자,남,67세,중상
2017051500100498,2017년 5월 15일 18시,월요일,충청남도 천안시 서북구 성정동,경상사고,0,0,1,0,차대차 - 기타,안전운전불이행,건조,맑음,단일로 - 기타,화물,남,47세,상해없음,승용,남,37세,경상
2017051500100531,2017년 5월 15일 19시,월요일,충청남도 천안시 서북구 불당동,경상사고,0,0,2,0,차대차 - 기타,안전운전불이행,건조,맑음,교차로 - 교차로안,승용,여,74세,기타불명,승용,여,31세,경상
2017051500100643,2017년 5월 15일 23시,월요일,충청남도 천안시 서북구 불당동,중상사고,0,1,0,0,차대차 - 기타,안전운전불이행,건조,맑음,단일로 - 기타,승용,남,52세,상해없음,기타불명,남,48세,중상
2017051600100024,2017년 5월 16일 00시,화요일,충청남도 천안시 서북구 성거읍,경상사고,0,0,1,0,차대차 - 추돌,안전운전불이행,건조,맑음,교차로 - 교차로부근,화물,남,54세,상해없음,승용,남,56세,경상
2017051600100049,2017년 5월 16일 02시,화요일,충청남도 천안시 서북구 두정동,중상사고,0,1,0,0,차대차 - 정면충돌,안전운전불이행,건조,맑음,교차로 - 교차로안,승용,남,35세,상해없음,이륜,남,48세,중상
2017051600100211,2017년 5월 16일 10시,화요일,충청남도 천안시 서북구 불당동,경상사고,0,0,1,0,차대사람 - 차도통행중,안전운전불이행,건조,맑음,단일로 - 기타,승용,남,59세,상해없음,보행자,남,29세,경상
2017051600100507,2017년 5월 16일 19시,화요일,충청남도 천안시 동남구 신부동,중상사고,0,1,0,0,차대차 - 측면충돌,안전운전불이행,건조,맑음,단일로 - 기타,승합,남,36세,상해없음,승용,여,33세,중상
2017051600100530,2017년 5월 16일 20시,화요일,충청남도 천안시 동남구 목천읍,중상사고,0,1,0,0,차대차 - 측면충돌,안전운전불이행,건조,맑음,교차로 - 교차로안,승용,남,27세,상해없음,이륜,남,17세,중상
2017051600100531,2017년 5월 16일 20시,화요일,충청남도 천안시 동남구 성남면,중상사고,0,1,0,0,차대차 - 추돌,안전운전불이행,건조,맑음,단일로 - 기타,승용,남,34세,상해없음,농기계,남,75세,중상
2017051600100573,2017년 5월 16일 22시,화요일,충청남도 천안시 서북구 쌍용동,경상사고,0,0,1,0,차대차 - 기타,교차로운행방법위반,건조,맑음,교차로 - 교차로안,승용,여,47세,상해없음,승용,남,27세,경상
2017051700100027,2017년 5월 17일 00시,수요일,충청남도 천안시 서북구 쌍용동,중상사고,0,1,0,0,차대차 - 추돌,안전운전불이행,건조,맑음,교차로 - 교차로부근,승용,남,55세,상해없음,이륜,남,25세,중상
2017051700100028,2017년 5월 17일 00시,수요일,충청남도 천안시 동남구 신방동,경상사고,0,0,1,0,차대차 - 측면충돌,신호위반,건조,맑음,교차로 - 교차로안,승용,남,24세,상해없음,이륜,남,58세,경상
2017051700100044,2017년 5월 17일 02시,수요일,충청남도 천안시 서북구 두정동,중상사고,0,1,0,0,차대차 - 기타,중앙선침범,건조,맑음,단일로 - 기타,승용,여,32세,상해없음,승용,여,37세,중상
2017051700100089,2017년 5월 17일 07시,수요일,충청남도 천안시 서북구 직산읍,중상사고,0,2,0,0,차대차 - 기타,직진우회전진행방해,건조,맑음,교차로 - 교차로안,승합,남,52세,상해없음,승용,여,36세,중상
2017051700100134,2017년 5월 17일 08시,수요일,충청남도 천안시 동남구 구성동,경상사고,0,0,1,0,차대차 - 기타,안전거리미확보,건조,맑음,단일로 - 기타,승용,여,57세,상해없음,이륜,남,30세,경상
2017051700100208,2017년 5월 17일 10시,수요일,충청남도 천안시 서북구 두정동,중상사고,0,1,1,0,차대차 - 측면충돌,안전운전불이행,건조,맑음,교차로 - 교차로부근,화물,남,60세,중상,승용,남,61세,경상
2017051700100210,2017년 5월 17일 10시,수요일,충청남도 천안시 동남구 병천면,경상사고,0,0,1,0,차대사람 - 횡단중,안전운전불이행,건조,맑음,교차로 - 교차로안,건설기계,남,55세,상해없음,보행자,여,73세,경상
2017051700100229,2017년 5월 17일 11시,수요일,충청남도 천안시 서북구 불당동,중상사고,0,1,0,0,차대차 - 측면충돌,교차로운행방법위반,건조,맑음,교차로 - 교차로안,승용,남,78세,상해없음,화물,남,64세,중상
2017051700100320,2017년 5월 17일 14시,수요일,충청남도 천안시 서북구 백석동,경상사고,0,0,1,0,차대차 - 측면충돌,신호위반,건조,맑음,교차로 - 교차로안,승용,남,40세,상해없음,특수,남,41세,경상
2017051700100546,2017년 5월 17일 20시,수요일,충청남도 천안시 동남구 동면,중상사고,0,2,0,0,차대차 - 측면충돌,교차로운행방법위반,건조,맑음,교차로 - 교차로안,승용,남,48세,상해없음,농기계,남,79세,중상
2017051700100618,2017년 5월 17일 23시,수요일,충청남도 천안시 서북구 쌍용동,경상사고,0,0,2,0,차대차 - 추돌,안전운전불이행,건조,맑음,교차로 - 교차로부근,승용,남,58세,상해없음,승용,남,29세,경상
2017051800100142,2017년 5월 18일 08시,목요일,충청남도 천안시 서북구 성환읍,경상사고,0,0,4,0,차대차 - 측면충돌,과속,건조,맑음,교차로 - 교차로안,승용,남,42세,경상,승용,남,54세,경상
2017051800100182,2017년 5월 18일 09시,목요일,충청남도 천안시 동남구 신방동,경상사고,0,0,1,0,차대차 - 측면충돌,안전운전불이행,건조,맑음,교차로 - 교차로안,승용,남,23세,상해없음,승용,여,35세,경상
2017051800100326,2017년 5월 18일 14시,목요일,충청남도 천안시 서북구 두정동,경상사고,0,0,3,0,차대차 - 기타,교차로운행방법위반,건조,맑음,교차로 - 교차로안,승용,여,45세,경상,승용,남,26세,경상
2017051800100433,2017년 5월 18일 17시,목요일,충청남도 천안시 동남구 신방동,경상사고,0,0,2,0,차대차 - 정면충돌,안전운전불이행,건조,맑음,교차로 - 교차로부근,승용,남,27세,상해없음,승용,여,32세,경상
2017051800100479,2017년 5월 18일 18시,목요일,충청남도 천안시 서북구 불당동,경상사고,0,0,1,0,차대차 - 측면충돌,안전운전불이행,건조,맑음,단일로 - 기타,승용,남,39세,상해없음,승용,남,49세,상해없음
2017051800100553,2017년 5월 18일 20시,목요일,충청남도 천안시 서북구 성거읍,경상사고,0,0,3,0,차대차 - 추돌,안전운전불이행,건조,맑음,단일로 - 기타,승용,남,33세,상해없음,승용,남,56세,경상
2017051800100587,2017년 5월 18일 21시,목요일,충청남도 천안시 동남구 용곡동,중상사고,0,1,0,0,차대차 - 측면충돌,불법유턴,건조,맑음,단일로 - 기타,자전거,남,53세,중상,승용,남,56세,상해없음
2017051800100626,2017년 5월 18일 22시,목요일,충청남도 천안시 동남구 성남면,경상사고,0,0,2,0,차대차 - 측면충돌,안전운전불이행,건조,맑음,단일로 - 기타,승용,남,48세,상해없음,승용,남,32세,경상
2017051900100047,2017년 5월 19일 01시,금요일,충청남도 천안시 서북구 성정동,중상사고,0,1,0,0,차대사람 - 횡단중,보행자보호의무위반,건조,맑음,단일로 - 기타,승용,남,24세,상해없음,보행자,여,25세,중상
2017051900100198,2017년 5월 19일 09시,금요일,충청남도 천안시 서북구 쌍용동,경상사고,0,0,2,0,차대차 - 기타,불법유턴,건조,맑음,교차로 - 교차로부근,승합,남,36세,상해없음,승용,여,39세,경상
2017051900100199,2017년 5월 19일 09시,금요일,충청남도 천안시 서북구 쌍용동,경상사고,0,0,1,0,차대차 - 기타,교차로운행방법위반,건조,맑음,교차로 - 교차로부근,화물,남,37세,상해없음,승용,여,66세,경상
2017051900100231,2017년 5월 19일 10시,금요일,충청남도 천안시 서북구 성정동,경상사고,0,0,1,0,차대차 - 기타,직진우회전진행방해,건조,맑음,교차로 - 교차로안,승용,여,52세,상해없음,자전거,남,79세,경상
2017051900100232,2017년 5월 19일 10시,금요일,충청남도 천안시 동남구 신부동,경상사고,0,0,1,0,차대사람 - 횡단중,안전운전불이행,건조,맑음,단일로 - 기타,승용,여,64세,상해없음,보행자,여,59세,경상
2017051900100343,2017년 5월 19일 13시,금요일,충청남도 천안시 동남구 광덕면,중상사고,0,1,0,0,차대차 - 추돌,안전운전불이행,건조,맑음,단일로 - 터널,화물,남,70세,상해없음,화물,남,41세,중상
2017051900100470,2017년 5월 19일 16시,금요일,충청남도 천안시 서북구 성정동,경상사고,0,0,1,0,차대차 - 추돌,안전운전불이행,건조,맑음,교차로 - 교차로부근,화물,남,53세,상해없음,승용,남,33세,경상
2017051900100508,2017년 5월 19일 17시,금요일,충청남도 천안시 동남구 신부동,경상사고,0,0,1,0,차대차 - 측면충돌,안전운전불이행,건조,맑음,단일로 - 기타,승용,남,60세,상해없음,승합,남,61세,상해없음
2017051900100542,2017년 5월 19일 18시,금요일,충청남도 천안시 동남구 원성동,중상사고,0,1,0,0,차대사람 - 횡단중,안전운전불이행,건조,맑음,단일로 - 기타,승용,남,35세,상해없음,보행자,남,40세,중상
2017051900100578,2017년 5월 19일 19시,금요일,충청남도 천안시 서북구 성정동,중상사고,0,1,0,0,차대차 - 정면충돌,중앙선침범,건조,맑음,교차로 - 교차로부근,이륜,남,23세,상해없음,이륜,남,28세,중상
2017051900100579,2017년 5월 19일 19시,금요일,충청남도 천안시 서북구 불당동,경상사고,0,0,1,0,차대차 - 기타,안전운전불이행,건조,맑음,단일로 - 기타,승용,여,46세,상해없음,승용,남,36세,경상
2017051900100580,2017년 5월 19일 19시,금요일,충청남도 천안시 서북구 쌍용동,경상사고,0,0,2,0,차대차 - 기타,교차로운행방법위반,건조,맑음,교차로 - 교차로안,승합,남,50세,상해없음,승용,여,38세,경상
2017051900100668,2017년 5월 19일 21시,금요일,충청남도 천안시 서북구 두정동,경상사고,0,0,2,0,차대차 - 기타,안전운전불이행,건조,맑음,교차로 - 교차로부근,승용,남,25세,상해없음,승용,남,23세,경상
2017051900100727,2017년 5월 19일 23시,금요일,충청남도 천안시 동남구 신부동,경상사고,0,0,1,0,차대차 - 추돌,과속,건조,맑음,단일로 - 기타,승용,남,22세,상해없음,승용,남,48세,경상
2017052000100054,2017년 5월 20일 01시,토요일,충청남도 천안시 서북구 쌍용동,중상사고,0,1,0,0,차대사람 - 기타,안전운전불이행,건조,맑음,주차장 - 주차장,승용,남,64세,상해없음,보행자,여,46세,중상
2017052000100123,2017년 5월 20일 06시,토요일,충청남도 천안시 서북구 성거읍,사망사고,1,2,1,0,차대차 - 정면충돌,직진우회전진행방해,건조,맑음,교차로 - 교차로안,승용,남,77세,경상,승용,남,61세,사망
2017052000100263,2017년 5월 20일 12시,토요일,충청남도 천안시 서북구 차암동,경상사고,0,0,1,0,차대차 - 기타,교차로운행방법위반,건조,맑음,교차로 - 교차로안,승용,남,57세,상해없음,승용,여,50세,경상
2017052000100444,2017년 5월 20일 17시,토요일,충청남도 천안시 동남구 목천읍,경상사고,0,0,2,0,차대차 - 추돌,안전운전불이행,건조,맑음,단일로 - 기타,승용,남,39세,상해없음,화물,남,52세,경상
2017052000100554,2017년 5월 20일 20시,토요일,충청남도 천안시 동남구 청수동,중상사고,0,1,0,0,차대사람 - 횡단중,안전운전불이행,건조,맑음,교차로 - 교차로안,승용,남,30세,상해없음,보행자,남,46세,중상
2017052000100555,2017년 5월 20일 20시,토요일,충청남도 천안시 동남구 원성동,경상사고,0,0,1,0,차대차 - 추돌,안전운전불이행,건조,맑음,단일로 - 기타,이륜,남,24세,경상,승용,남,38세,상해없음
2017052000100614,2017년 5월 20일 22시,토요일,충청남도 천안시 서북구 쌍용동,경상사고,0,0,1,0,차대차 - 측면충돌,신호위반,건조,맑음,교차로 - 교차로안,승용,남,59세,상해없음,승용,남,20세,경상
2017052000100615,2017년 5월 20일 22시,토요일,충청남도 천안시 서북구 직산읍,경상사고,0,0,1,0,차대사람 - 횡단중,안전운전불이행,건조,맑음,단일로 - 기타,승용,남,45세,상해없음,보행자,남,59세,경상
2017052100100120,2017년 5월 21일 07시,일요일,충청남도 천안시 서북구 입장면,경상사고,0,0,2,0,차대차 - 측면충돌,교차로운행방법위반,건조,맑음,교차로 - 교차로안,승용,남,68세,상해없음,승용,남,55세,경상
2017052100100355,2017년 5월 21일 16시,일요일,충청남도 천안시 서북구 성정동,경상사고,0,0,1,0,차대차 - 기타,안전운전불이행,건조,맑음,단일로 - 기타,승용,여,39세,상해없음,승용,여,23세,상해없음
2017052100100417,2017년 5월 21일 18시,일요일,충청남도 천안시 서북구 성환읍,중상사고,0,1,0,0,차대사람 - 횡단중,안전운전불이행,건조,맑음,기타 - 기타,승합,남,53세,상해없음,보행자,여,82세,중상
2017052100100464,2017년 5월 21일 20시,일요일,충청남도 천안시 동남구 신부동,경상사고,0,0,5,0,차대차 - 정면충돌,안전운전불이행,건조,맑음,단일로 - 기타,승용,남,20세,상해없음,승용,남,40세,경상
2017052100100534,2017년 5월 21일 23시,일요일,충청남도 천안시 서북구 성거읍,중상사고,0,3,4,0,차대차 - 기타,안전운전불이행,건조,맑음,단일로 - 기타,승용,남,25세,중상,승용,남,47세,경상
2017052200100243,2017년 5월 22일 11시,월요일,충청남도 천안시 서북구 입장면,경상사고,0,0,2,0,차대차 - 추돌,안전거리미확보,건조,맑음,단일로 - 기타,승용,남,54세,상해없음,승용,여,57세,경상
2017052200100309,2017년 5월 22일 13시,월요일,충청남도 천안시 동남구 원성동,경상사고,0,0,1,0,차대사람 - 횡단중,기타,건조,맑음,단일로 - 기타,승용,남,64세,상해없음,보행자,남,39세,경상
2017052200100461,2017년 5월 22일 17시,월요일,충청남도 천안시 동남구 신부동,경상사고,0,0,1,0,차대차 - 측면충돌,안전운전불이행,건조,맑음,단일로 - 기타,자전거,남,24세,경상,승합,남,57세,상해없음
2017052200100578,2017년 5월 22일 20시,월요일,충청남도 천안시 서북구 두정동,경상사고,0,0,1,0,차대사람 - 횡단중,안전운전불이행,건조,맑음,단일로 - 기타,승용,여,55세,상해없음,보행자,남,56세,경상
2017052200100646,2017년 5월 22일 23시,월요일,충청남도 천안시 동남구 청수동,중상사고,0,1,0,0,차대사람 - 횡단중,안전운전불이행,건조,맑음,단일로 - 기타,승용,남,50세,기타불명,보행자,여,29세,중상
2017052300100108,2017년 5월 23일 07시,화요일,충청남도 천안시 서북구 성정동,경상사고,0,0,1,0,차대차 - 기타,직진우회전진행방해,건조,맑음,교차로 - 교차로부근,승용,여,52세,상해없음,승용,남,48세,경상
2017052300100109,2017년 5월 23일 07시,화요일,충청남도 천안시 서북구 성정동,경상사고,0,0,1,0,차대차 - 측면충돌,교차로운행방법위반,건조,맑음,교차로 - 교차로안,승용,남,28세,상해없음,승용,남,39세,경상
2017052300100243,2017년 5월 23일 11시,화요일,충청남도 천안시 동남구 광덕면,경상사고,0,0,3,0,차대차 - 측면충돌,안전운전불이행,건조,맑음,교차로 - 교차로부근,화물,남,35세,상해없음,건설기계,남,49세,상해없음
2017052300100265,2017년 5월 23일 12시,화요일,충청남도 천안시 서북구 쌍용동,경상사고,0,0,1,1,차대차 - 측면충돌,안전운전불이행,건조,맑음,교차로 - 교차로부근,이륜,남,18세,부상신고,승용,남,25세,경상
2017052300100329,2017년 5월 23일 14시,화요일,충청남도 천안시 동남구 목천읍,중상사고,0,1,1,0,차대차 - 기타,안전운전불이행,건조,맑음,단일로 - 기타,승용,남,48세,상해없음,화물,남,57세,경상
2017052300100551,2017년 5월 23일 20시,화요일,충청남도 천안시 동남구 목천읍,중상사고,0,1,0,0,차대차 - 측면충돌,신호위반,건조,맑음,교차로 - 교차로안,이륜,남,22세,중상,화물,남,42세,상해없음
2017052300100552,2017년 5월 23일 20시,화요일,충청남도 천안시 동남구 신부동,경상사고,0,0,1,0,차대사람 - 횡단중,안전운전불이행,건조,맑음,단일로 - 기타,기타불명,기타불명,미분류,기타불명,보행자,여,14세,경상
2017052400100065,2017년 5월 24일 02시,수요일,충청남도 천안시 서북구 성거읍,경상사고,0,0,3,0,차대차 - 추돌,안전운전불이행,젖음/습기,비,단일로 - 기타,승용,남,31세,상해없음,화물,남,48세,경상
2017052400100180,2017년 5월 24일 09시,수요일,충청남도 천안시 서북구 부대동,경상사고,0,0,2,0,차대차 - 기타,안전운전불이행,건조,맑음,단일로 - 기타,화물,남,50세,상해없음,화물,남,45세,상해없음
2017052400100215,2017년 5월 24일 10시,수요일,충청남도 천안시 동남구 대흥동,경상사고,0,0,1,0,차대사람 - 횡단중,보행자보호의무위반,젖음/습기,맑음,교차로 - 교차로횡단보도내,승용,여,53세,상해없음,보행자,여,19세,경상
2017052400100302,2017년 5월 24일 13시,수요일,충청남도 천안시 동남구 삼룡동,경상사고,0,0,1,0,차대차 - 측면충돌,신호위반,건조,맑음,교차로 - 교차로안,화물,남,75세,경상,화물,남,40세,상해없음
2017052400100446,2017년 5월 24일 17시,수요일,충청남도 천안시 서북구 성정동,경상사고,0,0,1,0,차대차 - 정면충돌,안전운전불이행,건조,맑음,교차로 - 교차로안,화물,남,52세,기타불명,자전거,남,15세,경상
2017052400100447,2017년 5월 24일 17시,수요일,충청남도 천안시 서북구 성환읍,중상사고,0,1,0,0,차대사람 - 횡단중,안전운전불이행,건조,맑음,단일로 - 기타,승합,남,53세,상해없음,보행자,남,8세,중상
2017052400100494,2017년 5월 24일 18시,수요일,충청남도 천안시 동남구 문화동,경상사고,0,0,2,0,차대차 - 측면충돌,직진우회전진행방해,건조,맑음,교차로 - 교차로안,승용,남,59세,상해없음,승용,남,43세,경상
2017052400100524,2017년 5월 24일 19시,수요일,충청남도 천안시 서북구 백석동,중상사고,0,1,0,0,차대차 - 기타,안전운전불이행,건조,맑음,단일로 - 기타,승용,남,44세,상해없음,이륜,남,29세,중상