사고번호,사고일시,요일,시군구,사고내용,사망자수,중상자수,경상자수,부상신고자수,사고유형,법규위반,노면상태,기상상태,도로형태,가해운전자 차종,가해운전자 성별,가해운전자 연령,가해운전자 상해정도,피해운전자 차종,피해운전자 성별,피해운전자 연령,피해운전자 상해정도
2017052500100030,2017년 5월 25일 00시,목요일,충청남도 천안시 서북구 입장면,경상사고,0,0,1,0,차대차 - 기타,신호위반,건조,맑음,교차로 - 교차로안,승용,남,32세,상해없음,승용,남,32세,경상
2017052500100031,2017년 5월 25일 00시,목요일,충청남도 천안시 서북구 두정동,중상사고,0,2,0,0,차대차 - 추돌,안전운전불이행,건조,맑음,교차로 - 교차로부근,승용,남,31세,기타불명,승용,남,30세,중상
2017052500100076,2017년 5월 25일 05시,목요일,충청남도 천안시 서북구 백석동,경상사고,0,0,3,0,차대차 - 측면충돌,안전운전불이행,건조,맑음,교차로 - 교차로안,승용,남,59세,경상,승용,남,58세,경상
2017052500100140,2017년 5월 25일 08시,목요일,충청남도 천안시 서북구 불당동,경상사고,0,0,1,0,차대사람 - 기타,안전운전불이행,건조,맑음,기타 - 기타,화물,남,61세,기타불명,보행자,남,47세,경상
2017052500100185,2017년 5월 25일 09시,목요일,충청남도 천안시 동남구 성황동,중상사고,0,1,0,0,차대차 - 측면충돌,안전운전불이행,건조,맑음,교차로 - 교차로안,승용,남,65세,상해없음,이륜,남,76세,중상
2017052500100310,2017년 5월 25일 13시,목요일,충청남도 천안시 서북구 불당동,경상사고,0,0,1,0,차대차 - 기타,직진우회전진행방해,건조,맑음,교차로 - 교차로안,화물,남,37세,상해없음,승용,여,56세,경상
2017052500100340,2017년 5월 25일 14시,목요일,충청남도 천안시 동남구 목천읍,중상사고,0,1,0,0,차대사람 - 횡단중,안전운전불이행,건조,맑음,기타 - 기타,화물,남,41세,상해없음,보행자,남,90세 이상,중상
2017052500100452,2017년 5월 25일 17시,목요일,충청남도 천안시 동남구 풍세면,경상사고,0,0,1,0,차대차 - 기타,중앙선침범,건조,맑음,단일로 - 기타,승용,여,36세,상해없음,승용,여,54세,경상
2017052500100496,2017년 5월 25일 18시,목요일,충청남도 천안시 서북구 두정동,중상사고,0,1,0,0,차대사람 - 횡단중,안전운전불이행,건조,맑음,단일로 - 기타,승용,남,39세,상해없음,보행자,남,3세,중상
2017052500100558,2017년 5월 25일 20시,목요일,충청남도 천안시 서북구 성환읍,경상사고,0,0,2,0,차대차 - 측면충돌,안전운전불이행,건조,맑음,단일로 - 기타,승용,남,44세,상해없음,농기계,남,53세,경상
2017052500100581,2017년 5월 25일 21시,목요일,충청남도 천안시 서북구 백석동,경상사고,0,0,1,0,차대차 - 추돌,안전운전불이행,건조,맑음,교차로 - 교차로부근,승용,남,39세,상해없음,승용,남,30세,경상
2017052500100582,2017년 5월 25일 21시,목요일,충청남도 천안시 서북구 성정동,경상사고,0,0,1,0,차대차 - 기타,직진우회전진행방해,건조,맑음,교차로 - 교차로안,승합,남,50세,상해없음,이륜,남,55세,경상
2017052500100630,2017년 5월 25일 23시,목요일,충청남도 천안시 동남구 신부동,경상사고,0,0,2,0,차대차 - 추돌,안전운전불이행,건조,맑음,단일로 - 기타,승용,남,54세,상해없음,승용,남,45세,경상
2017052600100119,2017년 5월 26일 07시,금요일,충청남도 천안시 동남구 원성동,중상사고,0,1,0,0,차대차 - 측면충돌,안전운전불이행,건조,맑음,단일로 - 기타,승용,남,38세,상해없음,이륜,남,72세,중상
2017052600100214,2017년 5월 26일 09시,금요일,충청남도 천안시 서북구 쌍용동,중상사고,0,1,1,0,차대차 - 측면충돌,신호위반,건조,맑음,교차로 - 교차로안,승용,남,68세,상해없음,승용,여,60세,경상
2017052600100215,2017년 5월 26일 09시,금요일,충청남도 천안시 서북구 불당동,경상사고,0,0,1,0,차량단독 - 전도전복 - 전도,안전운전불이행,건조,맑음,교차로 - 교차로안,승용,남,64세,상해없음,,,,
2017052600100216,2017년 5월 26일 09시,금요일,충청남도 천안시 서북구 쌍용동,경상사고,0,0,3,0,차대차 - 기타,안전운전불이행,건조,맑음,교차로 - 교차로부근,승용,여,40세,상해없음,승용,남,49세,경상
2017052600100218,2017년 5월 26일 09시,금요일,충청남도 천안시 동남구 목천읍,경상사고,0,0,1,0,차대차 - 기타,안전거리미확보,건조,맑음,단일로 - 기타,화물,남,34세,상해없음,승용,남,52세,경상
2017052600100251,2017년 5월 26일 10시,금요일,충청남도 천안시 동남구 목천읍,경상사고,0,0,1,0,차대차 - 측면충돌,안전운전불이행,건조,맑음,단일로 - 기타,승용,남,22세,기타불명,화물,남,51세,경상
2017052600100322,2017년 5월 26일 12시,금요일,충청남도 천안시 동남구 안서동,중상사고,0,6,0,0,차대사람 - 횡단중,안전운전불이행,건조,맑음,단일로 - 기타,승용,여,63세,중상,보행자,여,80세,중상
2017052600100732,2017년 5월 26일 23시,금요일,충청남도 천안시 동남구 수신면,중상사고,0,1,0,0,차대차 - 기타,안전운전불이행,건조,맑음,단일로 - 기타,승용,여,25세,상해없음,승용,남,28세,중상
2017052700100057,2017년 5월 27일 01시,토요일,충청남도 천안시 서북구 불당동,중상사고,0,1,1,0,차대차 - 기타,안전운전불이행,건조,맑음,교차로 - 교차로안,승용,남,59세,상해없음,승용,남,59세,경상
2017052700100472,2017년 5월 27일 16시,토요일,충청남도 천안시 서북구 쌍용동,경상사고,0,0,1,0,차대차 - 기타,중앙선침범,건조,맑음,단일로 - 기타,승용,남,61세,상해없음,이륜,남,19세,경상
2017052700100473,2017년 5월 27일 16시,토요일,충청남도 천안시 동남구 광덕면,경상사고,0,0,1,0,차대차 - 측면충돌,안전운전불이행,건조,맑음,단일로 - 기타,승용,남,46세,상해없음,화물,남,58세,경상
2017052700100510,2017년 5월 27일 17시,토요일,충청남도 천안시 동남구 다가동,경상사고,0,0,1,0,차대사람 - 횡단중,안전운전불이행,건조,맑음,단일로 - 기타,승용,남,41세,상해없음,보행자,남,60세,경상
2017052700100641,2017년 5월 27일 21시,토요일,충청남도 천안시 서북구 성정동,경상사고,0,0,1,0,차대차 - 측면충돌,교차로운행방법위반,건조,맑음,교차로 - 교차로안,승용,남,22세,상해없음,승용,남,44세,경상
2017052800100073,2017년 5월 28일 04시,일요일,충청남도 천안시 서북구 성정동,경상사고,0,0,1,0,차대차 - 추돌,안전운전불이행,건조,맑음,단일로 - 기타,승용,남,21세,상해없음,승용,남,54세,상해없음
2017052800100088,2017년 5월 28일 05시,일요일,충청남도 천안시 동남구 봉명동,중상사고,0,1,0,0,차대차 - 측면충돌,안전운전불이행,건조,맑음,교차로 - 교차로안,승용,남,22세,상해없음,승용,남,38세,중상
2017052800100269,2017년 5월 28일 14시,일요일,충청남도 천안시 서북구 백석동,경상사고,0,0,4,0,차대차 - 추돌,안전거리미확보,건조,맑음,단일로 - 기타,승용,여,50세,상해없음,승용,남,46세,경상
2017052800100270,2017년 5월 28일 14시,일요일,충청남도 천안시 동남구 신부동,경상사고,0,0,1,0,차대사람 - 길가장자리구역통행중,안전운전불이행,건조,맑음,단일로 - 기타,승용,남,28세,기타불명,보행자,남,23세,경상
2017052800100322,2017년 5월 28일 16시,일요일,충청남도 천안시 서북구 부대동,경상사고,0,0,2,0,차대차 - 기타,안전운전불이행,건조,맑음,교차로 - 교차로안,승용,남,33세,경상,승용,남,37세,상해없음
2017052900100588,2017년 5월 29일 22시,월요일,충청남도 천안시 동남구 원성동,사망사고,1,0,0,0,차대사람 - 횡단중,안전운전불이행,건조,맑음,교차로 - 교차로안,승용,남,25세,상해없음,보행자,남,65세,사망
2017053000100043,2017년 5월 30일 02시,화요일,충청남도 천안시 서북구 두정동,경상사고,0,0,1,0,차대차 - 측면충돌,신호위반,건조,맑음,교차로 - 교차로안,승용,남,33세,상해없음,승용,남,22세,상해없음
2017053000100098,2017년 5월 30일 07시,화요일,충청남도 천안시 동남구 풍세면,중상사고,0,3,0,0,차대차 - 측면충돌,안전운전불이행,건조,맑음,교차로 - 교차로안,화물,남,43세,상해없음,승용,여,24세,중상
2017053000100263,2017년 5월 30일 12시,화요일,충청남도 천안시 서북구 쌍용동,중상사고,0,1,0,0,차량단독 - 기타,안전운전불이행,건조,맑음,단일로 - 기타,승합,남,57세,상해없음,,,,
2017053000100290,2017년 5월 30일 13시,화요일,충청남도 천안시 서북구 성정동,경상사고,0,0,1,0,차대차 - 기타,직진우회전진행방해,건조,맑음,교차로 - 교차로안,승용,남,33세,상해없음,이륜,남,30세,경상
2017053000100291,2017년 5월 30일 13시,화요일,충청남도 천안시 동남구 유량동,경상사고,0,0,1,0,차대차 - 측면충돌,직진우회전진행방해,건조,맑음,교차로 - 교차로안,승용,남,37세,상해없음,이륜,여,71세,경상
2017053000100485,2017년 5월 30일 19시,화요일,충청남도 천안시 서북구 불당동,경상사고,0,0,1,0,차대차 - 추돌,안전운전불이행,건조,맑음,단일로 - 기타,승용,남,67세,상해없음,승용,여,26세,경상
2017053100100050,2017년 5월 31일 03시,수요일,충청남도 천안시 서북구 쌍용동,경상사고,0,0,1,0,차대차 - 추돌,안전운전불이행,건조,맑음,교차로 - 교차로안,승용,남,31세,기타불명,화물,남,50세,경상
2017053100100095,2017년 5월 31일 07시,수요일,충청남도 천안시 서북구 백석동,경상사고,0,0,1,0,차대차 - 기타,안전운전불이행,건조,맑음,교차로 - 교차로안,승용,남,70세,상해없음,승용,여,51세,경상
2017053100100129,2017년 5월 31일 08시,수요일,충청남도 천안시 서북구 백석동,경상사고,0,0,1,0,차대차 - 정면충돌,안전운전불이행,건조,맑음,교차로 - 교차로부근,승용,남,35세,상해없음,화물,남,60세,경상
2017053100100191,2017년 5월 31일 10시,수요일,충청남도 천안시 동남구 풍세면,경상사고,0,0,3,0,차대차 - 측면충돌,안전운전불이행,건조,맑음,단일로 - 기타,화물,남,53세,경상,승용,여,25세,경상
2017053100100366,2017년 5월 31일 16시,수요일,충청남도 천안시 동남구 봉명동,중상사고,0,1,0,0,차대차 - 추돌,안전운전불이행,젖음/습기,비,단일로 - 기타,자전거,남,12세,중상,승용,여,44세,상해없음
2017053100100438,2017년 5월 31일 18시,수요일,충청남도 천안시 서북구 성정동,경상사고,0,0,1,0,차대차 - 측면충돌,안전운전불이행,건조,맑음,교차로 - 교차로횡단보도내,승용,여,28세,상해없음,개인형이동수단(PM),남,26세,경상
2017053100100439,2017년 5월 31일 18시,수요일,충청남도 천안시 서북구 불당동,경상사고,0,0,1,0,차대차 - 측면충돌,안전거리미확보,건조,맑음,단일로 - 기타,승용,여,29세,상해없음,승용,여,63세,경상
2017053100100533,2017년 5월 31일 21시,수요일,충청남도 천안시 서북구 백석동,경상사고,0,0,1,0,차대차 - 추돌,안전운전불이행,건조,맑음,교차로 - 교차로부근,기타불명,기타불명,미분류,기타불명,승용,여,24세,경상
2017060100100028,2017년 6월 1일 00시,목요일,충청남도 천안시 서북구 쌍용동,경상사고,0,0,1,0,차대차 - 기타,신호위반,건조,맑음,교차로 - 교차로부근,기타불명,기타불명,미분류,기타불명,승용,남,45세,상해없음
2017060100100276,2017년 6월 1일 13시,목요일,충청남도 천안시 서북구 백석동,경상사고,0,0,1,0,차대차 - 기타,안전운전불이행,건조,맑음,단일로 - 기타,승용,남,60세,상해없음,승용,여,49세,기타불명
2017060100100341,2017년 6월 1일 15시,목요일,충청남도 천안시 서북구 백석동,중상사고,0,1,0,0,차대사람 - 횡단중,보행자보호의무위반,건조,맑음,교차로 - 교차로횡단보도내,승용,남,63세,상해없음,보행자,남,44세,중상
2017060100100374,2017년 6월 1일 16시,목요일,충청남도 천안시 서북구 쌍용동,경상사고,0,0,1,1,차대차 - 기타,안전운전불이행,건조,맑음,교차로 - 교차로안,승용,여,39세,부상신고,승용,여,31세,경상
2017060100100476,2017년 6월 1일 18시,목요일,충청남도 천안시 서북구 성정동,중상사고,0,1,0,0,차대차 - 기타,안전운전불이행,건조,맑음,교차로 - 교차로안,승합,남,62세,상해없음,이륜,남,37세,중상
2017060100100516,2017년 6월 1일 19시,목요일,충청남도 천안시 동남구 신방동,경상사고,0,0,1,0,차대차 - 기타,안전운전불이행,건조,맑음,교차로 - 교차로안,승용,남,37세,상해없음,승용,남,19세,경상
2017060100100566,2017년 6월 1일 21시,목요일,충청남도 천안시 동남구 성남면,사망사고,1,1,0,0,차대차 - 측면충돌,중앙선침범,건조,맑음,단일로 - 기타,승용,남,31세,사망,승용,남,26세,중상
2017060200100108,2017년 6월 2일 06시,금요일,충청남도 천안시 서북구 불당동,중상사고,0,1,0,0,차대차 - 측면충돌,안전운전불이행,건조,맑음,단일로 - 기타,승용,남,55세,상해없음,자전거,남,31세,중상
2017060200100109,2017년 6월 2일 06시,금요일,충청남도 천안시 동남구 청수동,경상사고,0,0,1,0,차대사람 - 횡단중,신호위반,건조,맑음,교차로 - 교차로부근,승용,남,62세,상해없음,보행자,여,48세,경상
2017060200100130,2017년 6월 2일 07시,금요일,충청남도 천안시 서북구 두정동,중상사고,0,1,1,1,차대차 - 측면충돌,신호위반,건조,맑음,교차로 - 교차로부근,이륜,남,17세,경상,승용,남,60세,상해없음
2017060200100177,2017년 6월 2일 08시,금요일,충청남도 천안시 서북구 성성동,중상사고,0,1,1,0,차대차 - 측면충돌,안전거리미확보,건조,맑음,기타 - 기타,승용,남,27세,중상,승용,남,26세,경상
2017060200100247,2017년 6월 2일 10시,금요일,충청남도 천안시 서북구 성거읍,중상사고,0,1,1,0,차대차 - 기타,안전운전불이행,건조,맑음,단일로 - 기타,승용,남,56세,상해없음,승용,남,36세,중상
2017060200100273,2017년 6월 2일 11시,금요일,충청남도 천안시 동남구 신방동,경상사고,0,0,2,0,차대차 - 측면충돌,안전운전불이행,건조,맑음,교차로 - 교차로안,승용,여,63세,상해없음,화물,남,42세,경상
2017060200100315,2017년 6월 2일 13시,금요일,충청남도 천안시 동남구 청수동,중상사고,0,1,0,0,차대차 - 정면충돌,중앙선침범,건조,맑음,단일로 - 기타,승용,남,24세,상해없음,승용,남,43세,중상
2017060200100418,2017년 6월 2일 16시,금요일,충청남도 천안시 서북구 쌍용동,경상사고,0,0,2,0,차대차 - 기타,안전운전불이행,건조,맑음,교차로 - 교차로부근,화물,남,49세,상해없음,승합,남,22세,경상
2017060200100587,2017년 6월 2일 20시,금요일,충청남도 천안시 서북구 백석동,중상사고,0,2,0,0,차대차 - 기타,안전운전불이행,건조,맑음,단일로 - 기타,승용,여,42세,중상,승용,남,50세,중상
2017060200100615,2017년 6월 2일 21시,금요일,충청남도 천안시 서북구 쌍용동,경상사고,0,0,2,0,차대차 - 추돌,안전운전불이행,건조,맑음,단일로 - 기타,원동기,남,17세,상해없음,승용,여,42세,경상
2017060300100104,2017년 6월 3일 05시,토요일,충청남도 천안시 서북구 와촌동,사망사고,1,0,2,0,차대차 - 측면충돌,신호위반,건조,맑음,교차로 - 교차로안,승용,남,63세,상해없음,승용,여,56세,경상
2017060300100154,2017년 6월 3일 08시,토요일,충청남도 천안시 동남구 다가동,사망사고,1,0,0,0,차대사람 - 횡단중,안전운전불이행,건조,맑음,단일로 - 기타,승용,여,50세,기타불명,보행자,여,55세,사망
2017060300100178,2017년 6월 3일 09시,토요일,충청남도 천안시 서북구 성정동,중상사고,0,1,0,0,차대차 - 측면충돌,안전거리미확보,건조,맑음,단일로 - 기타,승용,여,44세,상해없음,이륜,남,23세,중상
2017060300100179,2017년 6월 3일 09시,토요일,충청남도 천안시 서북구 쌍용동,경상사고,0,0,2,0,차대차 - 추돌,안전운전불이행,건조,맑음,교차로 - 교차로부근,승용,남,47세,상해없음,승용,남,47세,경상
2017060300100180,2017년 6월 3일 09시,토요일,충청남도 천안시 서북구 백석동,경상사고,0,0,1,0,차대사람 - 횡단중,안전운전불이행,건조,맑음,단일로 - 기타,승용,남,55세,상해없음,보행자,여,18세,경상
2017060300100429,2017년 6월 3일 16시,토요일,충청남도 천안시 서북구 쌍용동,경상사고,0,0,1,0,차대차 - 기타,신호위반,건조,맑음,교차로 - 교차로안,승용,남,24세,상해없음,화물,남,44세,경상
2017060300100478,2017년 6월 3일 17시,토요일,충청남도 천안시 서북구 성정동,중상사고,0,1,1,0,차대차 - 기타,안전운전불이행,건조,맑음,단일로 - 기타,이륜,남,42세,경상,이륜,남,65세,중상
2017060300100479,2017년 6월 3일 17시,토요일,충청남도 천안시 서북구 백석동,경상사고,0,0,1,0,차대차 - 기타,안전거리미확보,건조,맑음,단일로 - 기타,승용,남,29세,상해없음,승용,남,29세,경상
2017060300100480,2017년 6월 3일 17시,토요일,충청남도 천안시 동남구 삼룡동,경상사고,0,0,4,0,차대차 - 추돌,중앙선침범,건조,맑음,단일로 - 기타,승용,여,44세,상해없음,승용,남,31세,경상
2017060300100646,2017년 6월 3일 22시,토요일,충청남도 천안시 서북구 성정동,경상사고,0,0,2,0,차대차 - 측면충돌,안전운전불이행,건조,맑음,단일로 - 기타,승용,남,60세,상해없음,승용,남,46세,경상
2017060400100085,2017년 6월 4일 05시,일요일,충청남도 천안시 서북구 두정동,경상사고,0,0,3,0,차대차 - 기타,신호위반,건조,맑음,교차로 - 교차로안,승용,남,21세,상해없음,승용,남,52세,상해없음
2017060400100086,2017년 6월 4일 05시,일요일,충청남도 천안시 서북구 두정동,중상사고,0,2,1,0,차대차 - 기타,교차로운행방법위반,건조,맑음,교차로 - 교차로안,승용,남,25세,상해없음,승용,남,30세,중상
2017060400100093,2017년 6월 4일 06시,일요일,충청남도 천안시 서북구 두정동,경상사고,0,0,1,0,차대차 - 기타,안전운전불이행,건조,맑음,단일로 - 기타,승용,남,25세,상해없음,승용,여,52세,경상
2017060400100305,2017년 6월 4일 15시,일요일,충청남도 천안시 동남구 다가동,경상사고,0,0,1,0,차대차 - 정면충돌,신호위반,건조,맑음,단일로 - 기타,승용,여,45세,상해없음,승용,남,56세,경상
2017060400100334,2017년 6월 4일 16시,일요일,충청남도 천안시 동남구 신부동,경상사고,0,0,2,0,차대차 - 추돌,안전거리미확보,건조,맑음,단일로 - 기타,승용,남,27세,상해없음,승용,여,40세,경상
2017060500100024,2017년 6월 5일 00시,월요일,충청남도 천안시 동남구 원성동,경상사고,0,0,3,0,차대차 - 측면충돌,신호위반,건조,맑음,교차로 - 교차로안,승용,남,57세,상해없음,승용,남,21세,경상
2017060500100038,2017년 6월 5일 01시,월요일,충청남도 천안시 서북구 성정동,경상사고,0,0,1,0,차대차 - 추돌,안전운전불이행,건조,맑음,교차로 - 교차로부근,승용,남,34세,상해없음,승용,남,43세,경상
2017060500100189,2017년 6월 5일 10시,월요일,충청남도 천안시 서북구 성환읍,경상사고,0,0,1,0,차대차 - 기타,안전운전불이행,건조,맑음,단일로 - 기타,승용,남,40세,상해없음,자전거,남,85세,경상
2017060500100192,2017년 6월 5일 10시,월요일,충청남도 천안시 동남구 구성동,경상사고,0,0,1,0,차대차 - 측면충돌,안전운전불이행,건조,맑음,단일로 - 기타,승합,남,56세,상해없음,승용,남,39세,경상
2017060500100386,2017년 6월 5일 16시,월요일,충청남도 천안시 동남구 광덕면,중상사고,0,1,1,0,차대차 - 추돌,안전운전불이행,건조,맑음,단일로 - 터널,승용,남,48세,경상,승용,남,62세,중상
2017060500100474,2017년 6월 5일 18시,월요일,충청남도 천안시 서북구 성성동,경상사고,0,0,1,0,차대차 - 추돌,안전운전불이행,건조,맑음,단일로 - 기타,승용,기타불명,미분류,기타불명,승용,여,52세,경상
2017060500100557,2017년 6월 5일 20시,월요일,충청남도 천안시 동남구 문화동,경상사고,0,0,1,0,차대차 - 측면충돌,안전운전불이행,건조,맑음,교차로 - 교차로부근,화물,남,62세,상해없음,화물,남,27세,경상
2017060500100612,2017년 6월 5일 22시,월요일,충청남도 천안시 서북구 차암동,경상사고,0,0,1,0,차대차 - 기타,안전운전불이행,건조,맑음,교차로 - 교차로부근,승용,남,53세,상해없음,원동기,남,31세,경상
2017060600100056,2017년 6월 6일 03시,화요일,충청남도 천안시 동남구 봉명동,중상사고,0,1,0,0,차대차 - 측면충돌,안전운전불이행,건조,맑음,교차로 - 교차로횡단보도내,승용,남,19세,상해없음,승용,남,23세,중상
2017060600100074,2017년 6월 6일 05시,화요일,충청남도 천안시 동남구 목천읍,경상사고,0,0,1,0,차량단독 - 전도전복,안전운전불이행,건조,맑음,교차로 - 교차로부근,승용,여,40세,경상,미분류,미분류,미분류,미분류
2017060600100109,2017년 6월 6일 08시,화요일,충청남도 천안시 동남구 원성동,중상사고,0,1,0,0,차대사람 - 횡단중,안전운전불이행,건조,맑음,단일로 - 기타,승용,남,73세,상해없음,보행자,여,88세,중상
2017060600100166,2017년 6월 6일 11시,화요일,충청남도 천안시 서북구 성정동,경상사고,0,0,1,0,차대차 - 기타,안전거리미확보,건조,맑음,교차로 - 교차로부근,기타불명,기타불명,미분류,기타불명,승합,남,48세,상해없음
2017060600100167,2017년 6월 6일 11시,화요일,충청남도 천안시 동남구 유량동,중상사고,0,1,0,0,차대차 - 측면충돌,안전운전불이행,건조,맑음,단일로 - 기타,승용,남,62세,상해없음,자전거,남,70세,중상
2017060600100220,2017년 6월 6일 13시,화요일,충청남도 천안시 동남구 북면,경상사고,0,0,1,0,차대차 - 기타,안전운전불이행,건조,맑음,단일로 - 기타,승용,남,27세,상해없음,승용,남,66세,상해없음
2017060600100255,2017년 6월 6일 14시,화요일,충청남도 천안시 동남구 용곡동,경상사고,0,0,2,0,차대차 - 측면충돌,신호위반,건조,맑음,교차로 - 교차로안,승용,남,84세,경상,승용,남,35세,경상
2017060600100379,2017년 6월 6일 18시,화요일,충청남도 천안시 동남구 봉명동,경상사고,0,0,2,0,차대차 - 측면충돌,안전거리미확보,건조,맑음,단일로 - 기타,승용,여,37세,상해없음,승용,남,24세,경상
2017060600100449,2017년 6월 6일 20시,화요일,충청남도 천안시 동남구 용곡동,경상사고,0,0,1,0,차대차 - 측면충돌,직진우회전진행방해,젖음/습기,비,교차로 - 교차로안,화물,남,65세,기타불명,화물,남,64세,경상
2017060700100022,2017년 6월 7일 00시,수요일,충청남도 천안시 동남구 신부동,중상사고,0,1,0,0,차대차 - 측면충돌,중앙선침범,젖음/습기,비,단일로 - 기타,승용,남,25세,상해없음,이륜,남,33세,중상
2017060700100051,2017년 6월 7일 02시,수요일,충청남도 천안시 서북구 쌍용동,사망사고,1,0,0,0,차대차 - 기타,안전운전불이행,젖음/습기,비,단일로 - 기타,승용,남,27세,상해없음,이륜,남,18세,사망
2017060700100233,2017년 6월 7일 11시,수요일,충청남도 천안시 동남구 신부동,중상사고,0,1,0,0,차대사람 - 횡단중,안전운전불이행,젖음/습기,맑음,교차로 - 교차로안,승용,여,39세,기타불명,보행자,남,49세,중상
2017060700100293,2017년 6월 7일 13시,수요일,충청남도 천안시 서북구 성정동,경상사고,0,0,1,0,차대사람 - 기타,안전운전불이행,젖음/습기,비,단일로 - 기타,승용,여,48세,상해없음,보행자,남,35세,경상
2017060700100413,2017년 6월 7일 17시,수요일,충청남도 천안시 서북구 두정동,경상사고,0,0,3,0,차대차 - 측면충돌,교차로운행방법위반,건조,맑음,교차로 - 교차로안,승용,남,37세,상해없음,승용,여,62세,경상
2017060700100447,2017년 6월 7일 18시,수요일,충청남도 천안시 서북구 두정동,중상사고,0,1,0,0,차량단독 - 공작물충돌,안전운전불이행,건조,맑음,단일로 - 기타,승용,여,38세,상해없음,,,,
2017060700100531,2017년 6월 7일 21시,수요일,충청남도 천안시 동남구 신방동,중상사고,0,1,0,0,차대차 - 측면충돌,중앙선침범,건조,맑음,단일로 - 기타,자전거,남,61세,중상,승용,여,55세,상해없음
2017060800100208,2017년 6월 8일 11시,목요일,충청남도 천안시 서북구 불당동,경상사고,0,0,1,0,차대차 - 기타,신호위반,건조,맑음,교차로 - 교차로안,승용,여,27세,상해없음,건설기계,남,43세,경상
2017060800100239,2017년 6월 8일 12시,목요일,충청남도 천안시 서북구 입장면,경상사고,0,0,1,0,차대차 - 기타,안전운전불이행,건조,맑음,기타 - 기타,화물,남,53세,상해없음,화물,남,40세,경상
2017060800100294,2017년 6월 8일 14시,목요일,충청남도 천안시 서북구 불당동,중상사고,0,1,0,0,차대사람 - 횡단중,신호위반,건조,맑음,단일로 - 기타,승용,여,30세,상해없음,보행자,남,7세,중상
2017060800100326,2017년 6월 8일 15시,목요일,충청남도 천안시 서북구 쌍용동,중상사고,0,2,0,0,차대차 - 기타,신호위반,건조,맑음,교차로 - 교차로안,승용,여,41세,상해없음,이륜,남,37세,중상
2017060800100510,2017년 6월 8일 20시,목요일,충청남도 천안시 서북구 입장면,중상사고,0,1,0,0,차대차 - 기타,안전운전불이행,건조,맑음,교차로 - 교차로안,화물,남,52세,상해없음,이륜,남,55세,중상
2017060800100531,2017년 6월 8일 21시,목요일,충청남도 천안시 서북구 불당동,경상사고,0,0,1,0,차대차 - 기타,안전운전불이행,건조,맑음,교차로 - 교차로안,승합,남,57세,상해없음,이륜,남,21세,경상
2017060900100128,2017년 6월 9일 08시,금요일,충청남도 천안시 동남구 원성동,중상사고,0,3,0,0,차대차 - 측면충돌,안전운전불이행,건조,맑음,단일로 - 기타,승용,여,45세,상해없음,승용,여,42세,중상
2017060900100217,2017년 6월 9일 11시,금요일,충청남도 천안시 서북구 두정동,중상사고,0,1,0,0,차대차 - 측면충돌,안전거리미확보,건조,맑음,단일로 - 기타,화물,남,47세,상해없음,승용,남,35세,중상
2017060900100300,2017년 6월 9일 14시,금요일,충청남도 천안시 서북구 성정동,경상사고,0,0,1,0,차대차 - 측면충돌,신호위반,건조,맑음,교차로 - 교차로안,승용,남,58세,상해없음,승용,남,36세,경상
2017060900100301,2017년 6월 9일 14시,금요일,충청남도 천안시 서북구 성성동,경상사고,0,0,1,0,차대차 - 측면충돌,직진우회전진행방해,건조,맑음,교차로 - 교차로안,승용,여,28세,상해없음,승용,남,35세,경상
2017060900100462,2017년 6월 9일 18시,금요일,충청남도 천안시 서북구 쌍용동,경상사고,0,0,2,0,차대차 - 기타,차로위반,건조,맑음,교차로 - 교차로부근,승용,남,30세,상해없음,승용,남,59세,상해없음
2017060900100463,2017년 6월 9일 18시,금요일,충청남도 천안시 서북구 성환읍,경상사고,0,0,1,0,차대차 - 기타,중앙선침범,건조,맑음,단일로 - 기타,화물,남,83세,상해없음,승용,남,35세,경상
2017060900100464,2017년 6월 9일 18시,금요일,충청남도 천안시 동남구 원성동,경상사고,0,0,1,0,차대차 - 기타,안전운전불이행,건조,맑음,단일로 - 기타,자전거,남,50세,경상,승용,여,50세,상해없음
2017060900100501,2017년 6월 9일 19시,금요일,충청남도 천안시 서북구 두정동,경상사고,0,0,1,0,차대차 - 기타,신호위반,건조,맑음,교차로 - 교차로안,승합,남,26세,상해없음,원동기,남,24세,경상
2017060900100595,2017년 6월 9일 22시,금요일,충청남도 천안시 동남구 목천읍,경상사고,0,0,1,0,차대차 - 추돌,안전운전불이행,건조,맑음,단일로 - 기타,승용,남,53세,상해없음,승용,남,19세,경상
2017061000100042,2017년 6월 10일 01시,토요일,충청남도 천안시 서북구 성정동,경상사고,0,0,1,0,차대차 - 정면충돌,안전운전불이행,건조,맑음,단일로 - 기타,승용,남,29세,상해없음,이륜,여,22세,경상
2017061000100094,2017년 6월 10일 05시,토요일,충청남도 천안시 동남구 삼룡동,중상사고,0,1,1,0,차대차 - 기타,직진우회전진행방해,건조,맑음,교차로 - 교차로안,승용,남,53세,중상,승용,남,67세,경상
2017061000100171,2017년 6월 10일 09시,토요일,충청남도 천안시 서북구 입장면,경상사고,0,0,1,0,차대차 - 측면충돌,교차로운행방법위반,건조,맑음,교차로 - 교차로안,승용,남,81세,상해없음,승용,여,70세,경상