사고번호,사고일시,요일,시군구,사고내용,사망자수,중상자수,경상자수,부상신고자수,사고유형,법규위반,노면상태,기상상태,도로형태,가해운전자 차종,가해운전자 성별,가해운전자 연령,가해운전자 상해정도,피해운전자 차종,피해운전자 성별,피해운전자 연령,피해운전자 상해정도
2017062500100450,2017년 6월 25일 23시,일요일,충청남도 천안시 서북구 직산읍,경상사고,0,0,1,0,차량단독 - 전도전복,안전운전불이행,건조,맑음,단일로 - 기타,화물,남,56세,경상,미분류,미분류,미분류,미분류
2017062600100132,2017년 6월 26일 08시,월요일,충청남도 천안시 서북구 백석동,중상사고,0,1,0,0,차대차 - 측면충돌,교차로운행방법위반,건조,맑음,교차로 - 교차로부근,승용,여,57세,상해없음,자전거,남,13세,중상
2017062600100133,2017년 6월 26일 08시,월요일,충청남도 천안시 서북구 쌍용동,경상사고,0,0,1,0,차대차 - 추돌,안전운전불이행,건조,맑음,교차로 - 교차로부근,승용,남,26세,상해없음,승용,여,41세,경상
2017062600100165,2017년 6월 26일 09시,월요일,충청남도 천안시 서북구 불당동,경상사고,0,0,1,0,차대차 - 기타,안전운전불이행,건조,맑음,단일로 - 기타,승용,남,36세,상해없음,승합,남,27세,경상
2017062600100194,2017년 6월 26일 10시,월요일,충청남도 천안시 서북구 쌍용동,경상사고,0,0,1,0,차대차 - 기타,안전운전불이행,건조,맑음,기타 - 기타,승용,남,51세,상해없음,승용,여,28세,경상
2017062600100195,2017년 6월 26일 10시,월요일,충청남도 천안시 서북구 쌍용동,경상사고,0,0,1,0,차대차 - 측면충돌,중앙선침범,건조,맑음,교차로 - 교차로부근,승합,여,36세,상해없음,승용,남,38세,경상
2017062600100222,2017년 6월 26일 11시,월요일,충청남도 천안시 서북구 성정동,경상사고,0,0,1,0,차대사람 - 기타,안전운전불이행,건조,맑음,단일로 - 기타,승용,남,42세,상해없음,보행자,여,60세,경상
2017062600100357,2017년 6월 26일 15시,월요일,충청남도 천안시 서북구 쌍용동,중상사고,0,1,0,0,차대사람 - 횡단중,안전운전불이행,건조,맑음,단일로 - 기타,승용,여,51세,상해없음,보행자,여,3세,중상
2017062600100474,2017년 6월 26일 18시,월요일,충청남도 천안시 서북구 성거읍,중상사고,0,1,1,0,차대사람 - 기타,안전운전불이행,젖음/습기,비,단일로 - 기타,화물,남,49세,상해없음,보행자,남,55세,중상
2017062600100475,2017년 6월 26일 18시,월요일,충청남도 천안시 서북구 입장면,중상사고,0,1,1,0,차대차 - 추돌,안전운전불이행,젖음/습기,맑음,단일로 - 기타,승용,여,40세,상해없음,승용,남,55세,중상
2017062600100556,2017년 6월 26일 21시,월요일,충청남도 천안시 서북구 성정동,경상사고,0,0,2,0,차대차 - 기타,안전운전불이행,건조,맑음,단일로 - 기타,승용,남,40세,상해없음,승용,여,34세,경상
2017062600100583,2017년 6월 26일 22시,월요일,충청남도 천안시 서북구 백석동,경상사고,0,0,5,0,차대차 - 기타,안전운전불이행,건조,맑음,단일로 - 기타,승용,남,27세,상해없음,승용,여,33세,경상
2017062700100055,2017년 6월 27일 01시,화요일,충청남도 천안시 서북구 성정동,중상사고,0,2,1,0,차대차 - 기타,안전운전불이행,건조,맑음,단일로 - 기타,승용,남,32세,상해없음,승용,남,61세,경상
2017062700100207,2017년 6월 27일 10시,화요일,충청남도 천안시 동남구 삼룡동,경상사고,0,0,1,0,차대차 - 측면충돌,신호위반,건조,맑음,교차로 - 교차로안,승용,남,65세,경상,화물,여,33세,상해없음
2017062700100262,2017년 6월 27일 12시,화요일,충청남도 천안시 동남구 신부동,중상사고,0,1,0,0,차대차 - 측면충돌,안전운전불이행,건조,맑음,단일로 - 기타,승용,남,54세,상해없음,이륜,남,61세,중상
2017062700100300,2017년 6월 27일 13시,화요일,충청남도 천안시 서북구 백석동,경상사고,0,0,2,0,차대차 - 측면충돌,교차로운행방법위반,건조,맑음,교차로 - 교차로안,승용,여,41세,상해없음,승용,남,46세,경상
2017062700100358,2017년 6월 27일 15시,화요일,충청남도 천안시 서북구 불당동,경상사고,0,0,1,0,차대차 - 기타,안전운전불이행,건조,맑음,교차로 - 교차로안,승용,여,46세,상해없음,자전거,남,59세,경상
2017062700100520,2017년 6월 27일 19시,화요일,충청남도 천안시 서북구 와촌동,경상사고,0,0,1,0,차량단독 - 기타,안전운전불이행,건조,맑음,단일로 - 기타,승합,남,56세,상해없음,,,,
2017062800100020,2017년 6월 28일 00시,수요일,충청남도 천안시 서북구 성정동,경상사고,0,0,1,0,차대차 - 측면충돌,안전거리미확보,건조,맑음,단일로 - 기타,승용,남,61세,상해없음,이륜,남,20세,경상
2017062800100021,2017년 6월 28일 00시,수요일,충청남도 천안시 서북구 두정동,경상사고,0,0,1,0,차대차 - 측면충돌,신호위반,건조,맑음,교차로 - 교차로안,승용,남,31세,상해없음,승용,남,68세,상해없음
2017062800100291,2017년 6월 28일 14시,수요일,충청남도 천안시 서북구 두정동,경상사고,0,0,1,0,차대차 - 기타,안전운전불이행,건조,맑음,교차로 - 교차로안,화물,남,25세,상해없음,승용,남,32세,경상
2017062800100386,2017년 6월 28일 17시,수요일,충청남도 천안시 서북구 성정동,경상사고,0,0,1,0,차대사람 - 횡단중,보행자보호의무위반,건조,맑음,교차로 - 교차로횡단보도내,승용,여,67세,상해없음,보행자,여,43세,경상
2017062800100433,2017년 6월 28일 18시,수요일,충청남도 천안시 서북구 백석동,경상사고,0,0,1,0,차대사람 - 기타,안전운전불이행,건조,맑음,주차장 - 주차장,승용,여,49세,상해없음,보행자,여,68세,경상
2017062800100434,2017년 6월 28일 18시,수요일,충청남도 천안시 서북구 입장면,경상사고,0,0,1,1,차대차 - 추돌,안전운전불이행,건조,맑음,단일로 - 기타,승용,남,68세,경상,승용,남,43세,부상신고
2017062800100435,2017년 6월 28일 18시,수요일,충청남도 천안시 동남구 원성동,경상사고,0,0,1,0,차대사람 - 횡단중,안전운전불이행,건조,맑음,단일로 - 기타,화물,남,65세,상해없음,보행자,여,32세,경상
2017062800100566,2017년 6월 28일 22시,수요일,충청남도 천안시 서북구 성거읍,경상사고,0,0,3,0,차대차 - 정면충돌,중앙선침범,건조,맑음,교차로 - 교차로부근,승용,남,32세,상해없음,승용,남,32세,경상
2017062800100589,2017년 6월 28일 23시,수요일,충청남도 천안시 서북구 성정동,경상사고,0,0,1,0,차대차 - 측면충돌,신호위반,건조,맑음,교차로 - 교차로안,승용,남,29세,상해없음,승용,남,47세,경상
2017062900100092,2017년 6월 29일 07시,목요일,충청남도 천안시 서북구 백석동,경상사고,0,0,1,0,차대차 - 추돌,안전운전불이행,건조,맑음,단일로 - 기타,승용,남,46세,상해없음,승용,남,46세,경상
2017062900100120,2017년 6월 29일 08시,목요일,충청남도 천안시 서북구 백석동,중상사고,0,2,0,0,차대차 - 추돌,안전운전불이행,건조,맑음,단일로 - 기타,승용,여,35세,상해없음,승용,남,49세,중상
2017062900100390,2017년 6월 29일 17시,목요일,충청남도 천안시 서북구 쌍용동,경상사고,0,0,1,0,차량단독 - 전도전복,안전운전불이행,건조,맑음,단일로 - 기타,이륜,남,33세,경상,미분류,미분류,미분류,미분류
2017062900100543,2017년 6월 29일 21시,목요일,충청남도 천안시 서북구 성거읍,경상사고,0,0,1,0,차대차 - 기타,안전운전불이행,건조,맑음,단일로 - 기타,승용,남,34세,상해없음,농기계,남,51세,경상
2017063000100064,2017년 6월 30일 03시,금요일,충청남도 천안시 서북구 성정동,경상사고,0,0,2,0,차대차 - 기타,신호위반,건조,맑음,교차로 - 교차로안,승용,남,55세,상해없음,승용,남,32세,경상
2017063000100086,2017년 6월 30일 05시,금요일,충청남도 천안시 서북구 성환읍,중상사고,0,1,0,0,차대차 - 측면충돌,안전운전불이행,건조,맑음,교차로 - 교차로부근,화물,남,57세,기타불명,자전거,여,66세,중상
2017063000100119,2017년 6월 30일 07시,금요일,충청남도 천안시 서북구 쌍용동,중상사고,0,1,0,0,차대차 - 기타,안전운전불이행,건조,맑음,단일로 - 기타,승용,남,27세,상해없음,승용,남,47세,상해없음
2017063000100300,2017년 6월 30일 13시,금요일,충청남도 천안시 동남구 성남면,경상사고,0,0,1,0,차대차 - 측면충돌,안전거리미확보,건조,맑음,단일로 - 기타,화물,남,66세,상해없음,승용,남,59세,경상
2017063000100331,2017년 6월 30일 14시,금요일,충청남도 천안시 동남구 청당동,중상사고,0,1,0,0,차대차 - 측면충돌,안전운전불이행,건조,맑음,교차로 - 교차로안,승용,남,58세,상해없음,승용,남,55세,중상
2017063000100508,2017년 6월 30일 18시,금요일,충청남도 천안시 서북구 성거읍,중상사고,0,1,0,0,차대차 - 측면충돌,중앙선침범,건조,맑음,단일로 - 기타,승용,여,48세,상해없음,이륜,남,18세,중상
2017063000100509,2017년 6월 30일 18시,금요일,충청남도 천안시 서북구 두정동,경상사고,0,0,1,0,차대차 - 측면충돌,직진우회전진행방해,건조,맑음,교차로 - 교차로안,승용,여,30세,상해없음,승용,남,57세,경상
2017063000100543,2017년 6월 30일 19시,금요일,충청남도 천안시 서북구 입장면,경상사고,0,0,1,0,차대차 - 추돌,안전운전불이행,건조,맑음,단일로 - 기타,승용,남,43세,상해없음,승용,남,40세,경상
2017063000100575,2017년 6월 30일 20시,금요일,충청남도 천안시 서북구 불당동,경상사고,0,0,1,0,차대차 - 측면충돌,신호위반,건조,맑음,교차로 - 교차로안,자전거,남,14세,경상,승용,남,47세,상해없음
2017063000100610,2017년 6월 30일 21시,금요일,충청남도 천안시 서북구 성환읍,중상사고,0,1,1,0,차대차 - 기타,중앙선침범,건조,맑음,단일로 - 기타,이륜,남,55세,상해없음,승용,남,27세,경상
2017063000100611,2017년 6월 30일 21시,금요일,충청남도 천안시 동남구 목천읍,경상사고,0,0,2,0,차대차 - 기타,안전운전불이행,건조,맑음,단일로 - 기타,승용,남,56세,상해없음,승용,남,33세,경상
2017063000100612,2017년 6월 30일 21시,금요일,충청남도 천안시 동남구 목천읍,경상사고,0,0,1,0,차대차 - 측면충돌,안전운전불이행,건조,맑음,단일로 - 기타,승용,남,68세,상해없음,승용,남,33세,경상
2017063000100653,2017년 6월 30일 22시,금요일,충청남도 천안시 서북구 두정동,경상사고,0,0,1,0,차대차 - 기타,직진우회전진행방해,건조,맑음,교차로 - 교차로부근,승용,남,50세,상해없음,승용,남,28세,경상
2017063000100683,2017년 6월 30일 23시,금요일,충청남도 천안시 동남구 청당동,중상사고,0,1,0,0,차량단독 - 기타,안전운전불이행,건조,맑음,단일로 - 기타,이륜,남,16세,중상,,,,
2017070100100053,2017년 7월 1일 01시,토요일,충청남도 천안시 서북구 쌍용동,경상사고,0,0,2,0,차대차 - 기타,안전운전불이행,건조,흐림,단일로 - 기타,승용,남,28세,상해없음,승용,남,51세,경상
2017070100100122,2017년 7월 1일 06시,토요일,충청남도 천안시 서북구 불당동,경상사고,0,0,2,0,차대차 - 기타,신호위반,건조,맑음,교차로 - 교차로안,승용,남,58세,경상,승용,남,47세,경상
2017070100100156,2017년 7월 1일 08시,토요일,충청남도 천안시 서북구 성거읍,경상사고,0,0,1,0,차대차 - 기타,안전운전불이행,건조,맑음,단일로 - 기타,승용,남,35세,상해없음,화물,남,57세,경상
2017070100100182,2017년 7월 1일 09시,토요일,충청남도 천안시 서북구 성환읍,경상사고,0,0,2,0,차대차 - 정면충돌,안전운전불이행,건조,맑음,교차로 - 교차로안,승용,남,43세,상해없음,승용,남,44세,경상
2017070100100202,2017년 7월 1일 10시,토요일,충청남도 천안시 동남구 신부동,중상사고,0,1,0,0,차대사람 - 횡단중,안전운전불이행,건조,맑음,교차로 - 교차로부근,승합,남,51세,상해없음,보행자,남,67세,중상
2017070100100237,2017년 7월 1일 11시,토요일,충청남도 천안시 동남구 원성동,경상사고,0,0,1,0,차대차 - 기타,안전운전불이행,건조,맑음,교차로 - 교차로안,이륜,남,79세,경상,승용,남,33세,상해없음
2017070100100259,2017년 7월 1일 12시,토요일,충청남도 천안시 동남구 광덕면,중상사고,0,1,0,0,차대차 - 정면충돌,안전운전불이행,젖음/습기,비,단일로 - 기타,승용,여,48세,상해없음,원동기,남,25세,중상
2017070100100427,2017년 7월 1일 17시,토요일,충청남도 천안시 서북구 성환읍,경상사고,0,0,1,0,차대차 - 추돌,안전운전불이행,젖음/습기,맑음,교차로 - 교차로부근,화물,남,58세,상해없음,승용,남,44세,경상
2017070100100428,2017년 7월 1일 17시,토요일,충청남도 천안시 서북구 두정동,중상사고,0,1,0,0,차대차 - 측면충돌,중앙선침범,건조,맑음,단일로 - 기타,승용,여,47세,상해없음,이륜,남,34세,중상
2017070100100471,2017년 7월 1일 18시,토요일,충청남도 천안시 서북구 차암동,중상사고,0,1,0,0,차대차 - 측면충돌,안전운전불이행,젖음/습기,비,교차로 - 교차로부근,승용,남,33세,상해없음,이륜,남,31세,중상
2017070100100570,2017년 7월 1일 21시,토요일,충청남도 천안시 동남구 병천면,중상사고,0,2,3,0,차대차 - 추돌,안전운전불이행,건조,맑음,단일로 - 기타,승용,남,51세,중상,승용,남,29세,중상
2017070100100598,2017년 7월 1일 22시,토요일,충청남도 천안시 서북구 직산읍,사망사고,1,0,0,0,차대사람 - 기타,안전운전불이행,젖음/습기,흐림,단일로 - 기타,승용,남,22세,상해없음,보행자,남,22세,사망
2017070200100059,2017년 7월 2일 01시,일요일,충청남도 천안시 서북구 성정동,경상사고,0,0,1,0,차대차 - 기타,안전운전불이행,건조,맑음,단일로 - 기타,승용,남,54세,상해없음,승용,남,32세,경상
2017070200100084,2017년 7월 2일 02시,일요일,충청남도 천안시 동남구 병천면,경상사고,0,0,1,0,차대차 - 추돌,안전운전불이행,젖음/습기,흐림,단일로 - 기타,승용,남,36세,경상,건설기계,남,38세,기타불명
2017070200100144,2017년 7월 2일 06시,일요일,충청남도 천안시 서북구 성환읍,중상사고,0,1,0,0,차대사람 - 횡단중,안전운전불이행,젖음/습기,흐림,교차로 - 교차로안,승용,여,41세,상해없음,보행자,남,69세,중상
2017070200100145,2017년 7월 2일 06시,일요일,충청남도 천안시 동남구 성남면,중상사고,0,1,0,0,차대차 - 측면충돌,중앙선침범,젖음/습기,흐림,단일로 - 기타,승용,여,47세,상해없음,화물,남,51세,중상
2017070200100164,2017년 7월 2일 08시,일요일,충청남도 천안시 동남구 신방동,경상사고,0,0,2,0,차대차 - 정면충돌,중앙선침범,건조,맑음,교차로 - 교차로부근,승용,여,52세,상해없음,승용,여,43세,경상
2017070200100250,2017년 7월 2일 13시,일요일,충청남도 천안시 동남구 광덕면,중상사고,0,1,4,0,차대차 - 기타,안전운전불이행,젖음/습기,비,단일로 - 터널,승용,여,23세,상해없음,승용,남,29세,경상
2017070200100372,2017년 7월 2일 18시,일요일,충청남도 천안시 서북구 두정동,중상사고,0,1,0,0,차대사람 - 기타,안전운전불이행,젖음/습기,비,단일로 - 기타,승용,남,47세,상해없음,보행자,여,14세,중상
2017070200100373,2017년 7월 2일 18시,일요일,충청남도 천안시 서북구 불당동,경상사고,0,0,1,0,차대차 - 기타,안전운전불이행,젖음/습기,비,단일로 - 기타,승용,남,30세,상해없음,승용,여,63세,경상
2017070300100096,2017년 7월 3일 07시,월요일,충청남도 천안시 서북구 쌍용동,경상사고,0,0,1,0,차대차 - 추돌,안전운전불이행,건조,맑음,교차로 - 교차로부근,화물,남,26세,상해없음,승용,남,50세,경상
2017070300100097,2017년 7월 3일 07시,월요일,충청남도 천안시 서북구 성성동,경상사고,0,0,2,0,차대차 - 추돌,안전운전불이행,젖음/습기,흐림,교차로 - 교차로부근,승용,남,40세,상해없음,승용,남,24세,경상
2017070300100201,2017년 7월 3일 10시,월요일,충청남도 천안시 동남구 신방동,경상사고,0,0,3,0,차대차 - 추돌,안전운전불이행,젖음/습기,비,단일로 - 기타,화물,남,48세,상해없음,화물,남,30세,경상
2017070300100359,2017년 7월 3일 15시,월요일,충청남도 천안시 서북구 성환읍,중상사고,0,1,2,0,차대차 - 기타,안전운전불이행,건조,맑음,교차로 - 교차로부근,화물,남,25세,상해없음,승용,여,39세,중상
2017070300100406,2017년 7월 3일 16시,월요일,충청남도 천안시 동남구 목천읍,경상사고,0,0,1,0,차대차 - 추돌,안전운전불이행,건조,맑음,교차로 - 교차로부근,승용,남,69세,상해없음,승용,여,43세,경상
2017070300100473,2017년 7월 3일 18시,월요일,충청남도 천안시 동남구 신방동,경상사고,0,0,1,0,차대사람 - 횡단중,보행자보호의무위반,건조,맑음,교차로 - 교차로횡단보도내,이륜,남,22세,상해없음,보행자,여,47세,경상
2017070300100611,2017년 7월 3일 22시,월요일,충청남도 천안시 동남구 삼룡동,경상사고,0,0,1,0,차대차 - 측면충돌,안전운전불이행,젖음/습기,비,단일로 - 기타,승용,남,61세,상해없음,승용,남,54세,경상
2017070400100094,2017년 7월 4일 07시,화요일,충청남도 천안시 서북구 차암동,경상사고,0,0,1,0,차대차 - 기타,직진우회전진행방해,젖음/습기,비,교차로 - 교차로안,승용,남,47세,상해없음,승용,여,32세,경상
2017070400100095,2017년 7월 4일 07시,화요일,충청남도 천안시 서북구 신당동,경상사고,0,0,1,0,차대차 - 기타,안전거리미확보,젖음/습기,비,단일로 - 기타,화물,여,57세,상해없음,화물,남,57세,경상
2017070400100096,2017년 7월 4일 07시,화요일,충청남도 천안시 동남구 풍세면,중상사고,0,1,0,0,차대차 - 측면충돌,신호위반,젖음/습기,비,교차로 - 교차로안,승용,여,33세,상해없음,승용,남,53세,중상
2017070400100117,2017년 7월 4일 08시,화요일,충청남도 천안시 서북구 두정동,경상사고,0,0,1,0,차대차 - 기타,안전거리미확보,젖음/습기,비,단일로 - 기타,승용,남,32세,상해없음,승용,남,37세,경상
2017070400100148,2017년 7월 4일 09시,화요일,충청남도 천안시 동남구 원성동,경상사고,0,0,1,0,차대차 - 추돌,안전운전불이행,건조,맑음,교차로 - 교차로부근,화물,남,53세,상해없음,승용,남,29세,경상
2017070400100270,2017년 7월 4일 13시,화요일,충청남도 천안시 동남구 신부동,경상사고,0,0,1,0,차대사람 - 횡단중,보행자보호의무위반,건조,맑음,교차로 - 교차로안,승용,여,51세,상해없음,보행자,여,25세,경상
2017070400100394,2017년 7월 4일 17시,화요일,충청남도 천안시 서북구 성정동,경상사고,0,0,1,0,차대사람 - 기타,안전운전불이행,건조,맑음,단일로 - 기타,승용,남,56세,상해없음,보행자,여,66세,경상
2017070400100429,2017년 7월 4일 18시,화요일,충청남도 천안시 동남구 다가동,중상사고,0,1,0,0,차대차 - 측면충돌,안전운전불이행,건조,맑음,단일로 - 기타,이륜,남,44세,중상,승용,남,48세,상해없음
2017070500100026,2017년 7월 5일 00시,수요일,충청남도 천안시 서북구 쌍용동,경상사고,0,0,2,0,차대차 - 기타,신호위반,건조,맑음,교차로 - 교차로안,기타불명,기타불명,미분류,기타불명,승용,남,47세,경상
2017070500100125,2017년 7월 5일 08시,수요일,충청남도 천안시 동남구 오룡동,중상사고,0,1,0,0,차대사람 - 횡단중,안전운전불이행,건조,맑음,단일로 - 기타,승용,남,24세,상해없음,보행자,여,58세,중상
2017070500100248,2017년 7월 5일 12시,수요일,충청남도 천안시 서북구 신당동,경상사고,0,0,1,0,차대차 - 기타,안전운전불이행,건조,맑음,단일로 - 기타,승합,남,47세,상해없음,승용,여,31세,경상
2017070500100310,2017년 7월 5일 14시,수요일,충청남도 천안시 서북구 백석동,경상사고,0,0,1,0,차대차 - 추돌,안전운전불이행,건조,맑음,교차로 - 교차로부근,승용,남,33세,상해없음,승용,여,34세,경상
2017070500100311,2017년 7월 5일 14시,수요일,충청남도 천안시 동남구 목천읍,경상사고,0,0,1,0,차대차 - 측면충돌,안전거리미확보,건조,맑음,교차로 - 교차로부근,화물,남,53세,상해없음,승용,여,50세,경상
2017070500100344,2017년 7월 5일 15시,수요일,충청남도 천안시 서북구 쌍용동,경상사고,0,0,2,0,차대차 - 측면충돌,신호위반,건조,맑음,교차로 - 교차로안,승용,여,33세,상해없음,승용,여,60세,경상
2017070500100375,2017년 7월 5일 16시,수요일,충청남도 천안시 서북구 두정동,중상사고,0,1,0,0,차대차 - 측면충돌,중앙선침범,건조,맑음,단일로 - 기타,승용,여,48세,상해없음,이륜,남,28세,중상
2017070500100376,2017년 7월 5일 16시,수요일,충청남도 천안시 서북구 성환읍,중상사고,0,1,0,0,차대차 - 기타,안전운전불이행,건조,맑음,단일로 - 기타,기타불명,기타불명,미분류,기타불명,자전거,남,79세,중상
2017070500100452,2017년 7월 5일 18시,수요일,충청남도 천안시 동남구 수신면,사망사고,1,0,1,0,차대차 - 추돌,안전운전불이행,건조,맑음,단일로 - 기타,화물,남,61세,사망,화물,남,30세,경상
2017070500100490,2017년 7월 5일 19시,수요일,충청남도 천안시 동남구 삼룡동,중상사고,0,1,0,0,차대차 - 측면충돌,직진우회전진행방해,건조,맑음,교차로 - 교차로안,원동기,남,75세,중상,특수,남,35세,상해없음
2017070600100286,2017년 7월 6일 14시,목요일,충청남도 천안시 서북구 두정동,경상사고,0,0,1,0,차대사람 - 기타,안전운전불이행,건조,맑음,교차로 - 교차로부근,승용,여,44세,상해없음,보행자,여,46세,경상
2017070600100315,2017년 7월 6일 15시,목요일,충청남도 천안시 서북구 직산읍,경상사고,0,0,2,0,차대차 - 기타,안전거리미확보,건조,맑음,단일로 - 기타,승용,남,69세,상해없음,승용,남,58세,상해없음
2017070600100316,2017년 7월 6일 15시,목요일,충청남도 천안시 서북구 쌍용동,경상사고,0,0,1,0,차대차 - 정면충돌,중앙선침범,건조,맑음,단일로 - 기타,승용,남,51세,상해없음,승용,남,54세,경상
2017070600100317,2017년 7월 6일 15시,목요일,충청남도 천안시 서북구 업성동,경상사고,0,0,1,0,차대차 - 기타,안전운전불이행,건조,맑음,교차로 - 교차로안,화물,남,47세,상해없음,승용,여,37세,경상
2017070600100382,2017년 7월 6일 17시,목요일,충청남도 천안시 동남구 다가동,경상사고,0,0,1,0,차대사람 - 횡단중,안전운전불이행,건조,맑음,단일로 - 기타,승합,남,52세,상해없음,보행자,남,9세,경상
2017070700100026,2017년 7월 7일 00시,금요일,충청남도 천안시 서북구 성정동,경상사고,0,0,1,0,차대차 - 측면충돌,안전운전불이행,건조,맑음,교차로 - 교차로안,화물,남,61세,상해없음,승용,남,26세,경상
2017070700100039,2017년 7월 7일 01시,금요일,충청남도 천안시 서북구 성정동,경상사고,0,0,1,0,차대차 - 기타,안전운전불이행,건조,맑음,교차로 - 교차로안,승용,남,19세,상해없음,승용,남,58세,경상
2017070700100066,2017년 7월 7일 05시,금요일,충청남도 천안시 서북구 성거읍,경상사고,0,0,4,0,차대차 - 기타,안전운전불이행,건조,맑음,단일로 - 기타,승용,남,54세,상해없음,승용,여,43세,경상
2017070700100136,2017년 7월 7일 08시,금요일,충청남도 천안시 서북구 쌍용동,경상사고,0,0,1,0,차대차 - 측면충돌,안전거리미확보,건조,맑음,단일로 - 기타,승용,여,43세,상해없음,승용,남,59세,경상
2017070700100139,2017년 7월 7일 08시,금요일,충청남도 천안시 동남구 신부동,경상사고,0,0,1,0,차대차 - 추돌,안전운전불이행,건조,맑음,단일로 - 기타,승용,남,31세,상해없음,승용,여,55세,경상
2017070700100198,2017년 7월 7일 10시,금요일,충청남도 천안시 서북구 쌍용동,경상사고,0,0,2,1,차대차 - 기타,직진우회전진행방해,건조,맑음,단일로 - 기타,승용,여,52세,경상,화물,남,35세,부상신고
2017070700100228,2017년 7월 7일 11시,금요일,충청남도 천안시 서북구 쌍용동,중상사고,0,1,0,0,차대차 - 기타,안전운전불이행,건조,맑음,단일로 - 기타,승용,여,55세,상해없음,승용,남,49세,중상
2017070700100492,2017년 7월 7일 19시,금요일,충청남도 천안시 서북구 불당동,경상사고,0,0,1,0,차대차 - 측면충돌,안전운전불이행,젖음/습기,비,단일로 - 기타,승용,남,22세,상해없음,이륜,남,27세,경상
2017070700100494,2017년 7월 7일 19시,금요일,충청남도 천안시 동남구 원성동,경상사고,0,0,1,0,차대사람 - 기타,안전운전불이행,건조,맑음,단일로 - 기타,이륜,남,45세,상해없음,보행자,남,66세,경상
2017070700100597,2017년 7월 7일 21시,금요일,충청남도 천안시 동남구 봉명동,경상사고,0,0,5,0,차대차 - 측면충돌,안전운전불이행,건조,맑음,단일로 - 기타,승용,남,36세,경상,승용,남,23세,경상
2017070700100670,2017년 7월 7일 23시,금요일,충청남도 천안시 서북구 성정동,경상사고,0,0,1,0,차대차 - 측면충돌,안전운전불이행,젖음/습기,비,단일로 - 기타,원동기,남,23세,경상,승용,남,47세,상해없음
2017070800100117,2017년 7월 8일 06시,토요일,충청남도 천안시 서북구 성정동,경상사고,0,0,1,0,차대사람 - 횡단중,안전운전불이행,젖음/습기,비,단일로 - 기타,승용,남,24세,상해없음,보행자,남,76세,경상
2017070800100189,2017년 7월 8일 10시,토요일,충청남도 천안시 서북구 백석동,경상사고,0,0,1,0,차대차 - 측면충돌,중앙선침범,건조,맑음,단일로 - 기타,승용,남,63세,상해없음,화물,남,35세,경상
2017070800100244,2017년 7월 8일 12시,토요일,충청남도 천안시 서북구 차암동,경상사고,0,0,1,0,차대차 - 측면충돌,안전운전불이행,건조,맑음,교차로 - 교차로안,승용,남,34세,상해없음,승용,남,36세,경상
2017070800100274,2017년 7월 8일 13시,토요일,충청남도 천안시 서북구 불당동,경상사고,0,0,1,0,차대차 - 정면충돌,안전운전불이행,건조,맑음,교차로 - 교차로안,승용,여,36세,상해없음,승용,남,45세,경상
2017070800100303,2017년 7월 8일 14시,토요일,충청남도 천안시 동남구 목천읍,중상사고,0,2,0,0,차대차 - 정면충돌,중앙선침범,건조,맑음,교차로 - 교차로횡단보도내,화물,남,56세,중상,승용,여,47세,중상
2017070800100364,2017년 7월 8일 16시,토요일,충청남도 천안시 동남구 신부동,경상사고,0,0,1,0,차대차 - 추돌,안전운전불이행,건조,맑음,단일로 - 기타,승용,여,56세,상해없음,승용,여,51세,상해없음
2017070800100436,2017년 7월 8일 18시,토요일,충청남도 천안시 서북구 백석동,경상사고,0,0,1,0,차대차 - 기타,안전운전불이행,건조,맑음,주차장 - 주차장,승용,남,66세,상해없음,승용,남,57세,경상
2017070800100470,2017년 7월 8일 19시,토요일,충청남도 천안시 동남구 신방동,경상사고,0,0,1,0,차대차 - 측면충돌,안전거리미확보,건조,맑음,단일로 - 기타,승용,여,68세,상해없음,승용,남,44세,경상
2017070800100500,2017년 7월 8일 20시,토요일,충청남도 천안시 서북구 성정동,경상사고,0,0,2,0,차대차 - 추돌,안전운전불이행,건조,맑음,단일로 - 고가도로위,승용,남,27세,상해없음,승용,여,26세,경상
2017070800100522,2017년 7월 8일 21시,토요일,충청남도 천안시 동남구 신부동,경상사고,0,0,1,1,차대차 - 추돌,안전운전불이행,건조,맑음,단일로 - 기타,승용,남,44세,상해없음,승용,남,33세,경상
2017070900100030,2017년 7월 9일 01시,일요일,충청남도 천안시 서북구 두정동,경상사고,0,0,3,0,차대차 - 추돌,안전운전불이행,건조,맑음,단일로 - 기타,기타불명,기타불명,미분류,기타불명,승용,남,43세,경상
2017070900100051,2017년 7월 9일 03시,일요일,충청남도 천안시 서북구 성정동,중상사고,0,1,0,0,차대차 - 추돌,안전운전불이행,건조,맑음,단일로 - 기타,기타불명,기타불명,미분류,기타불명,이륜,남,44세,중상
2017070900100087,2017년 7월 9일 07시,일요일,충청남도 천안시 서북구 직산읍,중상사고,0,1,0,0,차대사람 - 기타,기타,건조,맑음,단일로 - 기타,승용,여,19세,기타불명,보행자,남,54세,중상
2017070900100117,2017년 7월 9일 09시,일요일,충청남도 천안시 동남구 목천읍,경상사고,0,0,3,0,차대차 - 측면충돌,안전운전불이행,건조,맑음,단일로 - 기타,화물,남,46세,상해없음,승용,남,82세,경상
2017070900100135,2017년 7월 9일 10시,일요일,충청남도 천안시 동남구 청당동,경상사고,0,0,1,0,차대차 - 추돌,안전운전불이행,건조,흐림,단일로 - 고가도로위,승용,남,29세,상해없음,승합,여,43세,경상