사고번호,사고일시,요일,시군구,사고내용,사망자수,중상자수,경상자수,부상신고자수,사고유형,법규위반,노면상태,기상상태,도로형태,가해운전자 차종,가해운전자 성별,가해운전자 연령,가해운전자 상해정도,피해운전자 차종,피해운전자 성별,피해운전자 연령,피해운전자 상해정도
2017070900100136,2017년 7월 9일 10시,일요일,충청남도 천안시 동남구 용곡동,중상사고,0,1,4,0,차대차 - 측면충돌,신호위반,건조,맑음,교차로 - 교차로안,승용,여,56세,중상,승용,여,39세,경상
2017070900100309,2017년 7월 9일 17시,일요일,충청남도 천안시 서북구 백석동,경상사고,0,0,2,0,차대차 - 기타,안전거리미확보,건조,맑음,단일로 - 기타,승용,남,34세,상해없음,화물,남,63세,상해없음
2017070900100337,2017년 7월 9일 18시,일요일,충청남도 천안시 동남구 신방동,경상사고,0,0,1,0,차대차 - 측면충돌,안전운전불이행,건조,맑음,교차로 - 교차로안,승용,여,25세,경상,승합,남,42세,상해없음
2017070900100388,2017년 7월 9일 20시,일요일,충청남도 천안시 동남구 목천읍,경상사고,0,0,4,0,차대차 - 측면충돌,안전운전불이행,젖음/습기,비,단일로 - 기타,승용,남,60세,경상,승용,여,34세,경상
2017070900100414,2017년 7월 9일 21시,일요일,충청남도 천안시 서북구 백석동,경상사고,0,0,1,0,차대차 - 측면충돌,안전운전불이행,젖음/습기,비,단일로 - 기타,승용,남,41세,상해없음,승용,남,34세,경상
2017071000100151,2017년 7월 10일 09시,월요일,충청남도 천안시 서북구 불당동,경상사고,0,0,3,1,차대차 - 측면충돌,신호위반,젖음/습기,비,교차로 - 교차로안,승용,여,43세,부상신고,승합,남,33세,경상
2017071000100297,2017년 7월 10일 14시,월요일,충청남도 천안시 동남구 유량동,중상사고,0,1,0,2,차대차 - 측면충돌,중앙선침범,건조,맑음,단일로 - 기타,승용,여,44세,상해없음,승용,남,36세,중상
2017071000100591,2017년 7월 10일 23시,월요일,충청남도 천안시 서북구 두정동,경상사고,0,0,2,0,차대사람 - 횡단중,안전운전불이행,젖음/습기,비,교차로 - 교차로안,승용,남,44세,상해없음,보행자,남,45세,경상
2017071000100592,2017년 7월 10일 23시,월요일,충청남도 천안시 서북구 두정동,중상사고,0,1,0,0,차대사람 - 횡단중,안전운전불이행,젖음/습기,비,단일로 - 기타,승용,남,33세,상해없음,보행자,여,25세,중상
2017071000100593,2017년 7월 10일 23시,월요일,충청남도 천안시 서북구 성정동,중상사고,0,1,0,0,차대사람 - 횡단중,보행자보호의무위반,젖음/습기,비,교차로 - 교차로안,승용,남,33세,상해없음,보행자,여,18세,중상
2017071000100594,2017년 7월 10일 23시,월요일,충청남도 천안시 서북구 성정동,경상사고,0,0,5,0,차대차 - 정면충돌,중앙선침범,젖음/습기,비,교차로 - 교차로안,승용,남,34세,상해없음,승용,남,55세,경상
2017071000100595,2017년 7월 10일 23시,월요일,충청남도 천안시 서북구 백석동,경상사고,0,0,1,0,차대차 - 추돌,안전운전불이행,건조,맑음,단일로 - 기타,승용,남,55세,상해없음,승용,남,60세,경상
2017071100100188,2017년 7월 11일 10시,화요일,충청남도 천안시 서북구 두정동,경상사고,0,0,1,0,차대차 - 측면충돌,안전운전불이행,건조,맑음,단일로 - 기타,승용,남,66세,기타불명,자전거,남,56세,경상
2017071100100249,2017년 7월 11일 12시,화요일,충청남도 천안시 동남구 사직동,경상사고,0,0,1,0,차대사람 - 횡단중,보행자보호의무위반,건조,맑음,단일로 - 기타,화물,남,36세,상해없음,보행자,여,20세,경상
2017071100100250,2017년 7월 11일 12시,화요일,충청남도 천안시 동남구 대흥동,경상사고,0,0,1,0,차대차 - 측면충돌,안전운전불이행,건조,맑음,교차로 - 교차로부근,승용,남,54세,상해없음,승용,남,61세,경상
2017071100100251,2017년 7월 11일 12시,화요일,충청남도 천안시 동남구 원성동,경상사고,0,0,1,0,차대차 - 측면충돌,안전거리미확보,건조,맑음,교차로 - 교차로안,승용,남,64세,상해없음,자전거,남,67세,경상
2017071100100305,2017년 7월 11일 14시,화요일,충청남도 천안시 동남구 다가동,경상사고,0,0,4,0,차대차 - 측면충돌,직진우회전진행방해,건조,맑음,교차로 - 교차로안,사륜오토바이(ATV),남,69세,상해없음,승용,여,31세,경상
2017071100100530,2017년 7월 11일 20시,화요일,충청남도 천안시 서북구 백석동,경상사고,0,0,2,0,차대차 - 측면충돌,신호위반,건조,맑음,교차로 - 교차로안,승용,남,47세,상해없음,승용,남,32세,경상
2017071100100566,2017년 7월 11일 21시,화요일,충청남도 천안시 서북구 두정동,경상사고,0,0,1,0,차대차 - 기타,안전운전불이행,건조,맑음,단일로 - 기타,기타불명,남,54세,경상,승용,남,25세,상해없음
2017071100100567,2017년 7월 11일 21시,화요일,충청남도 천안시 서북구 백석동,경상사고,0,0,2,0,차대차 - 측면충돌,안전운전불이행,건조,맑음,교차로 - 교차로안,승용,여,52세,경상,승용,여,23세,경상
2017071100100569,2017년 7월 11일 21시,화요일,충청남도 천안시 동남구 신방동,경상사고,0,0,2,0,차대차 - 정면충돌,안전운전불이행,건조,맑음,단일로 - 기타,이륜,남,16세,경상,승용,남,33세,경상
2017071100100616,2017년 7월 11일 23시,화요일,충청남도 천안시 서북구 성거읍,경상사고,0,0,1,0,차대차 - 추돌,안전운전불이행,건조,맑음,단일로 - 기타,승용,남,38세,상해없음,화물,남,30세,상해없음
2017071200100035,2017년 7월 12일 02시,수요일,충청남도 천안시 서북구 성정동,경상사고,0,0,1,0,차대차 - 기타,안전운전불이행,건조,맑음,단일로 - 기타,승용,남,48세,상해없음,승용,남,44세,경상
2017071200100053,2017년 7월 12일 04시,수요일,충청남도 천안시 서북구 성환읍,경상사고,0,0,1,0,차대차 - 추돌,안전운전불이행,건조,맑음,단일로 - 기타,승용,남,56세,상해없음,승용,여,49세,경상
2017071200100061,2017년 7월 12일 05시,수요일,충청남도 천안시 서북구 성정동,중상사고,0,1,1,0,차대차 - 정면충돌,중앙선침범,건조,맑음,단일로 - 기타,승용,남,21세,상해없음,승용,남,45세,중상
2017071200100093,2017년 7월 12일 07시,수요일,충청남도 천안시 서북구 성거읍,중상사고,0,2,9,0,차대차 - 측면충돌,과속,건조,맑음,단일로 - 기타,승용,남,38세,상해없음,승합,남,61세,경상
2017071200100184,2017년 7월 12일 10시,수요일,충청남도 천안시 서북구 차암동,경상사고,0,0,2,0,차대차 - 기타,직진우회전진행방해,건조,맑음,교차로 - 교차로안,승용,남,29세,상해없음,승합,남,59세,경상
2017071200100187,2017년 7월 12일 10시,수요일,충청남도 천안시 동남구 다가동,경상사고,0,0,1,0,차대차 - 추돌,안전운전불이행,건조,흐림,단일로 - 기타,승용,남,56세,상해없음,승용,여,50세,경상
2017071200100294,2017년 7월 12일 14시,수요일,충청남도 천안시 서북구 신당동,중상사고,0,1,0,0,차대사람 - 횡단중,안전운전불이행,건조,맑음,단일로 - 기타,승합,여,36세,상해없음,보행자,남,83세,중상
2017071200100326,2017년 7월 12일 15시,수요일,충청남도 천안시 동남구 신부동,중상사고,0,1,0,0,차대사람 - 횡단중,안전운전불이행,건조,맑음,단일로 - 기타,승용,남,59세,상해없음,보행자,여,72세,중상
2017071200100409,2017년 7월 12일 17시,수요일,충청남도 천안시 동남구 신부동,경상사고,0,0,2,0,차대차 - 추돌,안전운전불이행,건조,맑음,교차로 - 교차로안,이륜,남,18세,경상,승용,여,45세,경상
2017071200100459,2017년 7월 12일 18시,수요일,충청남도 천안시 서북구 차암동,경상사고,0,0,1,0,차대차 - 측면충돌,안전운전불이행,건조,맑음,단일로 - 기타,승용,남,37세,상해없음,승용,남,40세,경상
2017071200100596,2017년 7월 12일 22시,수요일,충청남도 천안시 서북구 불당동,경상사고,0,0,2,0,차대차 - 기타,중앙선침범,건조,맑음,교차로 - 교차로부근,승용,남,42세,상해없음,승용,남,29세,경상
2017071300100045,2017년 7월 13일 01시,목요일,충청남도 천안시 동남구 신부동,중상사고,0,1,1,0,차대차 - 추돌,안전운전불이행,건조,맑음,단일로 - 기타,승용,남,59세,상해없음,승용,남,40세,경상
2017071300100151,2017년 7월 13일 09시,목요일,충청남도 천안시 서북구 백석동,경상사고,0,0,1,0,차대차 - 추돌,안전운전불이행,건조,맑음,교차로 - 교차로부근,승용,남,44세,상해없음,승용,여,34세,경상
2017071300100240,2017년 7월 13일 12시,목요일,충청남도 천안시 서북구 쌍용동,경상사고,0,0,1,0,차대차 - 측면충돌,안전거리미확보,건조,맑음,단일로 - 기타,승용,남,68세,상해없음,승용,여,45세,경상
2017071300100301,2017년 7월 13일 14시,목요일,충청남도 천안시 서북구 백석동,경상사고,0,0,2,0,차대차 - 추돌,안전운전불이행,건조,맑음,단일로 - 기타,승용,여,55세,상해없음,승용,여,40세,경상
2017071300100362,2017년 7월 13일 16시,목요일,충청남도 천안시 동남구 광덕면,경상사고,0,0,2,0,차대차 - 추돌,안전운전불이행,건조,맑음,단일로 - 터널,화물,남,44세,상해없음,승용,여,27세,경상
2017071300100430,2017년 7월 13일 18시,목요일,충청남도 천안시 동남구 목천읍,경상사고,0,0,1,0,차대차 - 기타,안전운전불이행,건조,맑음,기타 - 기타,승용,여,51세,경상,특수,남,39세,상해없음
2017071300100522,2017년 7월 13일 21시,목요일,충청남도 천안시 동남구 구성동,중상사고,0,1,3,0,차대차 - 추돌,안전운전불이행,건조,맑음,교차로 - 교차로부근,화물,남,58세,상해없음,승용,여,38세,중상
2017071300100551,2017년 7월 13일 22시,목요일,충청남도 천안시 동남구 삼룡동,경상사고,0,0,1,0,차대차 - 추돌,신호위반,건조,맑음,교차로 - 교차로안,승용,남,51세,상해없음,화물,남,51세,경상
2017071300100582,2017년 7월 13일 23시,목요일,충청남도 천안시 서북구 입장면,경상사고,0,0,1,0,차대차 - 기타,안전거리미확보,건조,맑음,단일로 - 기타,승용,남,37세,상해없음,화물,남,55세,경상
2017071400100047,2017년 7월 14일 02시,금요일,충청남도 천안시 동남구 신방동,경상사고,0,0,1,0,차대차 - 측면충돌,안전운전불이행,건조,맑음,단일로 - 기타,승용,남,25세,상해없음,화물,남,42세,기타불명
2017071400100087,2017년 7월 14일 06시,금요일,충청남도 천안시 서북구 성환읍,경상사고,0,0,1,0,차대차 - 기타,교차로운행방법위반,건조,맑음,교차로 - 교차로안,이륜,여,75세,경상,승용,남,66세,상해없음
2017071400100301,2017년 7월 14일 14시,금요일,충청남도 천안시 동남구 광덕면,경상사고,0,0,2,0,차대차 - 추돌,안전운전불이행,건조,맑음,단일로 - 기타,승용,남,22세,상해없음,승용,남,26세,경상
2017071400100336,2017년 7월 14일 15시,금요일,충청남도 천안시 동남구 풍세면,경상사고,0,0,2,0,차대차 - 정면충돌,직진우회전진행방해,건조,맑음,교차로 - 교차로안,승용,남,33세,상해없음,승용,남,43세,경상
2017071400100374,2017년 7월 14일 16시,금요일,충청남도 천안시 동남구 다가동,경상사고,0,0,1,0,차대차 - 추돌,안전운전불이행,건조,맑음,단일로 - 기타,기타불명,기타불명,미분류,기타불명,승용,여,31세,경상
2017071400100448,2017년 7월 14일 18시,금요일,충청남도 천안시 서북구 두정동,중상사고,0,1,0,0,차대사람 - 횡단중,안전운전불이행,건조,맑음,단일로 - 기타,승용,남,34세,상해없음,보행자,남,61세,중상
2017071400100486,2017년 7월 14일 19시,금요일,충청남도 천안시 동남구 목천읍,경상사고,0,0,1,0,차대차 - 측면충돌,불법유턴,건조,맑음,기타 - 기타,승용,여,58세,기타불명,승합,남,35세,경상
2017071500100025,2017년 7월 15일 00시,토요일,충청남도 천안시 서북구 직산읍,중상사고,0,1,1,0,차대사람 - 횡단중,안전운전불이행,건조,맑음,단일로 - 기타,승용,남,25세,상해없음,보행자,남,28세,중상
2017071500100064,2017년 7월 15일 02시,토요일,충청남도 천안시 서북구 성정동,경상사고,0,0,1,0,차대차 - 측면충돌,안전운전불이행,건조,흐림,교차로 - 교차로안,승용,남,27세,상해없음,승용,남,31세,경상
2017071500100113,2017년 7월 15일 05시,토요일,충청남도 천안시 서북구 직산읍,경상사고,0,0,1,0,차대차 - 기타,안전운전불이행,젖음/습기,비,단일로 - 기타,승용,남,34세,상해없음,승용,남,34세,상해없음
2017071500100141,2017년 7월 15일 07시,토요일,충청남도 천안시 동남구 청당동,경상사고,0,0,1,0,차대차 - 추돌,안전운전불이행,젖음/습기,맑음,기타 - 기타,승용,남,24세,상해없음,화물,남,31세,경상
2017071500100200,2017년 7월 15일 10시,토요일,충청남도 천안시 동남구 대흥동,경상사고,0,0,1,0,차대사람 - 횡단중,보행자보호의무위반,건조,맑음,단일로 - 기타,승용,남,28세,상해없음,보행자,남,77세,경상
2017071500100389,2017년 7월 15일 16시,토요일,충청남도 천안시 동남구 수신면,경상사고,0,0,8,0,차대차 - 추돌,안전운전불이행,건조,맑음,단일로 - 기타,승용,남,30세,경상,승용,남,52세,상해없음
2017071500100521,2017년 7월 15일 20시,토요일,충청남도 천안시 서북구 직산읍,경상사고,0,0,1,0,차대차 - 기타,안전운전불이행,건조,맑음,교차로 - 교차로부근,원동기,남,29세,상해없음,기타불명,여,75세,경상
2017071600100058,2017년 7월 16일 02시,일요일,충청남도 천안시 서북구 두정동,경상사고,0,0,2,0,차대차 - 측면충돌,안전운전불이행,젖음/습기,흐림,단일로 - 기타,승용,남,23세,상해없음,승용,여,24세,경상
2017071600100075,2017년 7월 16일 03시,일요일,충청남도 천안시 서북구 부대동,중상사고,0,1,2,0,차대차 - 기타,안전운전불이행,건조,맑음,단일로 - 기타,승용,남,55세,상해없음,농기계,남,80세,중상
2017071600100101,2017년 7월 16일 05시,일요일,충청남도 천안시 서북구 두정동,경상사고,0,0,2,0,차대차 - 측면충돌,안전운전불이행,젖음/습기,비,교차로 - 교차로안,승용,남,28세,상해없음,승용,남,23세,경상
2017071600100110,2017년 7월 16일 06시,일요일,충청남도 천안시 서북구 성정동,경상사고,0,0,4,0,차대차 - 기타,중앙선침범,젖음/습기,비,교차로 - 교차로부근,승용,남,20세,상해없음,승용,여,56세,경상
2017071600100130,2017년 7월 16일 08시,일요일,충청남도 천안시 서북구 두정동,경상사고,0,0,4,0,차대차 - 기타,신호위반,젖음/습기,비,교차로 - 교차로안,승용,남,56세,상해없음,승용,여,41세,경상
2017071600100141,2017년 7월 16일 09시,일요일,충청남도 천안시 서북구 성정동,경상사고,0,0,2,0,차대차 - 추돌,안전운전불이행,젖음/습기,비,교차로 - 교차로부근,승용,남,39세,상해없음,승용,남,34세,경상
2017071600100216,2017년 7월 16일 12시,일요일,충청남도 천안시 서북구 두정동,경상사고,0,0,1,2,차대차 - 측면충돌,교차로운행방법위반,젖음/습기,비,교차로 - 교차로안,승용,남,22세,부상신고,승합,남,55세,상해없음
2017071600100331,2017년 7월 16일 16시,일요일,충청남도 천안시 서북구 성환읍,경상사고,0,0,4,0,차대차 - 기타,중앙선침범,건조,맑음,기타 - 기타,승용,여,47세,상해없음,승용,남,58세,경상
2017071600100332,2017년 7월 16일 16시,일요일,충청남도 천안시 서북구 불당동,경상사고,0,0,3,0,차대차 - 추돌,안전운전불이행,건조,맑음,단일로 - 기타,승용,남,31세,상해없음,승용,여,32세,경상
2017071600100411,2017년 7월 16일 19시,일요일,충청남도 천안시 서북구 쌍용동,경상사고,0,0,1,1,차대차 - 기타,안전운전불이행,건조,맑음,단일로 - 기타,승합,남,46세,상해없음,승용,여,46세,경상
2017071600100496,2017년 7월 16일 22시,일요일,충청남도 천안시 동남구 신부동,경상사고,0,0,3,0,차대차 - 측면충돌,신호위반,건조,맑음,교차로 - 교차로안,승합,남,39세,경상,승합,남,58세,경상
2017071700100038,2017년 7월 17일 01시,월요일,충청남도 천안시 동남구 목천읍,중상사고,0,1,0,0,차대차 - 기타,안전운전불이행,젖음/습기,흐림,단일로 - 기타,승용,남,41세,상해없음,자전거,여,40세,중상
2017071700100094,2017년 7월 17일 07시,월요일,충청남도 천안시 서북구 성환읍,중상사고,0,2,0,0,차량단독 - 전도전복,안전운전불이행,건조,맑음,단일로 - 기타,이륜,남,18세,중상,미분류,미분류,미분류,미분류
2017071700100290,2017년 7월 17일 13시,월요일,충청남도 천안시 서북구 업성동,경상사고,0,0,2,0,차대차 - 기타,신호위반,젖음/습기,비,교차로 - 교차로안,화물,여,46세,경상,화물,남,43세,경상
2017071800100070,2017년 7월 18일 05시,화요일,충청남도 천안시 서북구 두정동,중상사고,0,1,0,0,차대차 - 기타,안전운전불이행,건조,맑음,단일로 - 기타,이륜,남,25세,중상,화물,남,30세,기타불명
2017071800100307,2017년 7월 18일 15시,화요일,충청남도 천안시 서북구 불당동,경상사고,0,0,3,0,차대차 - 기타,안전운전불이행,건조,맑음,교차로 - 교차로부근,승용,여,53세,상해없음,승용,여,41세,경상
2017071800100308,2017년 7월 18일 15시,화요일,충청남도 천안시 서북구 백석동,경상사고,0,0,2,0,차대차 - 기타,안전거리미확보,건조,맑음,교차로 - 교차로부근,승용,남,52세,상해없음,승용,남,23세,경상
2017071800100309,2017년 7월 18일 15시,화요일,충청남도 천안시 동남구 안서동,경상사고,0,0,1,0,차대사람 - 길가장자리구역통행중,안전운전불이행,건조,맑음,단일로 - 기타,화물,남,56세,상해없음,보행자,남,23세,경상
2017071800100417,2017년 7월 18일 18시,화요일,충청남도 천안시 서북구 성정동,중상사고,0,1,1,0,차대차 - 기타,안전거리미확보,건조,맑음,단일로 - 기타,화물,남,29세,상해없음,승합,남,52세,상해없음
2017071800100418,2017년 7월 18일 18시,화요일,충청남도 천안시 동남구 구룡동,경상사고,0,0,1,0,차대차 - 기타,안전운전불이행,건조,흐림,기타 - 기타,승용,남,63세,상해없음,이륜,남,27세,경상
2017071800100508,2017년 7월 18일 21시,화요일,충청남도 천안시 동남구 신부동,중상사고,0,1,0,0,차대차 - 추돌,안전운전불이행,건조,맑음,단일로 - 기타,화물,남,62세,상해없음,승용,여,33세,중상
2017071900100039,2017년 7월 19일 00시,수요일,충청남도 천안시 서북구 성정동,경상사고,0,0,1,0,차대차 - 기타,직진우회전진행방해,건조,맑음,교차로 - 교차로안,이륜,남,25세,상해없음,승용,남,36세,경상
2017071900100128,2017년 7월 19일 08시,수요일,충청남도 천안시 서북구 쌍용동,중상사고,0,1,0,0,차대차 - 측면충돌,신호위반,건조,맑음,교차로 - 교차로안,승용,여,51세,상해없음,승용,남,26세,중상
2017071900100247,2017년 7월 19일 12시,수요일,충청남도 천안시 동남구 목천읍,중상사고,0,1,0,0,차량단독 - 기타,안전운전불이행,건조,맑음,단일로 - 기타,승합,남,52세,상해없음,,,,
2017071900100424,2017년 7월 19일 17시,수요일,충청남도 천안시 서북구 불당동,중상사고,0,1,0,0,차대차 - 측면충돌,안전운전불이행,건조,맑음,단일로 - 기타,승용,여,53세,상해없음,승용,여,38세,중상
2017071900100428,2017년 7월 19일 17시,수요일,충청남도 천안시 동남구 수신면,경상사고,0,0,1,0,차대차 - 기타,중앙선침범,건조,맑음,단일로 - 기타,자전거,여,68세,경상,승용,남,40세,상해없음
2017071900100467,2017년 7월 19일 18시,수요일,충청남도 천안시 서북구 쌍용동,중상사고,0,1,0,0,차대사람 - 횡단중,안전운전불이행,건조,맑음,기타 - 기타,승용,여,38세,상해없음,보행자,남,7세,중상
2017071900100545,2017년 7월 19일 20시,수요일,충청남도 천안시 서북구 성정동,경상사고,0,0,1,0,차대사람 - 횡단중,신호위반,건조,맑음,교차로 - 교차로횡단보도내,승용,여,40세,상해없음,보행자,여,24세,경상
2017071900100578,2017년 7월 19일 21시,수요일,충청남도 천안시 동남구 구성동,경상사고,0,0,1,0,차대차 - 측면충돌,안전운전불이행,건조,맑음,단일로 - 기타,승용,남,27세,상해없음,자전거,남,52세,경상
2017072000100032,2017년 7월 20일 00시,목요일,충청남도 천안시 서북구 불당동,경상사고,0,0,3,0,차대차 - 측면충돌,신호위반,건조,맑음,교차로 - 교차로안,이륜,남,18세,경상,승용,남,43세,경상
2017072000100052,2017년 7월 20일 02시,목요일,충청남도 천안시 동남구 문화동,경상사고,0,0,1,0,차대차 - 정면충돌,중앙선침범,건조,맑음,교차로 - 교차로부근,화물,남,17세,상해없음,승용,남,20세,경상
2017072000100202,2017년 7월 20일 10시,목요일,충청남도 천안시 서북구 입장면,중상사고,0,1,0,0,차대차 - 측면충돌,안전운전불이행,건조,맑음,교차로 - 교차로안,화물,남,55세,상해없음,화물,남,54세,중상
2017072000100302,2017년 7월 20일 13시,목요일,충청남도 천안시 동남구 청수동,경상사고,0,0,1,0,차대차 - 추돌,직진우회전진행방해,건조,맑음,교차로 - 교차로안,승용,남,61세,상해없음,이륜,남,68세,경상
2017072000100303,2017년 7월 20일 13시,목요일,충청남도 천안시 동남구 오룡동,중상사고,0,1,0,0,차대차 - 측면충돌,직진우회전진행방해,건조,맑음,교차로 - 교차로안,화물,남,48세,상해없음,이륜,남,56세,중상
2017072000100373,2017년 7월 20일 16시,목요일,충청남도 천안시 동남구 신부동,경상사고,0,0,1,1,차대차 - 측면충돌,신호위반,건조,맑음,교차로 - 교차로안,이륜,남,38세,부상신고,승용,여,43세,경상
2017072000100459,2017년 7월 20일 18시,목요일,충청남도 천안시 동남구 병천면,사망사고,1,1,0,0,차대차 - 정면충돌,중앙선침범,건조,맑음,단일로 - 기타,승용,여,46세,사망,승용,남,31세,중상
2017072000100460,2017년 7월 20일 18시,목요일,충청남도 천안시 동남구 신부동,경상사고,0,0,1,0,차대차 - 측면충돌,안전운전불이행,건조,맑음,교차로 - 교차로안,이륜,남,23세,상해없음,자전거,남,10세,경상
2017072000100500,2017년 7월 20일 19시,목요일,충청남도 천안시 동남구 신부동,경상사고,0,0,1,0,차대차 - 정면충돌,안전운전불이행,건조,맑음,단일로 - 지하차도(도로)내,승합,여,21세,경상,승용,남,72세,상해없음
2017072000100559,2017년 7월 20일 21시,목요일,충청남도 천안시 서북구 입장면,경상사고,0,0,3,0,차대차 - 측면충돌,안전운전불이행,건조,흐림,단일로 - 기타,승용,남,60세,상해없음,승용,남,42세,경상
2017072100100055,2017년 7월 21일 04시,금요일,충청남도 천안시 서북구 두정동,중상사고,0,1,0,0,차대차 - 기타,안전운전불이행,건조,맑음,교차로 - 교차로부근,승용,남,49세,상해없음,원동기,남,24세,중상
2017072100100087,2017년 7월 21일 07시,금요일,충청남도 천안시 서북구 입장면,경상사고,0,0,1,0,차대차 - 기타,안전운전불이행,건조,맑음,교차로 - 교차로안,승용,남,60세,기타불명,화물,남,40세,경상
2017072100100117,2017년 7월 21일 08시,금요일,충청남도 천안시 동남구 신부동,경상사고,0,0,1,0,차대차 - 기타,안전운전불이행,건조,맑음,교차로 - 교차로안,승용,여,44세,상해없음,승용,여,35세,경상
2017072100100314,2017년 7월 21일 14시,금요일,충청남도 천안시 서북구 백석동,경상사고,0,0,2,0,차대차 - 측면충돌,교차로운행방법위반,건조,맑음,교차로 - 교차로안,승용,여,51세,상해없음,승용,남,48세,경상
2017072100100431,2017년 7월 21일 17시,금요일,충청남도 천안시 서북구 성거읍,경상사고,0,0,1,0,차대차 - 기타,안전운전불이행,건조,맑음,단일로 - 기타,승용,남,51세,상해없음,이륜,남,45세,경상
2017072100100433,2017년 7월 21일 17시,금요일,충청남도 천안시 동남구 신방동,경상사고,0,0,2,0,차대차 - 측면충돌,직진우회전진행방해,건조,맑음,교차로 - 교차로안,승용,여,52세,상해없음,이륜,남,17세,경상
2017072100100519,2017년 7월 21일 19시,금요일,충청남도 천안시 서북구 성정동,경상사고,0,0,1,0,차대차 - 기타,중앙선침범,건조,맑음,교차로 - 교차로부근,승용,남,34세,상해없음,이륜,남,26세,경상
2017072100100555,2017년 7월 21일 20시,금요일,충청남도 천안시 서북구 신당동,경상사고,0,0,2,0,차대차 - 기타,안전거리미확보,젖음/습기,흐림,교차로 - 교차로부근,승용,남,66세,상해없음,승용,남,34세,경상
2017072100100618,2017년 7월 21일 22시,금요일,충청남도 천안시 서북구 백석동,경상사고,0,0,1,0,차대차 - 측면충돌,안전거리미확보,건조,맑음,교차로 - 교차로안,승용,남,29세,기타불명,승용,남,42세,경상
2017072200100068,2017년 7월 22일 02시,토요일,충청남도 천안시 서북구 두정동,경상사고,0,0,1,0,차대차 - 측면충돌,안전운전불이행,건조,맑음,단일로 - 기타,화물,남,49세,상해없음,승용,남,62세,상해없음
2017072200100094,2017년 7월 22일 04시,토요일,충청남도 천안시 서북구 쌍용동,경상사고,0,0,1,0,차대차 - 기타,신호위반,젖음/습기,흐림,교차로 - 교차로안,승용,남,27세,상해없음,승용,남,50세,상해없음
2017072200100180,2017년 7월 22일 09시,토요일,충청남도 천안시 동남구 다가동,경상사고,0,0,1,0,차대차 - 측면충돌,안전운전불이행,건조,맑음,교차로 - 교차로안,원동기,남,48세,경상,승용,남,55세,상해없음
2017072200100197,2017년 7월 22일 10시,토요일,충청남도 천안시 동남구 수신면,중상사고,0,1,0,0,차대차 - 측면충돌,안전운전불이행,건조,흐림,단일로 - 기타,승용,남,26세,상해없음,승합,남,57세,중상
2017072200100431,2017년 7월 22일 16시,토요일,충청남도 천안시 동남구 원성동,중상사고,0,2,5,1,차대차 - 측면충돌,안전운전불이행,건조,맑음,단일로 - 기타,승용,남,80세,중상,승용,남,59세,경상
2017072200100510,2017년 7월 22일 18시,토요일,충청남도 천안시 동남구 수신면,중상사고,0,1,2,0,차대차 - 추돌,안전운전불이행,건조,맑음,단일로 - 기타,승용,남,59세,상해없음,승용,남,50세,상해없음
2017072200100553,2017년 7월 22일 19시,토요일,충청남도 천안시 서북구 두정동,경상사고,0,0,2,0,차대사람 - 기타,안전운전불이행,건조,맑음,단일로 - 기타,승용,여,23세,경상,보행자,여,20세,경상
2017072200100555,2017년 7월 22일 19시,토요일,충청남도 천안시 동남구 청당동,중상사고,0,1,0,0,차대사람 - 횡단중,보행자보호의무위반,건조,맑음,교차로 - 교차로안,승용,남,27세,상해없음,보행자,남,62세,중상
2017072300100063,2017년 7월 23일 03시,일요일,충청남도 천안시 동남구 신부동,경상사고,0,0,1,0,차대차 - 측면충돌,신호위반,건조,맑음,교차로 - 교차로안,이륜,남,18세,상해없음,승용,남,65세,상해없음
2017072300100149,2017년 7월 23일 10시,일요일,충청남도 천안시 서북구 불당동,경상사고,0,0,1,0,차대차 - 기타,안전운전불이행,건조,맑음,교차로 - 교차로부근,승합,남,49세,상해없음,화물,남,52세,경상
2017072300100198,2017년 7월 23일 12시,일요일,충청남도 천안시 동남구 신부동,경상사고,0,0,1,0,차대차 - 후진중충돌,안전운전불이행,건조,맑음,주차장 - 주차장,승합,여,45세,상해없음,승용,남,22세,경상
2017072300100295,2017년 7월 23일 16시,일요일,충청남도 천안시 서북구 성정동,중상사고,0,1,0,0,차대사람 - 횡단중,보행자보호의무위반,건조,맑음,교차로 - 교차로부근,화물,남,65세,상해없음,보행자,남,51세,중상
2017072300100434,2017년 7월 23일 21시,일요일,충청남도 천안시 서북구 성정동,경상사고,0,0,1,0,차대사람 - 횡단중,안전운전불이행,건조,맑음,교차로 - 교차로안,승용,여,53세,상해없음,보행자,여,44세,경상
2017072300100468,2017년 7월 23일 23시,일요일,충청남도 천안시 서북구 불당동,사망사고,1,0,1,0,차량단독 - 공작물충돌,안전운전불이행,건조,맑음,단일로 - 기타,승용,남,27세,사망,,,,
2017072400100062,2017년 7월 24일 03시,월요일,충청남도 천안시 동남구 청수동,중상사고,0,1,0,0,차대차 - 정면충돌,안전운전불이행,건조,맑음,교차로 - 교차로안,승합,남,42세,상해없음,승용,남,39세,중상
2017072400100121,2017년 7월 24일 08시,월요일,충청남도 천안시 동남구 봉명동,경상사고,0,0,1,0,차대차 - 측면충돌,직진우회전진행방해,젖음/습기,흐림,교차로 - 교차로안,승용,여,22세,상해없음,승용,여,29세,경상