사고번호,사고일시,요일,시군구,사고내용,사망자수,중상자수,경상자수,부상신고자수,사고유형,법규위반,노면상태,기상상태,도로형태,가해운전자 차종,가해운전자 성별,가해운전자 연령,가해운전자 상해정도,피해운전자 차종,피해운전자 성별,피해운전자 연령,피해운전자 상해정도
2017081300100380,2017년 8월 13일 20시,일요일,충청남도 천안시 동남구 목천읍,중상사고,0,1,0,0,차대차 - 정면충돌,안전운전불이행,건조,맑음,교차로 - 교차로안,승용,여,41세,상해없음,이륜,남,17세,중상
2017081300100381,2017년 8월 13일 20시,일요일,충청남도 천안시 서북구 입장면,중상사고,0,1,0,0,차대차 - 측면충돌,안전운전불이행,건조,맑음,단일로 - 기타,승용,남,26세,상해없음,승용,남,52세,중상
2017081300100439,2017년 8월 13일 22시,일요일,충청남도 천안시 서북구 성환읍,경상사고,0,0,1,0,차대차 - 추돌,안전거리미확보,건조,맑음,교차로 - 교차로부근,승용,남,49세,상해없음,승용,여,61세,경상
2017081400100026,2017년 8월 14일 00시,월요일,충청남도 천안시 서북구 신당동,중상사고,0,1,2,0,차대차 - 추돌,안전운전불이행,건조,맑음,교차로 - 교차로부근,승용,남,25세,상해없음,승용,남,57세,경상
2017081400100043,2017년 8월 14일 01시,월요일,충청남도 천안시 서북구 두정동,경상사고,0,0,1,0,차대사람 - 횡단중,안전운전불이행,건조,맑음,단일로 - 기타,승용,남,20세,상해없음,보행자,남,24세,경상
2017081400100070,2017년 8월 14일 05시,월요일,충청남도 천안시 서북구 두정동,경상사고,0,0,1,0,차대차 - 추돌,안전운전불이행,건조,맑음,교차로 - 교차로부근,승용,남,26세,기타불명,승용,남,30세,경상
2017081400100126,2017년 8월 14일 08시,월요일,충청남도 천안시 서북구 성거읍,경상사고,0,0,1,0,차대차 - 측면충돌,안전운전불이행,건조,맑음,교차로 - 교차로안,승용,남,52세,상해없음,승용,남,46세,경상
2017081400100318,2017년 8월 14일 13시,월요일,충청남도 천안시 서북구 쌍용동,경상사고,0,0,1,0,차대차 - 기타,안전거리미확보,젖음/습기,비,단일로 - 기타,건설기계,남,59세,상해없음,승용,여,44세,경상
2017081400100361,2017년 8월 14일 14시,월요일,충청남도 천안시 서북구 신당동,중상사고,0,1,0,0,차대차 - 측면충돌,차로위반,젖음/습기,비,교차로 - 교차로안,승용,여,56세,상해없음,승합,남,67세,상해없음
2017081400100648,2017년 8월 14일 21시,월요일,충청남도 천안시 서북구 백석동,경상사고,0,0,1,0,차대차 - 기타,안전운전불이행,젖음/습기,비,단일로 - 기타,승용,여,29세,상해없음,원동기,남,23세,경상
2017081400100649,2017년 8월 14일 21시,월요일,충청남도 천안시 서북구 백석동,경상사고,0,0,1,0,차대사람 - 보도통행중,기타,젖음/습기,비,단일로 - 기타,원동기,남,32세,상해없음,보행자,남,20세,경상
2017081500100023,2017년 8월 15일 00시,화요일,충청남도 천안시 서북구 백석동,중상사고,0,1,0,0,차대차 - 추돌,안전운전불이행,젖음/습기,비,단일로 - 기타,승용,여,41세,상해없음,승용,남,38세,중상
2017081500100076,2017년 8월 15일 03시,화요일,충청남도 천안시 서북구 불당동,중상사고,0,1,0,0,차대차 - 추돌,안전운전불이행,젖음/습기,비,교차로 - 교차로부근,승용,남,42세,상해없음,승용,남,27세,중상
2017081500100329,2017년 8월 15일 17시,화요일,충청남도 천안시 동남구 쌍용동,경상사고,0,0,2,0,차대차 - 추돌,안전운전불이행,건조,맑음,교차로 - 교차로부근,승용,남,27세,경상,화물,남,52세,경상
2017081500100396,2017년 8월 15일 19시,화요일,충청남도 천안시 서북구 성정동,경상사고,0,0,1,0,차대차 - 측면충돌,안전운전불이행,젖음/습기,비,교차로 - 교차로안,승용,남,25세,상해없음,이륜,남,41세,경상
2017081500100496,2017년 8월 15일 22시,화요일,충청남도 천안시 서북구 두정동,중상사고,0,1,0,0,차대차 - 측면충돌,안전운전불이행,젖음/습기,비,단일로 - 기타,승용,남,31세,상해없음,이륜,남,41세,중상
2017081500100498,2017년 8월 15일 22시,화요일,충청남도 천안시 동남구 다가동,중상사고,0,1,0,0,차대사람 - 길가장자리구역통행중,안전운전불이행,건조,맑음,단일로 - 기타,승용,남,38세,기타불명,보행자,여,66세,중상
2017081600100049,2017년 8월 16일 01시,수요일,충청남도 천안시 동남구 목천읍,중상사고,0,1,3,0,차대차 - 추돌,교차로운행방법위반,건조,맑음,교차로 - 교차로안,승용,남,33세,상해없음,승용,남,18세,중상
2017081600100067,2017년 8월 16일 03시,수요일,충청남도 천안시 서북구 쌍용동,경상사고,0,0,1,0,차대차 - 추돌,안전운전불이행,젖음/습기,비,단일로 - 기타,승용,남,30세,상해없음,승용,남,47세,경상
2017081600100078,2017년 8월 16일 04시,수요일,충청남도 천안시 동남구 신방동,경상사고,0,0,2,0,차대차 - 측면충돌,안전운전불이행,젖음/습기,흐림,교차로 - 교차로부근,승용,남,19세,상해없음,화물,남,58세,경상
2017081600100096,2017년 8월 16일 06시,수요일,충청남도 천안시 서북구 백석동,경상사고,0,0,2,0,차대차 - 추돌,안전운전불이행,건조,맑음,단일로 - 기타,화물,남,48세,상해없음,승용,남,46세,경상
2017081600100108,2017년 8월 16일 07시,수요일,충청남도 천안시 동남구 원성동,경상사고,0,0,1,0,차대차 - 측면충돌,신호위반,건조,맑음,교차로 - 교차로부근,승용,남,47세,기타불명,승용,남,42세,경상
2017081600100134,2017년 8월 16일 08시,수요일,충청남도 천안시 서북구 두정동,경상사고,0,0,1,0,차대차 - 기타,교차로운행방법위반,건조,맑음,교차로 - 교차로안,승용,남,25세,상해없음,승용,남,48세,경상
2017081600100172,2017년 8월 16일 09시,수요일,충청남도 천안시 동남구 동면,중상사고,0,1,0,0,차대차 - 측면충돌,직진우회전진행방해,건조,맑음,교차로 - 교차로안,사륜오토바이(ATV),여,70세,중상,화물,여,56세,상해없음
2017081600100223,2017년 8월 16일 11시,수요일,충청남도 천안시 동남구 병천면,경상사고,0,0,1,0,차대사람 - 횡단중,안전운전불이행,건조,맑음,교차로 - 교차로안,승용,여,53세,상해없음,보행자,남,21세,경상
2017081600100252,2017년 8월 16일 12시,수요일,충청남도 천안시 서북구 쌍용동,경상사고,0,0,1,0,차대차 - 추돌,안전운전불이행,건조,맑음,단일로 - 기타,승용,남,48세,상해없음,승용,남,63세,상해없음
2017081600100275,2017년 8월 16일 13시,수요일,충청남도 천안시 서북구 두정동,중상사고,0,1,0,0,차대차 - 기타,직진우회전진행방해,건조,맑음,교차로 - 교차로안,승용,여,43세,상해없음,승용,남,43세,중상
2017081600100301,2017년 8월 16일 14시,수요일,충청남도 천안시 동남구 목천읍,경상사고,0,0,3,0,차대차 - 기타,안전운전불이행,건조,맑음,교차로 - 교차로안,승용,여,60세,상해없음,승용,여,54세,경상
2017081600100337,2017년 8월 16일 15시,수요일,충청남도 천안시 동남구 신부동,경상사고,0,0,1,0,차대차 - 측면충돌,안전거리미확보,건조,맑음,단일로 - 기타,건설기계,남,49세,상해없음,승용,남,36세,경상
2017081600100446,2017년 8월 16일 18시,수요일,충청남도 천안시 서북구 불당동,중상사고,0,1,0,0,차대사람 - 기타,안전운전불이행,건조,맑음,교차로 - 교차로안,승용,남,37세,상해없음,보행자,남,9세,중상
2017081600100447,2017년 8월 16일 18시,수요일,충청남도 천안시 서북구 성거읍,중상사고,0,1,2,0,차대차 - 측면충돌,안전운전불이행,건조,맑음,단일로 - 기타,화물,남,41세,상해없음,승용,남,33세,경상
2017081600100511,2017년 8월 16일 20시,수요일,충청남도 천안시 동남구 성남면,경상사고,0,0,1,0,차대차 - 측면충돌,안전운전불이행,건조,맑음,단일로 - 기타,승용,남,62세,상해없음,화물,남,47세,경상
2017081600100549,2017년 8월 16일 21시,수요일,충청남도 천안시 서북구 두정동,경상사고,0,0,2,0,차대차 - 측면충돌,교차로운행방법위반,건조,맑음,교차로 - 교차로안,승용,남,26세,상해없음,승용,여,22세,경상
2017081600100575,2017년 8월 16일 22시,수요일,충청남도 천안시 서북구 불당동,경상사고,0,0,1,0,차대차 - 기타,차로위반,건조,맑음,단일로 - 기타,승용,남,62세,상해없음,승합,남,52세,경상
2017081700100031,2017년 8월 17일 00시,목요일,충청남도 천안시 서북구 성정동,경상사고,0,0,1,0,차대차 - 정면충돌,안전운전불이행,건조,맑음,교차로 - 교차로부근,승용,남,20세,기타불명,승용,남,29세,경상
2017081700100173,2017년 8월 17일 09시,목요일,충청남도 천안시 서북구 성환읍,중상사고,0,1,0,0,차대차 - 기타,안전운전불이행,건조,맑음,교차로 - 교차로부근,화물,남,33세,상해없음,이륜,남,74세,중상
2017081700100218,2017년 8월 17일 11시,목요일,충청남도 천안시 동남구 대흥동,경상사고,0,0,1,0,차대사람 - 기타,안전운전불이행,건조,맑음,단일로 - 기타,승용,남,70세,상해없음,보행자,여,63세,경상
2017081700100308,2017년 8월 17일 14시,목요일,충청남도 천안시 서북구 쌍용동,경상사고,0,0,1,0,차대차 - 기타,안전운전불이행,건조,맑음,단일로 - 기타,승용,남,76세,상해없음,승용,남,34세,경상
2017081700100309,2017년 8월 17일 14시,목요일,충청남도 천안시 동남구 병천면,중상사고,0,1,0,0,차대사람 - 기타,안전운전불이행,건조,맑음,단일로 - 기타,승합,남,62세,상해없음,보행자,남,88세,중상
2017081700100460,2017년 8월 17일 18시,목요일,충청남도 천안시 동남구 수신면,사망사고,1,1,0,0,차대사람 - 횡단중,안전운전불이행,건조,흐림,단일로 - 기타,화물,남,27세,상해없음,보행자,여,16세,사망
2017081700100519,2017년 8월 17일 20시,목요일,충청남도 천안시 서북구 두정동,경상사고,0,0,1,0,차대차 - 추돌,안전운전불이행,건조,맑음,단일로 - 지하차도(도로)내,승용,남,40세,상해없음,승용,남,39세,경상
2017081800100028,2017년 8월 18일 01시,금요일,충청남도 천안시 서북구 두정동,경상사고,0,0,1,0,차대차 - 기타,안전거리미확보,건조,맑음,교차로 - 교차로부근,승용,남,58세,상해없음,승용,남,21세,경상
2017081800100047,2017년 8월 18일 03시,금요일,충청남도 천안시 서북구 두정동,경상사고,0,0,1,0,차대사람 - 기타,안전운전불이행,건조,맑음,교차로 - 교차로안,승용,남,22세,상해없음,보행자,남,22세,경상
2017081800100120,2017년 8월 18일 08시,금요일,충청남도 천안시 서북구 쌍용동,중상사고,0,1,0,0,차대사람 - 기타,보행자보호의무위반,건조,맑음,교차로 - 교차로횡단보도내,승합,남,46세,상해없음,보행자,남,81세,중상
2017081800100122,2017년 8월 18일 08시,금요일,충청남도 천안시 동남구 영성동,경상사고,0,0,1,0,차대차 - 측면충돌,교차로운행방법위반,건조,맑음,교차로 - 교차로안,승합,남,62세,상해없음,승용,남,63세,경상
2017081800100344,2017년 8월 18일 15시,금요일,충청남도 천안시 서북구 성거읍,사망사고,1,0,0,0,차대사람 - 길가장자리구역통행중,안전운전불이행,건조,맑음,단일로 - 기타,화물,남,71세,상해없음,보행자,여,63세,사망
2017081900100031,2017년 8월 19일 00시,토요일,충청남도 천안시 서북구 두정동,경상사고,0,0,2,0,차대차 - 기타,안전운전불이행,건조,맑음,단일로 - 기타,승용,남,58세,상해없음,승용,남,23세,경상
2017081900100380,2017년 8월 19일 17시,토요일,충청남도 천안시 서북구 불당동,경상사고,0,0,1,0,차대차 - 기타,안전운전불이행,건조,맑음,단일로 - 기타,원동기,남,54세,경상,승용,남,44세,상해없음
2017081900100381,2017년 8월 19일 17시,토요일,충청남도 천안시 서북구 쌍용동,경상사고,0,0,1,0,차대차 - 기타,안전운전불이행,건조,맑음,단일로 - 기타,원동기,남,48세,경상,승용,여,56세,상해없음
2017081900100421,2017년 8월 19일 18시,토요일,충청남도 천안시 서북구 와촌동,중상사고,0,2,0,0,차대차 - 기타,안전운전불이행,건조,맑음,단일로 - 기타,승용,남,60세,상해없음,승용,남,40세,중상
2017081900100457,2017년 8월 19일 19시,토요일,충청남도 천안시 동남구 신부동,경상사고,0,0,1,0,차대차 - 기타,안전운전불이행,건조,맑음,교차로 - 교차로안,승용,남,55세,기타불명,승용,여,55세,경상
2017081900100458,2017년 8월 19일 19시,토요일,충청남도 천안시 동남구 신부동,경상사고,0,0,1,0,차대차 - 기타,직진우회전진행방해,건조,맑음,교차로 - 교차로안,이륜,남,18세,경상,승용,여,62세,상해없음
2017081900100496,2017년 8월 19일 20시,토요일,충청남도 천안시 동남구 성남면,중상사고,0,1,1,0,차대차 - 추돌,안전운전불이행,건조,맑음,단일로 - 기타,화물,남,61세,경상,농기계,남,41세,기타불명
2017081900100548,2017년 8월 19일 22시,토요일,충청남도 천안시 동남구 신방동,중상사고,0,1,3,0,차대차 - 측면충돌,교차로운행방법위반,젖음/습기,비,교차로 - 교차로안,승용,여,25세,경상,승합,남,37세,중상
2017081900100587,2017년 8월 19일 23시,토요일,충청남도 천안시 동남구 신방동,중상사고,0,1,0,0,차대차 - 측면충돌,신호위반,건조,맑음,교차로 - 교차로안,승용,남,44세,상해없음,이륜,남,48세,중상
2017082000100026,2017년 8월 20일 00시,일요일,충청남도 천안시 서북구 쌍용동,경상사고,0,0,1,0,차대차 - 추돌,안전운전불이행,건조,맑음,단일로 - 기타,승용,남,24세,상해없음,승용,여,46세,경상
2017082000100194,2017년 8월 20일 10시,일요일,충청남도 천안시 동남구 신방동,중상사고,0,1,0,0,차대사람 - 횡단중,보행자보호의무위반,건조,맑음,단일로 - 기타,승합,남,47세,상해없음,보행자,여,74세,중상
2017082000100220,2017년 8월 20일 11시,일요일,충청남도 천안시 동남구 봉명동,경상사고,0,0,1,0,차대사람 - 기타,안전운전불이행,건조,맑음,기타 - 기타,자전거,남,70세,상해없음,보행자,여,59세,경상
2017082000100305,2017년 8월 20일 15시,일요일,충청남도 천안시 서북구 쌍용동,중상사고,0,1,0,0,차대차 - 기타,기타,건조,맑음,교차로 - 교차로안,승용,남,39세,상해없음,사륜오토바이(ATV),남,62세,중상
2017082000100352,2017년 8월 20일 17시,일요일,충청남도 천안시 서북구 불당동,중상사고,0,3,1,0,차대차 - 기타,안전운전불이행,건조,맑음,교차로 - 교차로부근,승용,남,23세,상해없음,승용,남,48세,중상
2017082000100392,2017년 8월 20일 19시,일요일,충청남도 천안시 서북구 두정동,중상사고,0,2,0,0,차대차 - 측면충돌,직진우회전진행방해,젖음/습기,비,교차로 - 교차로부근,승용,여,29세,상해없음,승용,남,26세,중상
2017082000100394,2017년 8월 20일 19시,일요일,충청남도 천안시 동남구 신부동,중상사고,0,2,0,0,차대차 - 측면충돌,중앙선침범,젖음/습기,비,기타 - 기타,승용,여,50세,기타불명,승용,여,53세,중상
2017082000100395,2017년 8월 20일 19시,일요일,충청남도 천안시 동남구 신부동,경상사고,0,0,2,0,차대차 - 측면충돌,안전운전불이행,젖음/습기,비,교차로 - 교차로안,승용,남,25세,경상,승합,남,34세,상해없음
2017082100100102,2017년 8월 21일 07시,월요일,충청남도 천안시 서북구 성환읍,중상사고,0,1,2,0,차대차 - 기타,신호위반,젖음/습기,흐림,교차로 - 교차로안,승용,남,38세,상해없음,승합,남,27세,경상
2017082100100139,2017년 8월 21일 08시,월요일,충청남도 천안시 서북구 불당동,경상사고,0,0,1,0,차대차 - 기타,안전거리미확보,건조,맑음,단일로 - 기타,승용,남,59세,상해없음,승용,여,40세,경상
2017082100100268,2017년 8월 21일 12시,월요일,충청남도 천안시 서북구 백석동,경상사고,0,0,1,0,차대차 - 추돌,안전운전불이행,건조,맑음,단일로 - 기타,승용,남,25세,상해없음,승용,남,40세,경상
2017082100100352,2017년 8월 21일 15시,월요일,충청남도 천안시 서북구 두정동,경상사고,0,0,1,0,차대차 - 기타,안전운전불이행,젖음/습기,비,단일로 - 기타,승용,남,23세,상해없음,이륜,남,27세,경상
2017082100100393,2017년 8월 21일 16시,월요일,충청남도 천안시 동남구 풍세면,경상사고,0,0,1,0,차량단독 - 전도전복,안전운전불이행,젖음/습기,맑음,단일로 - 기타,이륜,남,67세,경상,미분류,미분류,미분류,미분류
2017082100100587,2017년 8월 21일 21시,월요일,충청남도 천안시 서북구 성환읍,경상사고,0,0,1,0,차대차 - 추돌,안전운전불이행,건조,흐림,교차로 - 교차로부근,승용,남,57세,상해없음,승용,여,44세,경상
2017082200100236,2017년 8월 22일 11시,화요일,충청남도 천안시 동남구 성황동,중상사고,0,1,0,0,차대차 - 측면충돌,신호위반,건조,맑음,교차로 - 교차로안,승용,여,50세,상해없음,승용,남,35세,중상
2017082200100328,2017년 8월 22일 14시,화요일,충청남도 천안시 동남구 원성동,경상사고,0,0,1,0,차대차 - 측면충돌,안전운전불이행,건조,맑음,단일로 - 기타,건설기계,남,48세,기타불명,승용,여,37세,경상
2017082200100442,2017년 8월 22일 17시,화요일,충청남도 천안시 동남구 신부동,경상사고,0,0,1,0,차대사람 - 횡단중,안전운전불이행,건조,맑음,단일로 - 기타,승용,여,73세,상해없음,보행자,여,9세,경상
2017082200100554,2017년 8월 22일 20시,화요일,충청남도 천안시 서북구 두정동,경상사고,0,0,1,0,차대차 - 기타,직진우회전진행방해,건조,맑음,교차로 - 교차로안,승용,여,45세,상해없음,승용,남,72세,경상
2017082200100557,2017년 8월 22일 20시,화요일,충청남도 천안시 동남구 성황동,경상사고,0,0,4,0,차대차 - 정면충돌,직진우회전진행방해,건조,맑음,교차로 - 교차로안,승용,여,19세,경상,승용,남,25세,경상
2017082200100558,2017년 8월 22일 20시,화요일,충청남도 천안시 동남구 신부동,경상사고,0,0,2,0,차대차 - 측면충돌,신호위반,건조,맑음,단일로 - 기타,승용,남,27세,상해없음,이륜,남,22세,경상
2017082200100588,2017년 8월 22일 21시,화요일,충청남도 천안시 서북구 두정동,경상사고,0,0,1,0,차대사람 - 기타,안전운전불이행,건조,맑음,단일로 - 기타,승용,남,52세,상해없음,보행자,여,19세,경상
2017082300100041,2017년 8월 23일 02시,수요일,충청남도 천안시 서북구 성정동,중상사고,0,2,1,0,차대차 - 측면충돌,교차로운행방법위반,젖음/습기,비,교차로 - 교차로안,승용,남,48세,중상,승용,남,56세,경상
2017082300100086,2017년 8월 23일 06시,수요일,충청남도 천안시 동남구 봉명동,중상사고,0,1,0,0,차대사람 - 기타,안전운전불이행,건조,맑음,단일로 - 기타,기타불명,기타불명,미분류,기타불명,보행자,여,79세,중상
2017082300100110,2017년 8월 23일 07시,수요일,충청남도 천안시 동남구 다가동,중상사고,0,1,0,0,차대차 - 측면충돌,신호위반,건조,맑음,교차로 - 교차로안,화물,남,70세,상해없음,승용,여,62세,중상
2017082300100111,2017년 8월 23일 07시,수요일,충청남도 천안시 동남구 풍세면,경상사고,0,0,1,1,차대차 - 측면충돌,안전운전불이행,건조,맑음,교차로 - 교차로안,승용,여,30세,경상,승합,남,74세,상해없음
2017082300100190,2017년 8월 23일 09시,수요일,충청남도 천안시 서북구 성정동,경상사고,0,0,1,0,차대차 - 측면충돌,직진우회전진행방해,건조,맑음,교차로 - 교차로안,승용,여,37세,상해없음,승용,남,54세,경상
2017082300100338,2017년 8월 23일 14시,수요일,충청남도 천안시 동남구 풍세면,경상사고,0,0,1,0,차대차 - 측면충돌,안전운전불이행,건조,맑음,교차로 - 교차로안,화물,남,54세,상해없음,화물,남,28세,경상
2017082300100479,2017년 8월 23일 18시,수요일,충청남도 천안시 서북구 성정동,중상사고,0,1,0,0,차대사람 - 기타,안전운전불이행,건조,맑음,교차로 - 교차로부근,화물,남,61세,상해없음,보행자,남,66세,중상
2017082300100518,2017년 8월 23일 19시,수요일,충청남도 천안시 서북구 두정동,경상사고,0,0,1,0,차대차 - 정면충돌,교차로운행방법위반,건조,맑음,교차로 - 교차로안,승용,여,26세,상해없음,승용,남,36세,경상
2017082300100554,2017년 8월 23일 20시,수요일,충청남도 천안시 동남구 병천면,중상사고,0,1,2,0,차대차 - 추돌,안전운전불이행,건조,맑음,단일로 - 기타,화물,남,61세,경상,승용,남,31세,중상
2017082300100634,2017년 8월 23일 23시,수요일,충청남도 천안시 동남구 신부동,경상사고,0,0,1,0,차대차 - 추돌,안전운전불이행,건조,맑음,기타 - 기타,승용,남,35세,기타불명,승용,남,67세,경상
2017082400100378,2017년 8월 24일 16시,목요일,충청남도 천안시 동남구 원성동,경상사고,0,0,1,0,차대차 - 측면충돌,기타,젖음/습기,비,단일로 - 기타,화물,남,59세,상해없음,승용,남,36세,경상
2017082400100421,2017년 8월 24일 17시,목요일,충청남도 천안시 동남구 신방동,경상사고,0,0,1,0,차대차 - 측면충돌,안전운전불이행,침수,비,단일로 - 기타,승용,남,21세,상해없음,승용,남,25세,경상
2017082500100046,2017년 8월 25일 01시,금요일,충청남도 천안시 서북구 성정동,경상사고,0,0,2,0,차대차 - 측면충돌,안전운전불이행,건조,맑음,교차로 - 교차로안,승용,남,25세,상해없음,이륜,남,50세,경상
2017082500100105,2017년 8월 25일 07시,금요일,충청남도 천안시 동남구 봉명동,경상사고,0,0,1,0,차대사람 - 기타,안전운전불이행,건조,맑음,단일로 - 기타,기타불명,기타불명,미분류,기타불명,보행자,여,65세,경상
2017082500100134,2017년 8월 25일 08시,금요일,충청남도 천안시 서북구 쌍용동,경상사고,0,0,1,0,차대차 - 추돌,안전운전불이행,건조,맑음,교차로 - 교차로부근,승용,남,28세,상해없음,승용,남,37세,경상
2017082500100230,2017년 8월 25일 11시,금요일,충청남도 천안시 동남구 신부동,경상사고,0,0,1,0,차대사람 - 횡단중,보행자보호의무위반,건조,맑음,교차로 - 교차로안,승용,남,56세,상해없음,보행자,여,48세,경상
2017082500100501,2017년 8월 25일 18시,금요일,충청남도 천안시 동남구 목천읍,사망사고,1,1,0,0,차대차 - 정면충돌,중앙선침범,건조,맑음,교차로 - 교차로부근,화물,남,62세,사망,화물,남,38세,중상
2017082500100557,2017년 8월 25일 19시,금요일,충청남도 천안시 서북구 불당동,경상사고,0,0,2,0,차대차 - 측면충돌,안전운전불이행,건조,맑음,단일로 - 기타,승용,남,47세,상해없음,승용,여,47세,경상
2017082500100638,2017년 8월 25일 21시,금요일,충청남도 천안시 서북구 성환읍,경상사고,0,0,1,0,차대차 - 기타,안전운전불이행,건조,맑음,단일로 - 기타,승용,남,34세,상해없음,승용,여,23세,경상
2017082500100639,2017년 8월 25일 21시,금요일,충청남도 천안시 서북구 직산읍,중상사고,0,1,0,0,차대차 - 측면충돌,교차로운행방법위반,건조,맑음,교차로 - 교차로안,승용,남,45세,상해없음,이륜,남,19세,중상
2017082500100669,2017년 8월 25일 22시,금요일,충청남도 천안시 서북구 불당동,중상사고,0,2,4,0,차대차 - 추돌,안전거리미확보,건조,맑음,교차로 - 교차로부근,승용,남,40세,경상,승용,남,33세,경상
2017082500100698,2017년 8월 25일 23시,금요일,충청남도 천안시 서북구 성정동,중상사고,0,1,0,0,차대사람 - 차도통행중,안전운전불이행,건조,맑음,단일로 - 기타,승용,남,46세,상해없음,보행자,남,56세,중상
2017082500100699,2017년 8월 25일 23시,금요일,충청남도 천안시 서북구 쌍용동,경상사고,0,0,1,0,차대차 - 기타,안전운전불이행,건조,맑음,교차로 - 교차로부근,승용,남,26세,상해없음,승용,남,33세,경상
2017082600100036,2017년 8월 26일 00시,토요일,충청남도 천안시 동남구 삼룡동,경상사고,0,0,1,0,차대차 - 측면충돌,안전운전불이행,건조,맑음,단일로 - 기타,승용,남,40세,상해없음,승용,남,37세,경상
2017082600100154,2017년 8월 26일 07시,토요일,충청남도 천안시 서북구 성환읍,경상사고,0,0,1,0,차대차 - 기타,중앙선침범,건조,맑음,단일로 - 기타,승용,남,73세,상해없음,화물,남,28세,경상
2017082600100192,2017년 8월 26일 09시,토요일,충청남도 천안시 동남구 원성동,경상사고,0,0,2,0,차대차 - 기타,신호위반,건조,맑음,교차로 - 교차로안,승용,남,38세,상해없음,승용,남,61세,경상
2017082600100459,2017년 8월 26일 16시,토요일,충청남도 천안시 서북구 성정동,중상사고,0,1,0,0,차대사람 - 보도통행중,기타,건조,맑음,기타 - 기타,화물,남,45세,상해없음,보행자,남,40세,중상
2017082600100499,2017년 8월 26일 17시,토요일,충청남도 천안시 서북구 두정동,중상사고,0,1,0,0,차대차 - 기타,직진우회전진행방해,건조,맑음,교차로 - 교차로안,자전거,남,49세,중상,승용,남,27세,상해없음
2017082600100546,2017년 8월 26일 18시,토요일,충청남도 천안시 서북구 성정동,경상사고,0,0,1,0,차대사람 - 차도통행중,안전운전불이행,건조,맑음,단일로 - 기타,승용,남,77세,상해없음,보행자,남,58세,경상
2017082700100104,2017년 8월 27일 07시,일요일,충청남도 천안시 동남구 대흥동,중상사고,0,2,1,0,차대차 - 측면충돌,신호위반,건조,맑음,교차로 - 교차로안,화물,남,84세,상해없음,승용,남,55세,경상
2017082700100117,2017년 8월 27일 08시,일요일,충청남도 천안시 동남구 삼룡동,경상사고,0,0,4,0,차대차 - 추돌,안전운전불이행,건조,맑음,단일로 - 터널,승용,남,29세,상해없음,승용,남,55세,경상
2017082700100173,2017년 8월 27일 11시,일요일,충청남도 천안시 동남구 북면,경상사고,0,0,1,0,차대차 - 후진중충돌,안전운전불이행,건조,맑음,단일로 - 기타,화물,남,39세,상해없음,승용,남,46세,상해없음
2017082700100194,2017년 8월 27일 12시,일요일,충청남도 천안시 서북구 직산읍,경상사고,0,0,2,0,차대차 - 측면충돌,교차로운행방법위반,건조,맑음,교차로 - 교차로안,승용,여,54세,경상,승합,남,53세,경상
2017082700100196,2017년 8월 27일 12시,일요일,충청남도 천안시 동남구 목천읍,경상사고,0,0,2,0,차대차 - 측면충돌,안전운전불이행,건조,맑음,단일로 - 기타,화물,남,50세,상해없음,승용,남,30세,경상
2017082700100365,2017년 8월 27일 18시,일요일,충청남도 천안시 동남구 다가동,경상사고,0,0,2,0,차대차 - 측면충돌,안전운전불이행,건조,맑음,교차로 - 교차로부근,승용,남,58세,상해없음,승합,여,42세,경상
2017082700100412,2017년 8월 27일 20시,일요일,충청남도 천안시 동남구 목천읍,중상사고,0,1,0,0,차대차 - 측면충돌,안전운전불이행,건조,맑음,교차로 - 교차로안,승용,남,26세,상해없음,이륜,남,17세,중상
2017082700100434,2017년 8월 27일 21시,일요일,충청남도 천안시 서북구 성거읍,경상사고,0,0,2,0,차대차 - 측면충돌,안전운전불이행,건조,맑음,단일로 - 기타,승용,여,51세,상해없음,승용,여,34세,경상
2017082700100458,2017년 8월 27일 22시,일요일,충청남도 천안시 서북구 직산읍,경상사고,0,0,1,0,차대차 - 측면충돌,안전운전불이행,건조,맑음,단일로 - 기타,승용,남,32세,상해없음,승용,남,26세,경상
2017082800100483,2017년 8월 28일 18시,월요일,충청남도 천안시 서북구 성성동,경상사고,0,0,3,0,차대차 - 기타,차로위반,건조,맑음,단일로 - 기타,승용,남,24세,경상,승용,남,24세,경상
2017082800100484,2017년 8월 28일 18시,월요일,충청남도 천안시 서북구 직산읍,경상사고,0,0,1,0,차대차 - 기타,불법유턴,건조,맑음,교차로 - 교차로부근,승합,남,58세,경상,승용,남,44세,상해없음
2017082800100591,2017년 8월 28일 21시,월요일,충청남도 천안시 동남구 봉명동,중상사고,0,1,4,0,차대차 - 정면충돌,안전운전불이행,건조,맑음,단일로 - 기타,승용,남,59세,상해없음,승용,남,49세,경상
2017082800100609,2017년 8월 28일 22시,월요일,충청남도 천안시 서북구 불당동,중상사고,0,1,0,0,차대차 - 기타,안전운전불이행,젖음/습기,비,단일로 - 기타,승용,남,35세,상해없음,자전거,남,17세,중상
2017082800100610,2017년 8월 28일 22시,월요일,충청남도 천안시 동남구 청당동,경상사고,0,0,1,0,차대차 - 추돌,안전운전불이행,건조,맑음,단일로 - 기타,승용,남,46세,상해없음,승용,남,38세,경상
2017082900100181,2017년 8월 29일 09시,화요일,충청남도 천안시 서북구 불당동,중상사고,0,3,0,0,차대차 - 기타,신호위반,건조,맑음,교차로 - 교차로안,승용,남,58세,상해없음,승용,여,41세,중상