사고번호,사고일시,요일,시군구,사고내용,사망자수,중상자수,경상자수,부상신고자수,사고유형,법규위반,노면상태,기상상태,도로형태,가해운전자 차종,가해운전자 성별,가해운전자 연령,가해운전자 상해정도,피해운전자 차종,피해운전자 성별,피해운전자 연령,피해운전자 상해정도
2017082900100184,2017년 8월 29일 09시,화요일,충청남도 천안시 동남구 사직동,중상사고,0,1,0,0,차대사람 - 차도통행중,안전운전불이행,건조,맑음,교차로 - 교차로안,승용,남,71세,상해없음,보행자,여,90세 이상,중상
2017082900100270,2017년 8월 29일 12시,화요일,충청남도 천안시 서북구 성정동,중상사고,0,1,1,0,차대차 - 기타,중앙선침범,건조,맑음,교차로 - 교차로부근,승용,여,33세,상해없음,승용,남,53세,경상
2017082900100409,2017년 8월 29일 16시,화요일,충청남도 천안시 서북구 직산읍,경상사고,0,0,1,0,차대차 - 측면충돌,안전거리미확보,건조,맑음,단일로 - 기타,이륜,여,26세,경상,승용,여,24세,상해없음
2017082900100603,2017년 8월 29일 21시,화요일,충청남도 천안시 서북구 신당동,중상사고,0,1,0,0,차대차 - 기타,안전운전불이행,건조,맑음,교차로 - 교차로부근,승용,남,24세,상해없음,이륜,여,21세,중상
2017082900100604,2017년 8월 29일 21시,화요일,충청남도 천안시 서북구 차암동,경상사고,0,0,1,1,차대차 - 추돌,안전운전불이행,건조,맑음,단일로 - 기타,승용,여,38세,상해없음,승합,남,59세,경상
2017082900100605,2017년 8월 29일 21시,화요일,충청남도 천안시 동남구 목천읍,경상사고,0,0,1,0,차대차 - 추돌,안전거리미확보,건조,맑음,단일로 - 기타,승용,남,42세,상해없음,승용,남,34세,경상
2017083000100047,2017년 8월 30일 02시,수요일,충청남도 천안시 서북구 두정동,경상사고,0,0,1,0,차대차 - 측면충돌,안전운전불이행,건조,맑음,단일로 - 기타,승용,남,30세,상해없음,승용,남,30세,경상
2017083000100091,2017년 8월 30일 07시,수요일,충청남도 천안시 서북구 쌍용동,경상사고,0,0,1,0,차대차 - 기타,안전운전불이행,건조,맑음,단일로 - 기타,화물,남,44세,경상,화물,남,46세,상해없음
2017083000100332,2017년 8월 30일 15시,수요일,충청남도 천안시 서북구 백석동,중상사고,0,1,2,0,차대차 - 추돌,안전운전불이행,건조,맑음,교차로 - 교차로부근,승용,여,36세,경상,특수,남,39세,중상
2017083000100333,2017년 8월 30일 15시,수요일,충청남도 천안시 서북구 불당동,중상사고,0,1,0,0,차량단독 - 기타,기타,건조,맑음,단일로 - 기타,승합,남,47세,상해없음,,,,
2017083100100136,2017년 8월 31일 08시,목요일,충청남도 천안시 서북구 성거읍,경상사고,0,0,1,0,차대차 - 측면충돌,안전운전불이행,건조,맑음,교차로 - 교차로안,승용,남,34세,상해없음,승용,여,41세,경상
2017083100100415,2017년 8월 31일 16시,목요일,충청남도 천안시 동남구 신방동,중상사고,0,1,0,0,차량단독 - 기타,안전운전불이행,건조,맑음,단일로 - 기타,승합,남,47세,상해없음,,,,
2017083100100457,2017년 8월 31일 17시,목요일,충청남도 천안시 서북구 성정동,중상사고,0,1,0,0,차대차 - 기타,안전운전불이행,건조,맑음,교차로 - 교차로안,승용,여,56세,상해없음,이륜,남,55세,중상
2017083100100499,2017년 8월 31일 18시,목요일,충청남도 천안시 동남구 안서동,경상사고,0,0,1,0,차대차 - 기타,안전운전불이행,건조,맑음,단일로 - 기타,승용,여,47세,상해없음,승합,남,48세,상해없음
2017083100100655,2017년 8월 31일 23시,목요일,충청남도 천안시 서북구 쌍용동,경상사고,0,0,1,0,차대차 - 측면충돌,안전운전불이행,건조,맑음,단일로 - 기타,승용,남,24세,기타불명,승용,남,33세,경상
2017090100100109,2017년 9월 1일 06시,금요일,충청남도 천안시 서북구 입장면,중상사고,0,1,0,0,차대차 - 추돌,안전운전불이행,건조,맑음,단일로 - 기타,승용,남,34세,상해없음,승용,남,45세,중상
2017090100100355,2017년 9월 1일 13시,금요일,충청남도 천안시 동남구 원성동,경상사고,0,0,1,0,차대차 - 측면충돌,신호위반,건조,맑음,교차로 - 교차로안,승용,여,53세,상해없음,화물,여,51세,경상
2017090100100383,2017년 9월 1일 14시,금요일,충청남도 천안시 서북구 성정동,중상사고,0,3,0,0,차대차 - 측면충돌,직진우회전진행방해,건조,맑음,교차로 - 교차로안,이륜,남,22세,상해없음,승용,남,76세,중상
2017090100100423,2017년 9월 1일 15시,금요일,충청남도 천안시 서북구 직산읍,경상사고,0,0,3,0,차대차 - 기타,직진우회전진행방해,건조,맑음,교차로 - 교차로부근,화물,남,55세,상해없음,화물,남,28세,경상
2017090100100526,2017년 9월 1일 17시,금요일,충청남도 천안시 동남구 청당동,중상사고,0,1,3,0,차대차 - 추돌,안전운전불이행,건조,맑음,단일로 - 기타,승용,남,50세,상해없음,승용,남,40세,경상
2017090100100588,2017년 9월 1일 18시,금요일,충청남도 천안시 동남구 다가동,경상사고,0,0,1,0,차대차 - 측면충돌,신호위반,건조,맑음,교차로 - 교차로안,승용,남,67세,상해없음,승용,남,38세,경상
2017090100100643,2017년 9월 1일 19시,금요일,충청남도 천안시 서북구 불당동,경상사고,0,0,3,0,차대차 - 기타,안전거리미확보,건조,맑음,단일로 - 기타,승용,여,37세,상해없음,승용,남,39세,경상
2017090100100644,2017년 9월 1일 19시,금요일,충청남도 천안시 동남구 안서동,경상사고,0,0,6,0,차대차 - 추돌,안전운전불이행,건조,맑음,단일로 - 기타,승용,남,47세,경상,승용,남,32세,경상
2017090100100679,2017년 9월 1일 20시,금요일,충청남도 천안시 동남구 목천읍,경상사고,0,0,1,0,차대차 - 기타,안전운전불이행,건조,맑음,단일로 - 기타,화물,남,51세,상해없음,승용,여,28세,경상
2017090100100725,2017년 9월 1일 21시,금요일,충청남도 천안시 동남구 신방동,중상사고,0,1,0,0,차대사람 - 횡단중,보행자보호의무위반,건조,흐림,교차로 - 교차로횡단보도내,승용,여,48세,상해없음,보행자,남,36세,중상
2017090200100029,2017년 9월 2일 00시,토요일,충청남도 천안시 서북구 성정동,경상사고,0,0,1,0,차대차 - 기타,안전운전불이행,건조,맑음,교차로 - 교차로안,승용,여,29세,상해없음,승용,남,55세,상해없음
2017090200100030,2017년 9월 2일 00시,토요일,충청남도 천안시 동남구 목천읍,경상사고,0,0,1,0,차량단독 - 전도전복 - 전도,안전운전불이행,건조,맑음,단일로 - 기타,화물,남,21세,상해없음,,,,
2017090200100123,2017년 9월 2일 06시,토요일,충청남도 천안시 서북구 성정동,경상사고,0,0,1,0,차대차 - 추돌,안전거리미확보,건조,맑음,교차로 - 교차로부근,승용,남,18세,상해없음,승용,남,39세,경상
2017090200100187,2017년 9월 2일 09시,토요일,충청남도 천안시 동남구 청당동,중상사고,0,1,0,0,차대사람 - 횡단중,안전운전불이행,건조,맑음,단일로 - 기타,화물,남,45세,상해없음,보행자,여,73세,중상
2017090200100210,2017년 9월 2일 10시,토요일,충청남도 천안시 서북구 신당동,경상사고,0,0,2,0,차대차 - 추돌,안전운전불이행,건조,맑음,단일로 - 기타,승용,여,24세,상해없음,화물,남,37세,경상
2017090200100238,2017년 9월 2일 11시,토요일,충청남도 천안시 서북구 쌍용동,중상사고,0,1,0,0,차대차 - 측면충돌,신호위반,건조,맑음,교차로 - 교차로안,승용,남,41세,상해없음,화물,남,43세,중상
2017090200100239,2017년 9월 2일 11시,토요일,충청남도 천안시 동남구 신방동,경상사고,0,0,1,0,차대차 - 측면충돌,안전운전불이행,건조,맑음,단일로 - 기타,승용,남,22세,상해없음,승용,여,59세,경상
2017090200100399,2017년 9월 2일 15시,토요일,충청남도 천안시 동남구 광덕면,사망사고,2,8,10,0,차대차 - 추돌,안전운전불이행,건조,맑음,단일로 - 기타,승합,남,57세,경상,승용,남,48세,사망
2017090200100555,2017년 9월 2일 19시,토요일,충청남도 천안시 서북구 입장면,경상사고,0,0,1,0,차대사람 - 길가장자리구역통행중,안전운전불이행,건조,맑음,단일로 - 기타,승용,남,72세,상해없음,보행자,남,48세,경상
2017090200100648,2017년 9월 2일 22시,토요일,충청남도 천안시 서북구 두정동,중상사고,0,1,0,0,차대차 - 측면충돌,안전운전불이행,건조,맑음,단일로 - 기타,승용,남,27세,상해없음,이륜,남,19세,중상
2017090200100650,2017년 9월 2일 22시,토요일,충청남도 천안시 동남구 원성동,경상사고,0,0,1,0,차대차 - 측면충돌,중앙선침범,건조,맑음,단일로 - 기타,승용,남,49세,상해없음,이륜,남,46세,경상
2017090300100024,2017년 9월 3일 00시,일요일,충청남도 천안시 서북구 직산읍,경상사고,0,0,1,0,차대차 - 기타,교차로운행방법위반,건조,맑음,교차로 - 교차로안,승용,남,39세,상해없음,승용,남,51세,경상
2017090300100098,2017년 9월 3일 07시,일요일,충청남도 천안시 서북구 입장면,경상사고,0,0,1,0,차대차 - 정면충돌,안전운전불이행,건조,맑음,교차로 - 교차로안,화물,남,62세,상해없음,승용,남,59세,경상
2017090300100228,2017년 9월 3일 13시,일요일,충청남도 천안시 동남구 목천읍,중상사고,0,1,2,0,차대차 - 정면충돌,신호위반,건조,맑음,교차로 - 교차로안,승용,남,60세,상해없음,승용,남,47세,경상
2017090300100349,2017년 9월 3일 17시,일요일,충청남도 천안시 서북구 성정동,경상사고,0,0,2,0,차대차 - 측면충돌,안전운전불이행,건조,맑음,단일로 - 기타,승용,여,27세,상해없음,승용,남,45세,경상
2017090300100384,2017년 9월 3일 18시,일요일,충청남도 천안시 동남구 광덕면,경상사고,0,0,2,0,차대차 - 추돌,안전운전불이행,건조,흐림,단일로 - 기타,승용,남,54세,상해없음,승용,남,54세,경상
2017090300100506,2017년 9월 3일 23시,일요일,충청남도 천안시 동남구 신부동,경상사고,0,0,1,0,차대차 - 추돌,안전운전불이행,건조,맑음,단일로 - 기타,이륜,남,57세,상해없음,승용,남,25세,경상
2017090400100024,2017년 9월 4일 00시,월요일,충청남도 천안시 동남구 신부동,경상사고,0,0,2,0,차대차 - 정면충돌,안전운전불이행,건조,맑음,단일로 - 기타,승용,여,22세,상해없음,승용,남,65세,경상
2017090400100128,2017년 9월 4일 08시,월요일,충청남도 천안시 서북구 차암동,경상사고,0,0,2,0,차대차 - 측면충돌,안전운전불이행,건조,맑음,교차로 - 교차로안,승용,남,23세,경상,승용,남,28세,경상
2017090400100192,2017년 9월 4일 10시,월요일,충청남도 천안시 동남구 원성동,중상사고,0,1,0,0,차대차 - 추돌,안전운전불이행,건조,맑음,교차로 - 교차로안,이륜,남,81세,중상,승용,남,31세,상해없음
2017090400100276,2017년 9월 4일 13시,월요일,충청남도 천안시 동남구 청당동,중상사고,0,1,0,0,차대차 - 기타,안전운전불이행,건조,맑음,단일로 - 기타,화물,남,57세,상해없음,화물,남,56세,기타불명
2017090400100425,2017년 9월 4일 17시,월요일,충청남도 천안시 서북구 불당동,경상사고,0,0,1,0,차대차 - 기타,안전운전불이행,건조,맑음,단일로 - 기타,승용,여,29세,기타불명,승용,여,40세,경상
2017090500100053,2017년 9월 5일 04시,화요일,충청남도 천안시 서북구 쌍용동,경상사고,0,0,1,0,차대차 - 측면충돌,신호위반,건조,맑음,교차로 - 교차로안,승용,여,28세,상해없음,승용,여,47세,경상
2017090500100128,2017년 9월 5일 08시,화요일,충청남도 천안시 서북구 성정동,경상사고,0,0,1,0,차대차 - 추돌,안전운전불이행,건조,맑음,교차로 - 교차로부근,화물,남,23세,상해없음,승용,남,30세,경상
2017090500100129,2017년 9월 5일 08시,화요일,충청남도 천안시 서북구 두정동,경상사고,0,0,1,0,차대사람 - 차도통행중,안전운전불이행,건조,맑음,단일로 - 기타,승용,남,53세,상해없음,보행자,여,44세,경상
2017090500100267,2017년 9월 5일 12시,화요일,충청남도 천안시 동남구 삼룡동,중상사고,0,1,0,0,차대차 - 측면충돌,안전운전불이행,건조,맑음,기타 - 기타,승용,남,32세,상해없음,화물,남,52세,중상
2017090500100453,2017년 9월 5일 18시,화요일,충청남도 천안시 동남구 신방동,경상사고,0,0,1,0,차대차 - 측면충돌,교차로운행방법위반,건조,맑음,교차로 - 교차로안,승용,여,37세,기타불명,승용,남,33세,경상
2017090500100515,2017년 9월 5일 20시,화요일,충청남도 천안시 서북구 쌍용동,경상사고,0,0,1,0,차대차 - 기타,중앙선침범,건조,맑음,교차로 - 교차로부근,승용,남,54세,상해없음,이륜,남,30세,경상
2017090500100517,2017년 9월 5일 20시,화요일,충청남도 천안시 동남구 다가동,중상사고,0,1,3,0,차대차 - 측면충돌,신호위반,건조,맑음,교차로 - 교차로안,승용,남,27세,중상,승용,남,36세,경상
2017090500100591,2017년 9월 5일 23시,화요일,충청남도 천안시 서북구 성정동,경상사고,0,0,2,0,차대차 - 추돌,안전운전불이행,건조,흐림,교차로 - 교차로부근,승용,남,57세,상해없음,승용,남,25세,경상
2017090500100592,2017년 9월 5일 23시,화요일,충청남도 천안시 동남구 목천읍,중상사고,0,1,0,0,차대차 - 측면충돌,안전운전불이행,건조,맑음,단일로 - 기타,승용,남,24세,상해없음,이륜,남,45세,중상
2017090600100030,2017년 9월 6일 00시,수요일,충청남도 천안시 동남구 다가동,중상사고,0,1,0,0,차대사람 - 횡단중,안전운전불이행,건조,맑음,교차로 - 교차로횡단보도내,승용,남,48세,상해없음,보행자,남,62세,중상
2017090600100046,2017년 9월 6일 02시,수요일,충청남도 천안시 동남구 유량동,중상사고,0,1,0,0,차량단독 - 공작물충돌,안전운전불이행,건조,맑음,교차로 - 교차로안,승용,남,24세,상해없음,,,,
2017090600100086,2017년 9월 6일 07시,수요일,충청남도 천안시 서북구 성거읍,중상사고,0,1,0,0,차대차 - 추돌,안전운전불이행,건조,맑음,단일로 - 기타,승용,남,28세,상해없음,농기계,남,63세,중상
2017090600100218,2017년 9월 6일 11시,수요일,충청남도 천안시 동남구 문화동,경상사고,0,0,2,0,차대차 - 측면충돌,중앙선침범,건조,맑음,교차로 - 교차로부근,승용,여,27세,상해없음,승용,남,45세,경상
2017090600100455,2017년 9월 6일 18시,수요일,충청남도 천안시 서북구 두정동,중상사고,0,1,0,0,차대차 - 측면충돌,안전운전불이행,건조,맑음,단일로 - 기타,이륜,남,34세,중상,화물,남,49세,상해없음
2017090600100558,2017년 9월 6일 20시,수요일,충청남도 천안시 서북구 성정동,중상사고,0,1,0,0,차대사람 - 횡단중,신호위반,젖음/습기,비,교차로 - 교차로부근,승용,남,29세,상해없음,보행자,여,24세,중상
2017090600100623,2017년 9월 6일 22시,수요일,충청남도 천안시 서북구 성정동,경상사고,0,0,1,0,차대차 - 기타,신호위반,젖음/습기,비,교차로 - 교차로안,이륜,남,28세,경상,승용,여,51세,상해없음
2017090600100654,2017년 9월 6일 23시,수요일,충청남도 천안시 서북구 백석동,경상사고,0,0,2,0,차대차 - 추돌,안전거리미확보,건조,맑음,교차로 - 교차로부근,승용,남,26세,상해없음,승용,여,26세,경상
2017090700100198,2017년 9월 7일 10시,목요일,충청남도 천안시 서북구 백석동,경상사고,0,0,1,0,차대차 - 기타,차로위반,건조,맑음,교차로 - 교차로안,승용,남,56세,상해없음,승용,여,44세,경상
2017090700100375,2017년 9월 7일 16시,목요일,충청남도 천안시 서북구 불당동,경상사고,0,0,1,0,차대차 - 기타,신호위반,건조,맑음,교차로 - 교차로안,승용,여,50세,상해없음,승용,남,33세,경상
2017090700100417,2017년 9월 7일 17시,목요일,충청남도 천안시 동남구 신방동,중상사고,0,1,1,0,차대차 - 추돌,안전운전불이행,건조,맑음,단일로 - 기타,승용,여,56세,상해없음,승용,여,27세,경상
2017090700100459,2017년 9월 7일 18시,목요일,충청남도 천안시 서북구 쌍용동,경상사고,0,0,1,0,차대차 - 기타,교차로운행방법위반,기타,맑음,교차로 - 교차로안,승용,남,23세,상해없음,승합,남,60세,상해없음
2017090700100528,2017년 9월 7일 20시,목요일,충청남도 천안시 서북구 성환읍,경상사고,0,0,1,0,차대차 - 추돌,안전거리미확보,건조,맑음,교차로 - 교차로부근,승용,남,30세,상해없음,승용,남,27세,경상
2017090700100565,2017년 9월 7일 21시,목요일,충청남도 천안시 서북구 쌍용동,중상사고,0,1,0,0,차대차 - 추돌,안전운전불이행,건조,맑음,교차로 - 교차로부근,승용,남,49세,상해없음,승용,여,43세,중상
2017090700100584,2017년 9월 7일 22시,목요일,충청남도 천안시 동남구 성황동,경상사고,0,0,1,0,차대차 - 추돌,안전운전불이행,건조,맑음,교차로 - 교차로부근,승용,남,35세,상해없음,승용,여,39세,경상
2017090700100612,2017년 9월 7일 23시,목요일,충청남도 천안시 서북구 두정동,경상사고,0,0,1,0,차대사람 - 보도통행중,안전운전불이행,건조,맑음,단일로 - 기타,승용,남,38세,상해없음,보행자,남,20세,경상
2017090700100613,2017년 9월 7일 23시,목요일,충청남도 천안시 서북구 백석동,경상사고,0,0,1,0,차대차 - 측면충돌,안전운전불이행,건조,맑음,교차로 - 교차로횡단보도내,자전거,남,18세,경상,승용,남,42세,상해없음
2017090800100042,2017년 9월 8일 01시,금요일,충청남도 천안시 동남구 안서동,중상사고,0,1,1,0,차대사람 - 기타,안전운전불이행,건조,맑음,단일로 - 기타,승용,남,52세,상해없음,보행자,여,20세,중상
2017090800100043,2017년 9월 8일 01시,금요일,충청남도 천안시 동남구 신방동,경상사고,0,0,1,0,차대차 - 측면충돌,직진우회전진행방해,건조,맑음,교차로 - 교차로안,승용,남,36세,상해없음,화물,남,56세,경상
2017090800100103,2017년 9월 8일 07시,금요일,충청남도 천안시 서북구 쌍용동,중상사고,0,2,1,0,차대차 - 추돌,과속,건조,맑음,교차로 - 교차로부근,승용,남,18세,상해없음,승용,여,39세,경상
2017090800100104,2017년 9월 8일 07시,금요일,충청남도 천안시 서북구 백석동,경상사고,0,0,1,0,차대차 - 기타,불법유턴,건조,맑음,단일로 - 기타,승용,남,30세,상해없음,원동기,남,57세,경상
2017090800100147,2017년 9월 8일 08시,금요일,충청남도 천안시 서북구 불당동,경상사고,0,0,1,0,차대차 - 기타,안전운전불이행,건조,맑음,교차로 - 교차로부근,승용,남,31세,상해없음,승용,남,32세,경상
2017090800100276,2017년 9월 8일 12시,금요일,충청남도 천안시 서북구 쌍용동,경상사고,0,0,1,0,차대사람 - 차도통행중,안전운전불이행,건조,맑음,단일로 - 기타,승용,남,51세,상해없음,보행자,남,75세,경상
2017090800100378,2017년 9월 8일 15시,금요일,충청남도 천안시 서북구 성정동,경상사고,0,0,1,0,차대차 - 측면충돌,안전운전불이행,건조,맑음,단일로 - 기타,화물,남,29세,상해없음,이륜,남,49세,경상
2017090800100512,2017년 9월 8일 18시,금요일,충청남도 천안시 동남구 신방동,경상사고,0,0,1,0,차대차 - 측면충돌,안전운전불이행,건조,맑음,단일로 - 기타,승용,남,33세,상해없음,승합,남,60세,경상
2017090800100556,2017년 9월 8일 19시,금요일,충청남도 천안시 서북구 직산읍,경상사고,0,0,1,0,차대차 - 측면충돌,안전거리미확보,건조,흐림,단일로 - 기타,승용,남,44세,상해없음,이륜,남,43세,경상
2017090900100084,2017년 9월 9일 04시,토요일,충청남도 천안시 서북구 직산읍,중상사고,0,1,2,0,차대차 - 추돌,안전운전불이행,건조,맑음,단일로 - 기타,승용,남,24세,상해없음,승용,남,20세,중상
2017090900100155,2017년 9월 9일 08시,토요일,충청남도 천안시 서북구 입장면,경상사고,0,0,1,0,차대차 - 측면충돌,안전운전불이행,건조,맑음,단일로 - 기타,승용,남,34세,기타불명,승용,남,56세,경상
2017090900100236,2017년 9월 9일 11시,토요일,충청남도 천안시 서북구 입장면,중상사고,0,1,0,0,차대차 - 측면충돌,안전운전불이행,건조,맑음,단일로 - 기타,이륜,남,33세,중상,화물,남,37세,상해없음
2017090900100238,2017년 9월 9일 11시,토요일,충청남도 천안시 서북구 입장면,경상사고,0,0,1,0,차대차 - 측면충돌,안전운전불이행,건조,맑음,단일로 - 기타,화물,남,63세,상해없음,승용,남,34세,상해없음
2017090900100399,2017년 9월 9일 15시,토요일,충청남도 천안시 서북구 두정동,경상사고,0,0,1,0,차대차 - 기타,차로위반,건조,맑음,단일로 - 기타,화물,남,50세,기타불명,승합,남,51세,상해없음
2017090900100466,2017년 9월 9일 17시,토요일,충청남도 천안시 동남구 신부동,경상사고,0,0,1,0,차대차 - 기타,안전운전불이행,건조,맑음,단일로 - 기타,승용,남,22세,상해없음,승용,남,35세,경상
2017090900100542,2017년 9월 9일 19시,토요일,충청남도 천안시 동남구 신방동,경상사고,0,0,1,0,차대사람 - 기타,안전운전불이행,건조,맑음,교차로 - 교차로부근,승용,남,47세,상해없음,보행자,여,13세,경상
2017090900100615,2017년 9월 9일 21시,토요일,충청남도 천안시 서북구 성정동,경상사고,0,0,1,0,차대차 - 기타,교차로운행방법위반,건조,맑음,교차로 - 교차로안,승용,여,48세,상해없음,이륜,남,23세,경상
2017091000100129,2017년 9월 10일 08시,일요일,충청남도 천안시 서북구 쌍용동,경상사고,0,0,1,0,차대차 - 기타,안전운전불이행,건조,맑음,교차로 - 교차로안,승용,여,47세,상해없음,승합,남,48세,상해없음
2017091000100130,2017년 9월 10일 08시,일요일,충청남도 천안시 서북구 성정동,경상사고,0,0,1,0,차대차 - 기타,교차로운행방법위반,건조,맑음,교차로 - 교차로안,화물,남,65세,기타불명,승용,여,43세,경상
2017091000100131,2017년 9월 10일 08시,일요일,충청남도 천안시 서북구 두정동,경상사고,0,0,1,0,차대차 - 측면충돌,안전운전불이행,건조,맑음,교차로 - 교차로안,승용,남,30세,기타불명,승용,남,34세,경상
2017091000100151,2017년 9월 10일 09시,일요일,충청남도 천안시 서북구 직산읍,경상사고,0,0,1,0,차대차 - 기타,신호위반,건조,맑음,교차로 - 교차로안,승용,남,59세,상해없음,승용,여,45세,경상
2017091000100198,2017년 9월 10일 12시,일요일,충청남도 천안시 서북구 성정동,경상사고,0,0,1,0,차대사람 - 보도통행중,보행자보호의무위반,건조,맑음,교차로 - 교차로횡단보도내,기타불명,기타불명,미분류,기타불명,보행자,여,26세,경상
2017091000100266,2017년 9월 10일 14시,일요일,충청남도 천안시 서북구 쌍용동,경상사고,0,0,1,0,차대차 - 기타,직진우회전진행방해,건조,맑음,교차로 - 교차로안,화물,남,55세,상해없음,승용,남,31세,경상
2017091000100270,2017년 9월 10일 14시,일요일,충청남도 천안시 동남구 신부동,경상사고,0,0,1,0,차대사람 - 기타,안전운전불이행,건조,맑음,단일로 - 기타,기타불명,기타불명,미분류,기타불명,보행자,여,22세,경상
2017091000100296,2017년 9월 10일 15시,일요일,충청남도 천안시 동남구 신부동,경상사고,0,0,1,0,차대차 - 측면충돌,안전운전불이행,건조,맑음,교차로 - 교차로안,승용,남,58세,상해없음,승용,여,49세,경상
2017091100100069,2017년 9월 11일 04시,월요일,충청남도 천안시 서북구 두정동,경상사고,0,0,2,0,차대차 - 기타,중앙선침범,건조,맑음,단일로 - 기타,승용,남,55세,상해없음,원동기,남,22세,경상
2017091100100470,2017년 9월 11일 17시,월요일,충청남도 천안시 동남구 안서동,경상사고,0,0,1,0,차대차 - 기타,차로위반,건조,맑음,단일로 - 기타,이륜,남,71세,경상,승용,남,38세,상해없음
2017091100100506,2017년 9월 11일 18시,월요일,충청남도 천안시 서북구 쌍용동,중상사고,0,1,0,0,차대차 - 측면충돌,기타,건조,맑음,단일로 - 기타,승용,남,45세,상해없음,이륜,남,25세,중상
2017091100100507,2017년 9월 11일 18시,월요일,충청남도 천안시 서북구 성정동,중상사고,0,1,0,0,차대차 - 측면충돌,직진우회전진행방해,건조,맑음,교차로 - 교차로안,승합,남,57세,상해없음,승용,여,74세,중상
2017091100100611,2017년 9월 11일 21시,월요일,충청남도 천안시 동남구 신방동,중상사고,0,1,0,0,차대차 - 측면충돌,교차로운행방법위반,건조,맑음,교차로 - 교차로안,승용,남,30세,상해없음,이륜,남,42세,중상
2017091200100033,2017년 9월 12일 00시,화요일,충청남도 천안시 서북구 성거읍,경상사고,0,0,2,0,차대차 - 추돌,안전운전불이행,건조,맑음,단일로 - 기타,승용,여,25세,경상,화물,남,41세,상해없음
2017091200100137,2017년 9월 12일 08시,화요일,충청남도 천안시 서북구 성환읍,경상사고,0,0,3,0,차대차 - 기타,안전운전불이행,건조,맑음,단일로 - 기타,화물,남,59세,경상,건설기계,남,42세,경상
2017091200100138,2017년 9월 12일 08시,화요일,충청남도 천안시 서북구 성성동,경상사고,0,0,2,0,차대차 - 측면충돌,기타,건조,맑음,교차로 - 교차로안,승용,남,44세,상해없음,승용,남,23세,경상
2017091200100180,2017년 9월 12일 09시,화요일,충청남도 천안시 서북구 두정동,경상사고,0,0,2,0,차대차 - 기타,신호위반,건조,맑음,교차로 - 교차로안,승용,남,61세,상해없음,승용,남,24세,경상
2017091200100345,2017년 9월 12일 15시,화요일,충청남도 천안시 동남구 구성동,경상사고,0,0,2,0,차대차 - 기타,안전운전불이행,건조,맑음,기타 - 기타,승용,남,35세,상해없음,승용,남,32세,경상
2017091200100465,2017년 9월 12일 18시,화요일,충청남도 천안시 서북구 직산읍,중상사고,0,1,0,0,차대차 - 기타,교차로운행방법위반,건조,맑음,교차로 - 교차로안,승용,남,77세,중상,화물,남,60세,상해없음
2017091200100507,2017년 9월 12일 19시,화요일,충청남도 천안시 동남구 오룡동,경상사고,0,0,1,0,차대차 - 기타,안전운전불이행,건조,맑음,단일로 - 기타,승용,남,45세,기타불명,자전거,남,49세,경상
2017091300100281,2017년 9월 13일 12시,수요일,충청남도 천안시 서북구 불당동,중상사고,0,1,0,0,차대차 - 측면충돌,신호위반,건조,맑음,교차로 - 교차로안,원동기,남,64세,중상,승용,남,23세,상해없음
2017091300100284,2017년 9월 13일 12시,수요일,충청남도 천안시 동남구 병천면,중상사고,0,1,1,0,차대차 - 측면충돌,신호위반,건조,맑음,교차로 - 교차로안,화물,남,82세,상해없음,승용,남,68세,경상
2017091300100357,2017년 9월 13일 14시,수요일,충청남도 천안시 서북구 성성동,경상사고,0,0,1,0,차대차 - 기타,직진우회전진행방해,건조,맑음,단일로 - 기타,승용,남,19세,상해없음,승합,남,55세,상해없음
2017091300100423,2017년 9월 13일 16시,수요일,충청남도 천안시 동남구 대흥동,중상사고,0,1,0,0,차대사람 - 횡단중,안전운전불이행,건조,맑음,단일로 - 기타,건설기계,남,56세,상해없음,보행자,여,65세,중상
2017091300100424,2017년 9월 13일 16시,수요일,충청남도 천안시 동남구 광덕면,중상사고,0,1,0,0,차대차 - 기타,안전운전불이행,건조,맑음,교차로 - 교차로안,자전거,남,14세,중상,승용,여,43세,상해없음
2017091300100610,2017년 9월 13일 20시,수요일,충청남도 천안시 동남구 원성동,중상사고,0,1,0,0,차대차 - 측면충돌,안전운전불이행,건조,맑음,교차로 - 교차로안,승용,여,48세,상해없음,이륜,남,20세,중상
2017091300100690,2017년 9월 13일 23시,수요일,충청남도 천안시 동남구 영성동,경상사고,0,0,1,0,차대사람 - 횡단중,보행자보호의무위반,건조,맑음,교차로 - 교차로횡단보도내,승용,남,34세,상해없음,보행자,여,48세,경상
2017091400100063,2017년 9월 14일 04시,목요일,충청남도 천안시 동남구 청수동,경상사고,0,0,1,0,차대사람 - 횡단중,안전운전불이행,건조,맑음,교차로 - 교차로안,승용,남,60세,상해없음,보행자,여,80세,경상
2017091400100113,2017년 9월 14일 07시,목요일,충청남도 천안시 서북구 두정동,중상사고,0,1,0,0,차대사람 - 기타,안전운전불이행,건조,맑음,단일로 - 기타,승용,여,25세,상해없음,보행자,남,28세,중상
2017091400100217,2017년 9월 14일 09시,목요일,충청남도 천안시 서북구 두정동,경상사고,0,0,1,0,차대사람 - 길가장자리구역통행중,신호위반,건조,맑음,단일로 - 기타,승용,남,22세,상해없음,보행자,남,29세,경상