사고번호,사고일시,요일,시군구,사고내용,사망자수,중상자수,경상자수,부상신고자수,사고유형,법규위반,노면상태,기상상태,도로형태,가해운전자 차종,가해운전자 성별,가해운전자 연령,가해운전자 상해정도,피해운전자 차종,피해운전자 성별,피해운전자 연령,피해운전자 상해정도
2017101000100404,2017년 10월 10일 17시,화요일,충청남도 천안시 동남구 목천읍,경상사고,0,0,1,0,차대차 - 기타,중앙선침범,건조,맑음,단일로 - 기타,화물,남,47세,상해없음,이륜,남,18세,경상
2017101000100441,2017년 10월 10일 18시,화요일,충청남도 천안시 서북구 백석동,경상사고,0,0,1,0,차대차 - 기타,안전거리미확보,건조,맑음,단일로 - 기타,화물,남,66세,상해없음,승용,남,45세,경상
2017101000100496,2017년 10월 10일 19시,화요일,충청남도 천안시 서북구 두정동,경상사고,0,0,1,0,차대차 - 기타,안전거리미확보,건조,맑음,단일로 - 기타,승용,여,48세,상해없음,승용,남,47세,경상
2017101100100214,2017년 10월 11일 10시,수요일,충청남도 천안시 서북구 쌍용동,경상사고,0,0,1,0,차대차 - 기타,안전운전불이행,건조,맑음,단일로 - 기타,승용,여,25세,상해없음,승용,남,41세,경상
2017101100100215,2017년 10월 11일 10시,수요일,충청남도 천안시 서북구 성거읍,경상사고,0,0,2,0,차대차 - 측면충돌,안전운전불이행,젖음/습기,비,단일로 - 기타,승용,남,76세,상해없음,승용,남,66세,경상
2017101100100245,2017년 10월 11일 11시,수요일,충청남도 천안시 서북구 성환읍,중상사고,0,1,0,0,차대차 - 기타,중앙선침범,젖음/습기,비,단일로 - 기타,승용,남,39세,상해없음,승합,여,53세,중상
2017101100100380,2017년 10월 11일 16시,수요일,충청남도 천안시 서북구 불당동,경상사고,0,0,1,0,차량단독 - 기타,안전운전불이행,건조,흐림,단일로 - 기타,승합,남,53세,상해없음,,,,
2017101100100416,2017년 10월 11일 17시,수요일,충청남도 천안시 서북구 성정동,경상사고,0,0,1,0,차대차 - 측면충돌,안전운전불이행,젖음/습기,흐림,교차로 - 교차로안,승용,남,51세,상해없음,승용,남,30세,경상
2017101100100418,2017년 10월 11일 17시,수요일,충청남도 천안시 동남구 성남면,경상사고,0,0,1,0,차대차 - 기타,신호위반,건조,맑음,교차로 - 교차로안,화물,남,58세,상해없음,승용,남,43세,경상
2017101100100607,2017년 10월 11일 23시,수요일,충청남도 천안시 서북구 성정동,경상사고,0,0,1,0,차대차 - 측면충돌,안전운전불이행,건조,흐림,단일로 - 기타,이륜,남,30세,경상,승용,여,28세,상해없음
2017101200100123,2017년 10월 12일 08시,목요일,충청남도 천안시 서북구 백석동,경상사고,0,0,1,0,차대사람 - 차도통행중,보행자보호의무위반,젖음/습기,비,교차로 - 교차로횡단보도내,승용,여,39세,상해없음,보행자,여,10세,경상
2017101200100124,2017년 10월 12일 08시,목요일,충청남도 천안시 서북구 두정동,경상사고,0,0,1,0,차대차 - 측면충돌,안전운전불이행,건조,맑음,단일로 - 기타,특수,남,33세,상해없음,승용,여,36세,경상
2017101200100272,2017년 10월 12일 13시,목요일,충청남도 천안시 서북구 성정동,경상사고,0,0,1,0,차대사람 - 기타,안전운전불이행,젖음/습기,흐림,단일로 - 기타,이륜,남,43세,경상,보행자,남,66세,상해없음
2017101200100412,2017년 10월 12일 17시,목요일,충청남도 천안시 동남구 북면,중상사고,0,1,0,0,차대사람 - 기타,안전운전불이행,건조,맑음,단일로 - 기타,화물,남,51세,상해없음,보행자,여,90세 이상,중상
2017101200100413,2017년 10월 12일 17시,목요일,충청남도 천안시 동남구 용곡동,경상사고,0,0,1,0,차대사람 - 횡단중,안전운전불이행,건조,맑음,단일로 - 기타,승용,남,61세,상해없음,보행자,남,11세,경상
2017101300100048,2017년 10월 13일 02시,금요일,충청남도 천안시 동남구 신방동,경상사고,0,0,2,0,차대차 - 측면충돌,직진우회전진행방해,건조,맑음,교차로 - 교차로안,승합,남,30세,상해없음,승용,남,60세,경상
2017101300100090,2017년 10월 13일 06시,금요일,충청남도 천안시 동남구 청당동,경상사고,0,0,1,0,차대차 - 측면충돌,신호위반,건조,맑음,교차로 - 교차로부근,승용,남,53세,상해없음,승용,남,75세,경상
2017101300100195,2017년 10월 13일 09시,금요일,충청남도 천안시 동남구 신부동,중상사고,0,1,0,0,차대사람 - 기타,기타,건조,맑음,단일로 - 기타,승합,남,52세,상해없음,보행자,여,42세,중상
2017101300100288,2017년 10월 13일 12시,금요일,충청남도 천안시 동남구 신부동,경상사고,0,0,1,0,차대차 - 추돌,안전운전불이행,건조,맑음,단일로 - 기타,승용,남,62세,상해없음,이륜,남,53세,경상
2017101300100478,2017년 10월 13일 17시,금요일,충청남도 천안시 서북구 차암동,경상사고,0,0,1,0,차대차 - 기타,안전거리미확보,건조,맑음,단일로 - 기타,승용,여,27세,상해없음,승용,여,35세,경상
2017101300100482,2017년 10월 13일 17시,금요일,충청남도 천안시 동남구 원성동,중상사고,0,1,0,0,차대사람 - 횡단중,안전운전불이행,건조,맑음,단일로 - 기타,승용,남,37세,상해없음,보행자,남,8세,중상
2017101300100483,2017년 10월 13일 17시,금요일,충청남도 천안시 동남구 목천읍,경상사고,0,0,1,0,차대차 - 측면충돌,신호위반,건조,맑음,교차로 - 교차로안,승용,남,38세,상해없음,이륜,남,63세,경상
2017101300100625,2017년 10월 13일 20시,금요일,충청남도 천안시 서북구 쌍용동,경상사고,0,0,1,0,차대차 - 추돌,안전거리미확보,건조,맑음,교차로 - 교차로부근,승용,남,32세,상해없음,승용,여,52세,경상
2017101400100199,2017년 10월 14일 10시,토요일,충청남도 천안시 동남구 안서동,중상사고,0,1,3,0,차대차 - 기타,안전운전불이행,건조,맑음,단일로 - 기타,승용,남,34세,상해없음,승용,남,51세,중상
2017101400100226,2017년 10월 14일 11시,토요일,충청남도 천안시 서북구 직산읍,경상사고,0,0,1,0,차대차 - 추돌,안전운전불이행,건조,맑음,교차로 - 교차로부근,승용,남,53세,상해없음,승용,남,34세,경상
2017101400100230,2017년 10월 14일 11시,토요일,충청남도 천안시 동남구 성황동,경상사고,0,0,1,0,차대사람 - 횡단중,신호위반,건조,맑음,교차로 - 교차로안,기타불명,기타불명,미분류,기타불명,보행자,남,22세,경상
2017101400100390,2017년 10월 14일 15시,토요일,충청남도 천안시 동남구 신부동,중상사고,0,1,0,0,차대차 - 측면충돌,신호위반,건조,맑음,교차로 - 교차로안,승용,여,26세,상해없음,이륜,남,37세,중상
2017101400100460,2017년 10월 14일 17시,토요일,충청남도 천안시 동남구 문화동,중상사고,0,1,0,0,차대차 - 측면충돌,안전운전불이행,건조,맑음,교차로 - 교차로안,승용,남,43세,상해없음,이륜,남,20세,중상
2017101500100099,2017년 10월 15일 06시,일요일,충청남도 천안시 서북구 백석동,중상사고,0,1,2,0,차대차 - 측면충돌,신호위반,건조,맑음,교차로 - 교차로안,승용,남,35세,상해없음,승용,남,27세,경상
2017101500100168,2017년 10월 15일 11시,일요일,충청남도 천안시 서북구 성정동,중상사고,0,2,0,0,차대차 - 측면충돌,안전운전불이행,건조,맑음,교차로 - 교차로안,승용,남,34세,기타불명,승용,남,23세,중상
2017101500100214,2017년 10월 15일 13시,일요일,충청남도 천안시 서북구 성정동,경상사고,0,0,4,0,차대차 - 측면충돌,안전운전불이행,건조,맑음,교차로 - 교차로안,승용,남,39세,기타불명,승용,남,56세,경상
2017101500100372,2017년 10월 15일 18시,일요일,충청남도 천안시 동남구 수신면,사망사고,1,0,0,0,차량단독 - 전도전복,안전운전불이행,건조,맑음,단일로 - 기타,화물,남,58세,사망,미분류,미분류,미분류,미분류
2017101500100406,2017년 10월 15일 19시,일요일,충청남도 천안시 동남구 신방동,경상사고,0,0,1,0,차대차 - 측면충돌,신호위반,건조,맑음,교차로 - 교차로부근,승용,남,43세,상해없음,원동기,남,30세,경상
2017101600100166,2017년 10월 16일 10시,월요일,충청남도 천안시 동남구 원성동,경상사고,0,0,1,0,차대차 - 기타,안전운전불이행,건조,맑음,단일로 - 기타,건설기계,남,44세,상해없음,승용,여,50세,경상
2017101600100302,2017년 10월 16일 14시,월요일,충청남도 천안시 동남구 병천면,경상사고,0,0,1,0,차대사람 - 기타,안전운전불이행,건조,맑음,기타 - 기타,승용,남,56세,상해없음,보행자,남,31세,경상
2017101600100367,2017년 10월 16일 16시,월요일,충청남도 천안시 서북구 불당동,경상사고,0,0,1,0,차대차 - 측면충돌,안전운전불이행,건조,맑음,단일로 - 기타,승용,남,43세,상해없음,승용,여,39세,경상
2017101600100529,2017년 10월 16일 20시,월요일,충청남도 천안시 동남구 풍세면,중상사고,0,1,2,0,차대차 - 측면충돌,중앙선침범,건조,맑음,단일로 - 기타,승용,남,25세,기타불명,승용,남,31세,경상
2017101600100603,2017년 10월 16일 23시,월요일,충청남도 천안시 서북구 부대동,중상사고,0,1,0,0,차대차 - 기타,안전운전불이행,건조,맑음,단일로 - 기타,승용,남,23세,상해없음,이륜,남,58세,중상
2017101700100029,2017년 10월 17일 00시,화요일,충청남도 천안시 서북구 성정동,중상사고,0,1,0,0,차대차 - 추돌,안전운전불이행,건조,맑음,단일로 - 기타,승용,남,43세,상해없음,승용,남,45세,중상
2017101700100262,2017년 10월 17일 11시,화요일,충청남도 천안시 서북구 불당동,경상사고,0,0,1,0,차대차 - 측면충돌,안전거리미확보,건조,맑음,단일로 - 기타,화물,여,57세,상해없음,승용,여,38세,경상
2017101700100292,2017년 10월 17일 12시,화요일,충청남도 천안시 동남구 안서동,경상사고,0,0,1,0,차대차 - 측면충돌,안전운전불이행,건조,맑음,단일로 - 기타,승용,여,35세,상해없음,승용,남,58세,경상
2017101700100349,2017년 10월 17일 14시,화요일,충청남도 천안시 동남구 성남면,경상사고,0,0,1,0,차대차 - 기타,중앙선침범,건조,맑음,단일로 - 기타,승용,남,62세,상해없음,화물,남,47세,경상
2017101700100508,2017년 10월 17일 18시,화요일,충청남도 천안시 서북구 직산읍,경상사고,0,0,1,0,차대차 - 측면충돌,교차로운행방법위반,건조,맑음,교차로 - 교차로안,승용,남,34세,상해없음,승용,남,43세,경상
2017101700100664,2017년 10월 17일 23시,화요일,충청남도 천안시 서북구 성정동,중상사고,0,1,0,0,차대사람 - 기타,안전운전불이행,건조,맑음,단일로 - 기타,원동기,남,18세,상해없음,보행자,여,49세,중상
2017101800100026,2017년 10월 18일 00시,수요일,충청남도 천안시 서북구 성환읍,사망사고,1,0,0,0,차대사람 - 차도통행중,안전운전불이행,건조,맑음,단일로 - 기타,승용,여,39세,상해없음,보행자,여,58세,사망
2017101800100106,2017년 10월 18일 07시,수요일,충청남도 천안시 서북구 성정동,경상사고,0,0,1,0,차대차 - 기타,안전운전불이행,건조,맑음,단일로 - 기타,승용,남,29세,상해없음,승용,남,37세,경상
2017101800100198,2017년 10월 18일 10시,수요일,충청남도 천안시 서북구 신당동,중상사고,0,1,0,0,차대차 - 기타,안전운전불이행,건조,맑음,교차로 - 교차로안,화물,남,62세,상해없음,승용,남,49세,중상
2017101800100199,2017년 10월 18일 10시,수요일,충청남도 천안시 서북구 성정동,경상사고,0,0,1,0,차대차 - 기타,신호위반,건조,맑음,단일로 - 기타,승용,여,41세,상해없음,승용,여,41세,경상
2017101800100252,2017년 10월 18일 12시,수요일,충청남도 천안시 서북구 성정동,경상사고,0,0,2,0,차대차 - 기타,교차로운행방법위반,건조,맑음,교차로 - 교차로안,승용,여,34세,경상,승용,남,21세,경상
2017101800100309,2017년 10월 18일 14시,수요일,충청남도 천안시 서북구 백석동,경상사고,0,0,1,0,차대차 - 측면충돌,신호위반,건조,맑음,교차로 - 교차로안,승용,남,35세,상해없음,승합,남,53세,경상
2017101800100390,2017년 10월 18일 17시,수요일,충청남도 천안시 서북구 불당동,경상사고,0,0,1,0,차대차 - 기타,신호위반,건조,맑음,교차로 - 교차로안,승용,여,31세,상해없음,승용,여,45세,경상
2017101800100393,2017년 10월 18일 17시,수요일,충청남도 천안시 동남구 신부동,경상사고,0,0,1,0,차대사람 - 횡단중,보행자보호의무위반,건조,맑음,교차로 - 교차로안,승용,남,36세,상해없음,보행자,여,26세,경상
2017101900100151,2017년 10월 19일 08시,목요일,충청남도 천안시 서북구 불당동,중상사고,0,1,0,0,차대차 - 측면충돌,안전운전불이행,건조,맑음,교차로 - 교차로안,승용,여,49세,상해없음,승용,여,37세,중상
2017101900100153,2017년 10월 19일 08시,목요일,충청남도 천안시 동남구 성남면,경상사고,0,0,1,0,차대차 - 추돌,안전운전불이행,건조,맑음,단일로 - 기타,승용,여,52세,상해없음,화물,남,35세,경상
2017101900100203,2017년 10월 19일 09시,목요일,충청남도 천안시 서북구 업성동,경상사고,0,0,1,0,차량단독 - 전도전복 - 전도,안전운전불이행,건조,맑음,단일로 - 기타,이륜,남,18세,경상,,,,
2017101900100235,2017년 10월 19일 10시,목요일,충청남도 천안시 서북구 쌍용동,경상사고,0,0,1,0,차대차 - 추돌,안전운전불이행,건조,맑음,단일로 - 기타,승용,남,29세,상해없음,승용,여,31세,경상
2017101900100281,2017년 10월 19일 12시,목요일,충청남도 천안시 동남구 목천읍,중상사고,0,2,0,0,차대차 - 기타,중앙선침범,건조,맑음,단일로 - 기타,화물,남,65세,중상,화물,남,29세,중상
2017101900100492,2017년 10월 19일 18시,목요일,충청남도 천안시 서북구 쌍용동,경상사고,0,0,1,0,차대사람 - 기타,안전운전불이행,건조,맑음,단일로 - 기타,승용,여,63세,상해없음,보행자,남,21세,경상
2017101900100552,2017년 10월 19일 19시,목요일,충청남도 천안시 서북구 업성동,경상사고,0,0,2,0,차대차 - 추돌,안전운전불이행,건조,맑음,교차로 - 교차로부근,승용,여,28세,상해없음,승용,여,25세,경상
2017101900100580,2017년 10월 19일 20시,목요일,충청남도 천안시 서북구 두정동,경상사고,0,0,1,0,차대차 - 기타,안전운전불이행,건조,맑음,단일로 - 기타,승용,남,42세,상해없음,이륜,남,29세,경상
2017101900100581,2017년 10월 19일 20시,목요일,충청남도 천안시 동남구 목천읍,중상사고,0,1,0,0,차대차 - 측면충돌,중앙선침범,건조,맑음,단일로 - 기타,승용,남,61세,상해없음,이륜,남,49세,중상
2017101900100664,2017년 10월 19일 23시,목요일,충청남도 천안시 서북구 성정동,경상사고,0,0,1,0,차대차 - 추돌,안전운전불이행,건조,맑음,교차로 - 교차로부근,승용,남,37세,상해없음,승용,남,52세,경상
2017102000100311,2017년 10월 20일 12시,금요일,충청남도 천안시 서북구 직산읍,경상사고,0,0,3,1,차대차 - 측면충돌,직진우회전진행방해,건조,맑음,교차로 - 교차로안,승용,여,58세,부상신고,화물,남,33세,경상
2017102000100654,2017년 10월 20일 19시,금요일,충청남도 천안시 동남구 원성동,경상사고,0,0,1,0,차대차 - 추돌,안전운전불이행,건조,맑음,단일로 - 기타,승용,남,62세,상해없음,화물,남,52세,경상
2017102000100702,2017년 10월 20일 20시,금요일,충청남도 천안시 동남구 구성동,중상사고,0,2,2,0,차대차 - 기타,신호위반,건조,맑음,교차로 - 교차로안,승용,남,62세,상해없음,승용,남,38세,경상
2017102000100803,2017년 10월 20일 23시,금요일,충청남도 천안시 서북구 성정동,경상사고,0,0,1,0,차대사람 - 차도통행중,안전운전불이행,건조,맑음,단일로 - 기타,승합,남,51세,상해없음,보행자,남,20세,경상
2017102100100134,2017년 10월 21일 06시,토요일,충청남도 천안시 서북구 두정동,경상사고,0,0,1,0,차대차 - 측면충돌,안전운전불이행,건조,기타,단일로 - 기타,화물,남,59세,상해없음,승용,여,31세,경상
2017102100100341,2017년 10월 21일 12시,토요일,충청남도 천안시 서북구 두정동,경상사고,0,0,1,0,차대사람 - 기타,안전운전불이행,건조,맑음,단일로 - 기타,승용,남,77세,기타불명,보행자,여,49세,경상
2017102100100420,2017년 10월 21일 14시,토요일,충청남도 천안시 동남구 봉명동,중상사고,0,1,0,0,차대차 - 측면충돌,안전운전불이행,건조,맑음,단일로 - 기타,화물,남,66세,상해없음,이륜,남,54세,중상
2017102100100599,2017년 10월 21일 18시,토요일,충청남도 천안시 서북구 두정동,중상사고,0,1,0,0,차대차 - 기타,중앙선침범,건조,맑음,단일로 - 기타,화물,남,55세,상해없음,이륜,남,24세,중상
2017102100100602,2017년 10월 21일 18시,토요일,충청남도 천안시 동남구 동면,경상사고,0,0,1,0,차대차 - 추돌,안전운전불이행,건조,맑음,교차로 - 교차로부근,원동기,남,82세,경상,승용,남,47세,상해없음
2017102200100069,2017년 10월 22일 02시,일요일,충청남도 천안시 서북구 쌍용동,경상사고,0,0,1,0,차대차 - 추돌,안전운전불이행,건조,맑음,단일로 - 기타,승용,여,22세,기타불명,승용,남,42세,경상
2017102200100158,2017년 10월 22일 09시,일요일,충청남도 천안시 동남구 목천읍,경상사고,0,0,1,0,차대차 - 기타,안전운전불이행,건조,맑음,단일로 - 기타,자전거,남,68세,경상,승용,여,32세,상해없음
2017102200100228,2017년 10월 22일 12시,일요일,충청남도 천안시 서북구 두정동,중상사고,0,2,0,0,차대차 - 추돌,안전운전불이행,건조,맑음,단일로 - 기타,승합,남,47세,상해없음,승용,남,24세,중상
2017102200100551,2017년 10월 22일 21시,일요일,충청남도 천안시 서북구 쌍용동,경상사고,0,0,1,0,차대차 - 기타,안전거리미확보,건조,맑음,단일로 - 지하차도(도로)내,승용,남,29세,상해없음,승용,남,22세,경상
2017102200100552,2017년 10월 22일 21시,일요일,충청남도 천안시 서북구 성정동,경상사고,0,0,1,0,차대차 - 기타,안전운전불이행,건조,맑음,단일로 - 기타,이륜,남,17세,경상,승용,남,37세,상해없음
2017102200100553,2017년 10월 22일 21시,일요일,충청남도 천안시 동남구 신부동,중상사고,0,1,0,0,차대차 - 측면충돌,안전운전불이행,건조,맑음,단일로 - 기타,승용,남,32세,상해없음,승용,여,37세,중상
2017102200100589,2017년 10월 22일 23시,일요일,충청남도 천안시 서북구 성환읍,경상사고,0,0,1,0,차대차 - 기타,안전거리미확보,건조,맑음,교차로 - 교차로부근,승용,남,58세,상해없음,승용,남,32세,경상
2017102300100025,2017년 10월 23일 00시,월요일,충청남도 천안시 서북구 성정동,경상사고,0,0,1,0,차대차 - 기타,안전거리미확보,건조,맑음,단일로 - 기타,승용,남,30세,상해없음,이륜,남,24세,경상
2017102300100026,2017년 10월 23일 00시,월요일,충청남도 천안시 동남구 신방동,중상사고,0,1,0,0,차대차 - 측면충돌,안전운전불이행,건조,맑음,단일로 - 기타,승용,남,35세,상해없음,승용,남,20세,중상
2017102300100132,2017년 10월 23일 08시,월요일,충청남도 천안시 서북구 백석동,중상사고,0,1,0,0,차대사람 - 기타,안전운전불이행,건조,맑음,단일로 - 기타,승용,남,54세,상해없음,보행자,여,77세,중상
2017102300100134,2017년 10월 23일 08시,월요일,충청남도 천안시 동남구 신방동,중상사고,0,1,4,0,차대차 - 측면충돌,교차로운행방법위반,건조,맑음,교차로 - 교차로안,승용,여,33세,경상,승용,남,77세,경상
2017102300100342,2017년 10월 23일 14시,월요일,충청남도 천안시 동남구 다가동,경상사고,0,0,1,0,차대차 - 기타,안전운전불이행,건조,맑음,단일로 - 기타,승용,여,63세,상해없음,이륜,남,49세,경상
2017102300100386,2017년 10월 23일 15시,월요일,충청남도 천안시 서북구 성환읍,중상사고,0,1,0,0,차대사람 - 차도통행중,신호위반,건조,흐림,교차로 - 교차로부근,화물,남,39세,상해없음,보행자,남,75세,중상
2017102300100470,2017년 10월 23일 17시,월요일,충청남도 천안시 동남구 삼룡동,경상사고,0,0,1,0,차대차 - 측면충돌,안전운전불이행,건조,맑음,교차로 - 교차로안,승용,남,53세,상해없음,원동기,남,66세,경상
2017102300100471,2017년 10월 23일 17시,월요일,충청남도 천안시 동남구 대흥동,경상사고,0,0,1,0,차대사람 - 기타,안전운전불이행,건조,맑음,교차로 - 교차로안,승용,남,64세,상해없음,보행자,여,19세,경상
2017102300100528,2017년 10월 23일 18시,월요일,충청남도 천안시 서북구 성환읍,경상사고,0,0,1,0,차대차 - 측면충돌,안전운전불이행,건조,맑음,교차로 - 교차로안,승용,남,63세,상해없음,화물,남,29세,경상
2017102300100533,2017년 10월 23일 18시,월요일,충청남도 천안시 동남구 목천읍,중상사고,0,1,0,0,차대사람 - 횡단중,안전운전불이행,건조,맑음,교차로 - 교차로부근,승용,남,59세,상해없음,보행자,남,57세,중상
2017102300100626,2017년 10월 23일 20시,월요일,충청남도 천안시 서북구 입장면,경상사고,0,0,4,0,차대차 - 측면충돌,신호위반,건조,흐림,교차로 - 교차로안,화물,남,61세,경상,승용,남,30세,경상
2017102300100665,2017년 10월 23일 21시,월요일,충청남도 천안시 서북구 직산읍,경상사고,0,0,1,0,차대차 - 정면충돌,중앙선침범,건조,맑음,단일로 - 기타,승합,남,41세,상해없음,승용,남,26세,경상
2017102400100040,2017년 10월 24일 01시,화요일,충청남도 천안시 동남구 봉명동,중상사고,0,1,1,0,차대차 - 추돌,안전운전불이행,건조,맑음,교차로 - 교차로부근,승용,남,23세,상해없음,승용,남,48세,중상
2017102400100150,2017년 10월 24일 08시,화요일,충청남도 천안시 서북구 쌍용동,중상사고,0,1,1,0,차대차 - 측면충돌,신호위반,건조,맑음,교차로 - 교차로안,화물,남,66세,상해없음,승용,남,63세,중상
2017102400100191,2017년 10월 24일 09시,화요일,충청남도 천안시 동남구 용곡동,중상사고,0,1,0,0,차대차 - 측면충돌,직진우회전진행방해,건조,맑음,교차로 - 교차로안,승용,여,40세,상해없음,이륜,남,56세,중상
2017102400100257,2017년 10월 24일 11시,화요일,충청남도 천안시 서북구 입장면,중상사고,0,1,0,0,차대차 - 기타,중앙선침범,건조,맑음,단일로 - 기타,이륜,남,57세,중상,화물,남,66세,상해없음
2017102400100290,2017년 10월 24일 12시,화요일,충청남도 천안시 서북구 두정동,경상사고,0,0,2,0,차대차 - 기타,신호위반,건조,맑음,교차로 - 교차로안,원동기,남,24세,경상,화물,남,26세,경상
2017102400100395,2017년 10월 24일 15시,화요일,충청남도 천안시 동남구 구성동,중상사고,0,1,0,0,차대사람 - 횡단중,안전운전불이행,건조,맑음,단일로 - 기타,승용,남,75세,상해없음,보행자,여,8세,중상
2017102400100640,2017년 10월 24일 21시,화요일,충청남도 천안시 서북구 직산읍,경상사고,0,0,1,0,차대차 - 기타,안전운전불이행,건조,맑음,교차로 - 교차로부근,승용,남,60세,상해없음,승용,남,27세,경상
2017102400100675,2017년 10월 24일 22시,화요일,충청남도 천안시 서북구 백석동,중상사고,0,1,0,0,차대차 - 기타,교차로운행방법위반,건조,맑음,교차로 - 교차로안,승용,남,42세,상해없음,이륜,남,17세,중상
2017102500100040,2017년 10월 25일 01시,수요일,충청남도 천안시 서북구 성거읍,사망사고,1,0,0,0,차대사람 - 기타,안전운전불이행,건조,맑음,단일로 - 기타,승용,여,29세,상해없음,보행자,남,81세,사망
2017102500100089,2017년 10월 25일 06시,수요일,충청남도 천안시 동남구 원성동,중상사고,0,1,0,0,차대사람 - 횡단중,보행자보호의무위반,건조,맑음,교차로 - 교차로부근,승합,남,49세,상해없음,보행자,남,64세,중상
2017102500100199,2017년 10월 25일 09시,수요일,충청남도 천안시 동남구 용곡동,경상사고,0,0,1,0,차대차 - 측면충돌,직진우회전진행방해,건조,맑음,교차로 - 교차로안,승용,여,46세,상해없음,승용,여,62세,경상
2017102500100236,2017년 10월 25일 10시,수요일,충청남도 천안시 동남구 북면,중상사고,0,1,0,0,차대차 - 기타,중앙선침범,건조,맑음,단일로 - 기타,이륜,남,39세,중상,화물,남,62세,상해없음
2017102500100369,2017년 10월 25일 14시,수요일,충청남도 천안시 서북구 불당동,중상사고,0,1,0,0,차대사람 - 기타,안전운전불이행,건조,맑음,교차로 - 교차로안,승용,남,41세,상해없음,보행자,여,71세,중상
2017102500100443,2017년 10월 25일 16시,수요일,충청남도 천안시 서북구 성정동,경상사고,0,0,2,0,차대차 - 기타,불법유턴,건조,맑음,교차로 - 교차로부근,승용,남,27세,경상,승용,여,62세,경상
2017102500100444,2017년 10월 25일 16시,수요일,충청남도 천안시 동남구 삼룡동,경상사고,0,0,1,0,차대차 - 기타,신호위반,건조,맑음,교차로 - 교차로안,승용,남,50세,상해없음,화물,남,60세,경상
2017102500100489,2017년 10월 25일 17시,수요일,충청남도 천안시 서북구 백석동,경상사고,0,0,2,0,차대차 - 기타,신호위반,건조,맑음,교차로 - 교차로안,승용,남,58세,상해없음,승용,여,56세,경상
2017102500100552,2017년 10월 25일 18시,수요일,충청남도 천안시 서북구 차암동,경상사고,0,0,1,0,차대차 - 기타,안전운전불이행,건조,맑음,교차로 - 교차로안,승용,남,35세,상해없음,승용,여,57세,경상
2017102500100650,2017년 10월 25일 20시,수요일,충청남도 천안시 서북구 입장면,경상사고,0,0,1,0,차대차 - 기타,중앙선침범,건조,맑음,단일로 - 기타,화물,남,62세,상해없음,승용,남,26세,경상
2017102500100654,2017년 10월 25일 20시,수요일,충청남도 천안시 동남구 영성동,중상사고,0,1,0,0,차대차 - 기타,안전운전불이행,건조,맑음,단일로 - 기타,승용,남,28세,상해없음,이륜,남,53세,중상
2017102500100680,2017년 10월 25일 21시,수요일,충청남도 천안시 서북구 두정동,경상사고,0,0,1,0,차대차 - 측면충돌,안전운전불이행,건조,맑음,단일로 - 기타,승용,남,39세,상해없음,승용,남,66세,경상
2017102500100710,2017년 10월 25일 22시,수요일,충청남도 천안시 서북구 성거읍,중상사고,0,1,0,0,차대사람 - 횡단중,안전운전불이행,건조,맑음,교차로 - 교차로횡단보도내,승용,남,67세,상해없음,보행자,여,17세,중상
2017102500100743,2017년 10월 25일 23시,수요일,충청남도 천안시 서북구 쌍용동,경상사고,0,0,1,0,차대차 - 측면충돌,안전운전불이행,건조,맑음,단일로 - 기타,승용,남,51세,상해없음,승용,남,61세,상해없음
2017102600100104,2017년 10월 26일 07시,목요일,충청남도 천안시 서북구 쌍용동,경상사고,0,0,1,0,차대차 - 기타,중앙선침범,건조,맑음,교차로 - 교차로부근,승용,남,51세,상해없음,승용,여,22세,경상
2017102600100244,2017년 10월 26일 12시,목요일,충청남도 천안시 서북구 불당동,중상사고,0,1,0,0,차대차 - 측면충돌,신호위반,건조,맑음,교차로 - 교차로안,승용,여,41세,상해없음,승용,여,40세,중상
2017102600100419,2017년 10월 26일 17시,목요일,충청남도 천안시 서북구 두정동,경상사고,0,0,1,0,차대사람 - 기타,안전운전불이행,건조,맑음,기타 - 기타,승용,남,39세,상해없음,보행자,남,45세,경상
2017102600100472,2017년 10월 26일 18시,목요일,충청남도 천안시 서북구 입장면,경상사고,0,0,1,0,차대차 - 후진중충돌,안전운전불이행,건조,기타,주차장 - 주차장,승용,남,59세,상해없음,승합,남,29세,경상
2017102600100530,2017년 10월 26일 19시,목요일,충청남도 천안시 서북구 백석동,경상사고,0,0,1,0,차대차 - 측면충돌,안전운전불이행,건조,맑음,교차로 - 교차로부근,이륜,남,49세,상해없음,승용,남,25세,경상
2017102600100594,2017년 10월 26일 21시,목요일,충청남도 천안시 서북구 두정동,경상사고,0,0,2,0,차대차 - 추돌,안전운전불이행,건조,맑음,교차로 - 교차로부근,승용,남,27세,상해없음,승용,남,27세,경상
2017102700100034,2017년 10월 27일 00시,금요일,충청남도 천안시 동남구 원성동,중상사고,0,3,3,0,차대차 - 측면충돌,안전운전불이행,건조,맑음,교차로 - 교차로안,승용,남,30세,중상,승용,여,29세,경상
2017102700100105,2017년 10월 27일 07시,금요일,충청남도 천안시 동남구 성남면,경상사고,0,0,1,0,차대차 - 측면충돌,신호위반,건조,맑음,교차로 - 교차로안,승합,남,52세,상해없음,승용,여,26세,경상