사고번호,사고일시,요일,시군구,사고내용,사망자수,중상자수,경상자수,부상신고자수,사고유형,법규위반,노면상태,기상상태,도로형태,가해운전자 차종,가해운전자 성별,가해운전자 연령,가해운전자 상해정도,피해운전자 차종,피해운전자 성별,피해운전자 연령,피해운전자 상해정도
2017102700100226,2017년 10월 27일 10시,금요일,충청남도 천안시 동남구 삼룡동,경상사고,0,0,1,0,차대차 - 추돌,안전운전불이행,건조,맑음,단일로 - 기타,화물,남,49세,상해없음,승용,남,67세,경상
2017102700100271,2017년 10월 27일 11시,금요일,충청남도 천안시 동남구 다가동,중상사고,0,1,0,0,차대차 - 측면충돌,안전운전불이행,건조,맑음,주차장 - 주차장,승용,남,43세,상해없음,자전거,남,70세,중상
2017102700100411,2017년 10월 27일 15시,금요일,충청남도 천안시 동남구 신방동,중상사고,0,1,0,0,차대사람 - 기타,안전운전불이행,건조,맑음,교차로 - 교차로안,승용,여,40세,상해없음,보행자,여,8세,중상
2017102700100554,2017년 10월 27일 18시,금요일,충청남도 천안시 서북구 성성동,경상사고,0,0,1,0,차대차 - 기타,중앙선침범,건조,맑음,단일로 - 기타,승용,남,37세,상해없음,승용,남,40세,경상
2017102700100560,2017년 10월 27일 18시,금요일,충청남도 천안시 동남구 목천읍,중상사고,0,1,2,0,차대차 - 추돌,안전운전불이행,건조,맑음,단일로 - 기타,승용,남,43세,상해없음,승용,남,74세,경상
2017102700100685,2017년 10월 27일 20시,금요일,충청남도 천안시 서북구 불당동,중상사고,0,1,0,0,차대사람 - 기타,보행자보호의무위반,건조,맑음,교차로 - 교차로횡단보도내,승용,남,37세,상해없음,보행자,여,56세,중상
2017102700100686,2017년 10월 27일 20시,금요일,충청남도 천안시 서북구 두정동,경상사고,0,0,1,0,차대차 - 측면충돌,교차로운행방법위반,건조,맑음,교차로 - 교차로안,승용,여,48세,상해없음,승용,남,58세,경상
2017102700100719,2017년 10월 27일 21시,금요일,충청남도 천안시 서북구 두정동,경상사고,0,0,1,0,차대차 - 기타,안전운전불이행,건조,맑음,단일로 - 기타,승용,남,26세,경상,승용,남,49세,상해없음
2017102700100761,2017년 10월 27일 22시,금요일,충청남도 천안시 동남구 봉명동,중상사고,0,1,5,0,차대차 - 정면충돌,중앙선침범,건조,맑음,교차로 - 교차로부근,승용,남,43세,상해없음,승용,남,56세,중상
2017102700100793,2017년 10월 27일 23시,금요일,충청남도 천안시 서북구 두정동,경상사고,0,0,4,0,차대차 - 기타,안전운전불이행,건조,맑음,단일로 - 기타,승용,여,26세,경상,화물,남,50세,경상
2017102800100030,2017년 10월 28일 00시,토요일,충청남도 천안시 서북구 성정동,경상사고,0,0,1,0,차대차 - 기타,안전운전불이행,건조,맑음,단일로 - 기타,승용,남,37세,기타불명,승합,남,39세,경상
2017102800100144,2017년 10월 28일 07시,토요일,충청남도 천안시 동남구 신부동,경상사고,0,0,1,0,차대차 - 측면충돌,안전운전불이행,건조,맑음,단일로 - 기타,승용,남,57세,상해없음,승용,남,38세,경상
2017102800100397,2017년 10월 28일 14시,토요일,충청남도 천안시 동남구 안서동,중상사고,0,1,0,0,차대사람 - 기타,안전운전불이행,건조,맑음,기타 - 기타,승용,남,56세,상해없음,보행자,여,77세,중상
2017102800100501,2017년 10월 28일 16시,토요일,충청남도 천안시 동남구 신부동,중상사고,0,1,0,0,차대차 - 기타,안전운전불이행,건조,맑음,단일로 - 기타,화물,남,57세,상해없음,화물,남,48세,중상
2017102800100545,2017년 10월 28일 17시,토요일,충청남도 천안시 동남구 병천면,경상사고,0,0,1,0,차대사람 - 기타,안전운전불이행,건조,맑음,단일로 - 기타,승용,남,37세,상해없음,보행자,여,75세,경상
2017102800100708,2017년 10월 28일 20시,토요일,충청남도 천안시 동남구 문화동,중상사고,0,1,0,0,차대사람 - 길가장자리구역통행중,안전운전불이행,건조,맑음,단일로 - 기타,승용,여,35세,상해없음,보행자,남,39세,중상
2017102800100709,2017년 10월 28일 20시,토요일,충청남도 천안시 동남구 신방동,경상사고,0,0,1,0,차대사람 - 횡단중,보행자보호의무위반,건조,맑음,단일로 - 기타,이륜,남,16세,상해없음,보행자,남,45세,경상
2017102900100045,2017년 10월 29일 01시,일요일,충청남도 천안시 서북구 성성동,경상사고,0,0,2,0,차량단독 - 공작물충돌,안전운전불이행,건조,맑음,단일로 - 기타,승용,남,25세,상해없음,,,,
2017102900100081,2017년 10월 29일 04시,일요일,충청남도 천안시 서북구 백석동,경상사고,0,0,3,0,차대차 - 추돌,안전거리미확보,건조,맑음,교차로 - 교차로부근,승용,남,37세,상해없음,승용,남,44세,경상
2017102900100366,2017년 10월 29일 17시,일요일,충청남도 천안시 서북구 두정동,경상사고,0,0,1,0,차대차 - 측면충돌,안전운전불이행,건조,맑음,단일로 - 기타,자전거,남,25세,경상,승용,남,24세,상해없음
2017102900100412,2017년 10월 29일 18시,일요일,충청남도 천안시 서북구 백석동,경상사고,0,0,5,0,차대차 - 추돌,안전운전불이행,건조,맑음,교차로 - 교차로부근,승용,남,59세,상해없음,승용,남,34세,경상
2017102900100413,2017년 10월 29일 18시,일요일,충청남도 천안시 서북구 성정동,중상사고,0,1,1,0,차대차 - 측면충돌,과속,건조,맑음,단일로 - 기타,이륜,남,21세,중상,승용,여,29세,상해없음
2017102900100554,2017년 10월 29일 23시,일요일,충청남도 천안시 서북구 불당동,경상사고,0,0,1,0,차대차 - 기타,신호위반,건조,맑음,교차로 - 교차로안,승용,여,40세,상해없음,승용,남,23세,경상
2017103000100167,2017년 10월 30일 08시,월요일,충청남도 천안시 서북구 성정동,경상사고,0,0,2,0,차대차 - 측면충돌,교차로운행방법위반,건조,맑음,교차로 - 교차로안,승용,남,53세,상해없음,승용,남,45세,경상
2017103000100170,2017년 10월 30일 08시,월요일,충청남도 천안시 동남구 봉명동,중상사고,0,2,0,0,차대사람 - 횡단중,보행자보호의무위반,건조,맑음,교차로 - 교차로부근,승용,남,59세,상해없음,보행자,남,72세,중상
2017103000100241,2017년 10월 30일 10시,월요일,충청남도 천안시 서북구 쌍용동,경상사고,0,0,1,0,차량단독 - 기타,안전운전불이행,건조,맑음,단일로 - 기타,승합,남,42세,상해없음,,,,
2017103000100393,2017년 10월 30일 14시,월요일,충청남도 천안시 서북구 성정동,중상사고,0,1,0,0,차대차 - 기타,차로위반,건조,맑음,교차로 - 교차로부근,승용,남,49세,상해없음,이륜,남,20세,중상
2017103000100394,2017년 10월 30일 14시,월요일,충청남도 천안시 동남구 원성동,경상사고,0,0,3,0,차대차 - 측면충돌,교차로운행방법위반,건조,맑음,교차로 - 교차로부근,승용,여,55세,상해없음,승용,남,50세,경상
2017103000100427,2017년 10월 30일 15시,월요일,충청남도 천안시 동남구 삼룡동,경상사고,0,0,2,0,차대차 - 측면충돌,안전거리미확보,건조,맑음,단일로 - 기타,건설기계,남,40세,상해없음,승용,여,44세,경상
2017103000100693,2017년 10월 30일 20시,월요일,충청남도 천안시 서북구 업성동,중상사고,0,1,1,0,차대차 - 기타,신호위반,건조,맑음,교차로 - 교차로안,화물,남,38세,경상,승합,남,49세,중상
2017103100100038,2017년 10월 31일 01시,화요일,충청남도 천안시 서북구 성정동,경상사고,0,0,1,0,차대차 - 기타,안전운전불이행,건조,맑음,단일로 - 기타,승용,남,32세,상해없음,승용,남,27세,경상
2017103100100039,2017년 10월 31일 01시,화요일,충청남도 천안시 동남구 신부동,경상사고,0,0,1,0,차대차 - 측면충돌,중앙선침범,건조,맑음,단일로 - 기타,기타불명,기타불명,미분류,기타불명,승용,남,25세,경상
2017103100100059,2017년 10월 31일 05시,화요일,충청남도 천안시 동남구 북면,중상사고,0,1,0,0,차대사람 - 횡단중,보행자보호의무위반,건조,맑음,단일로 - 기타,승용,여,40세,상해없음,보행자,여,82세,중상
2017103100100203,2017년 10월 31일 09시,화요일,충청남도 천안시 서북구 쌍용동,경상사고,0,0,1,0,차대차 - 측면충돌,안전운전불이행,건조,맑음,단일로 - 기타,승합,여,37세,상해없음,승용,여,45세,경상
2017103100100205,2017년 10월 31일 09시,화요일,충청남도 천안시 동남구 신부동,경상사고,0,0,1,0,차대차 - 추돌,안전운전불이행,건조,맑음,단일로 - 기타,승용,남,38세,상해없음,승용,남,72세,경상
2017103100100343,2017년 10월 31일 13시,화요일,충청남도 천안시 동남구 안서동,경상사고,0,0,1,0,차대사람 - 길가장자리구역통행중,안전운전불이행,건조,맑음,단일로 - 기타,승용,여,54세,기타불명,보행자,여,20세,경상
2017103100100390,2017년 10월 31일 14시,화요일,충청남도 천안시 서북구 입장면,중상사고,0,1,0,0,차대차 - 측면충돌,안전거리미확보,건조,맑음,단일로 - 교량,이륜,남,71세,중상,승용,여,41세,상해없음
2017103100100431,2017년 10월 31일 15시,화요일,충청남도 천안시 서북구 와촌동,경상사고,0,0,1,0,차대차 - 기타,교차로운행방법위반,건조,맑음,교차로 - 교차로부근,승용,남,31세,상해없음,승용,여,29세,상해없음
2017103100100669,2017년 10월 31일 20시,화요일,충청남도 천안시 서북구 성환읍,중상사고,0,1,0,0,차대차 - 기타,중앙선침범,건조,맑음,교차로 - 교차로부근,승용,남,38세,상해없음,승용,남,42세,중상
2017103100100699,2017년 10월 31일 21시,화요일,충청남도 천안시 서북구 백석동,경상사고,0,0,2,0,차대차 - 기타,교차로운행방법위반,건조,맑음,교차로 - 교차로안,승용,남,49세,상해없음,승용,여,49세,경상
2017103100100703,2017년 10월 31일 21시,화요일,충청남도 천안시 동남구 안서동,경상사고,0,0,3,0,차대차 - 기타,신호위반,건조,맑음,교차로 - 교차로부근,승용,여,36세,경상,승용,여,26세,상해없음
2017110100100034,2017년 11월 1일 00시,수요일,충청남도 천안시 서북구 성정동,경상사고,0,0,1,0,차대차 - 기타,과속,건조,맑음,단일로 - 기타,승용,남,28세,상해없음,화물,여,57세,경상
2017110100100125,2017년 11월 1일 07시,수요일,충청남도 천안시 서북구 두정동,중상사고,0,1,0,0,차대차 - 기타,안전거리미확보,건조,맑음,단일로 - 고가도로위,승용,남,42세,상해없음,승용,남,38세,중상
2017110100100390,2017년 11월 1일 15시,수요일,충청남도 천안시 서북구 차암동,중상사고,0,2,3,1,차대차 - 측면충돌,직진우회전진행방해,건조,맑음,교차로 - 교차로안,승용,남,26세,부상신고,승용,여,35세,경상
2017110100100391,2017년 11월 1일 15시,수요일,충청남도 천안시 서북구 두정동,중상사고,0,1,0,0,차대차 - 기타,안전운전불이행,건조,맑음,단일로 - 기타,화물,남,60세,상해없음,승용,여,37세,중상
2017110100100471,2017년 11월 1일 17시,수요일,충청남도 천안시 동남구 동면,경상사고,0,0,1,0,차대차 - 측면충돌,중앙선침범,건조,맑음,단일로 - 기타,사륜오토바이(ATV),남,78세,경상,승용,남,33세,상해없음
2017110100100472,2017년 11월 1일 17시,수요일,충청남도 천안시 동남구 신방동,중상사고,0,1,0,0,차대차 - 추돌,안전운전불이행,건조,맑음,단일로 - 기타,승합,남,31세,상해없음,승용,남,54세,중상
2017110100100542,2017년 11월 1일 18시,수요일,충청남도 천안시 동남구 원성동,경상사고,0,0,1,0,차대차 - 측면충돌,안전운전불이행,건조,맑음,교차로 - 교차로안,승용,남,73세,상해없음,승용,여,54세,경상
2017110100100702,2017년 11월 1일 22시,수요일,충청남도 천안시 동남구 원성동,경상사고,0,0,1,0,차대차 - 측면충돌,안전운전불이행,건조,맑음,단일로 - 기타,기타불명,기타불명,미분류,기타불명,승용,여,26세,경상
2017110100100721,2017년 11월 1일 23시,수요일,충청남도 천안시 서북구 직산읍,경상사고,0,0,1,0,차대차 - 측면충돌,신호위반,건조,맑음,교차로 - 교차로안,승용,남,38세,상해없음,이륜,남,34세,경상
2017110100100722,2017년 11월 1일 23시,수요일,충청남도 천안시 서북구 두정동,중상사고,0,1,0,0,차대차 - 측면충돌,안전운전불이행,건조,맑음,교차로 - 교차로부근,승용,남,36세,상해없음,화물,남,26세,중상
2017110100100723,2017년 11월 1일 23시,수요일,충청남도 천안시 서북구 백석동,경상사고,0,0,1,0,차대차 - 기타,안전운전불이행,건조,맑음,교차로 - 교차로안,화물,남,34세,상해없음,승용,남,30세,경상
2017110200100031,2017년 11월 2일 00시,목요일,충청남도 천안시 서북구 두정동,경상사고,0,0,7,0,차대차 - 추돌,안전운전불이행,건조,맑음,교차로 - 교차로부근,승용,여,43세,상해없음,승용,남,42세,경상
2017110200100032,2017년 11월 2일 00시,목요일,충청남도 천안시 서북구 쌍용동,경상사고,0,0,1,0,차대차 - 기타,안전운전불이행,건조,맑음,단일로 - 기타,승용,남,74세,상해없음,이륜,남,19세,경상
2017110200100123,2017년 11월 2일 08시,목요일,충청남도 천안시 동남구 원성동,경상사고,0,0,6,0,차대차 - 추돌,안전거리미확보,건조,맑음,교차로 - 교차로안,화물,남,35세,상해없음,승용,여,45세,경상
2017110200100124,2017년 11월 2일 08시,목요일,충청남도 천안시 서북구 쌍용동,경상사고,0,0,2,0,차대차 - 측면충돌,안전운전불이행,건조,맑음,단일로 - 기타,화물,남,36세,상해없음,승용,남,62세,경상
2017110200100159,2017년 11월 2일 09시,목요일,충청남도 천안시 서북구 성정동,경상사고,0,0,1,0,차대차 - 기타,교차로운행방법위반,건조,맑음,교차로 - 교차로안,승용,남,59세,경상,승용,남,33세,상해없음
2017110200100286,2017년 11월 2일 14시,목요일,충청남도 천안시 서북구 성환읍,중상사고,0,1,0,0,차대차 - 기타,중앙선침범,건조,맑음,단일로 - 기타,승용,여,81세,상해없음,이륜,남,79세,중상
2017110200100552,2017년 11월 2일 21시,목요일,충청남도 천안시 서북구 불당동,경상사고,0,0,1,0,차대차 - 기타,안전운전불이행,건조,맑음,단일로 - 기타,승용,남,27세,상해없음,승용,남,38세,경상
2017110200100573,2017년 11월 2일 22시,목요일,충청남도 천안시 서북구 쌍용동,경상사고,0,0,1,0,차대차 - 기타,안전운전불이행,건조,맑음,단일로 - 기타,승합,남,38세,상해없음,승용,여,65세,경상
2017110300100127,2017년 11월 3일 07시,금요일,충청남도 천안시 서북구 두정동,경상사고,0,0,1,0,차대차 - 정면충돌,중앙선침범,건조,맑음,교차로 - 교차로안,승용,남,25세,상해없음,승용,남,27세,경상
2017110300100408,2017년 11월 3일 15시,금요일,충청남도 천안시 서북구 백석동,경상사고,0,0,1,1,차대차 - 기타,안전운전불이행,건조,맑음,단일로 - 기타,승용,여,42세,경상,승용,남,55세,부상신고
2017110300100453,2017년 11월 3일 16시,금요일,충청남도 천안시 동남구 봉명동,경상사고,0,0,1,0,차대차 - 기타,안전운전불이행,건조,흐림,교차로 - 교차로안,자전거,남,62세,경상,승용,남,58세,상해없음
2017110300100454,2017년 11월 3일 16시,금요일,충청남도 천안시 동남구 신방동,경상사고,0,0,1,0,차대차 - 측면충돌,직진우회전진행방해,건조,맑음,교차로 - 교차로안,이륜,남,30세,경상,승용,여,61세,상해없음
2017110300100564,2017년 11월 3일 18시,금요일,충청남도 천안시 동남구 신부동,경상사고,0,0,2,0,차대차 - 추돌,안전거리미확보,건조,맑음,단일로 - 기타,승용,남,56세,상해없음,승용,남,56세,경상
2017110300100620,2017년 11월 3일 19시,금요일,충청남도 천안시 서북구 불당동,경상사고,0,0,1,0,차대차 - 기타,안전거리미확보,건조,맑음,단일로 - 기타,승합,남,41세,상해없음,승용,남,51세,경상
2017110400100057,2017년 11월 4일 02시,토요일,충청남도 천안시 서북구 성정동,경상사고,0,0,1,0,차대차 - 추돌,안전운전불이행,건조,맑음,단일로 - 기타,승용,남,29세,상해없음,특수,남,38세,경상
2017110400100067,2017년 11월 4일 03시,토요일,충청남도 천안시 서북구 직산읍,경상사고,0,0,1,0,차량단독 - 공작물충돌,안전운전불이행,건조,맑음,단일로 - 기타,승용,남,38세,경상,,,,
2017110400100293,2017년 11월 4일 13시,토요일,충청남도 천안시 동남구 영성동,경상사고,0,0,1,0,차대차 - 기타,안전운전불이행,건조,맑음,단일로 - 기타,승용,남,31세,상해없음,이륜,남,37세,경상
2017110400100357,2017년 11월 4일 15시,토요일,충청남도 천안시 동남구 목천읍,중상사고,0,1,1,0,차대차 - 측면충돌,안전운전불이행,건조,맑음,교차로 - 교차로안,승용,여,34세,경상,승용,여,40세,중상
2017110400100358,2017년 11월 4일 15시,토요일,충청남도 천안시 동남구 병천면,경상사고,0,0,1,0,차대차 - 기타,중앙선침범,건조,맑음,단일로 - 기타,기타불명,기타불명,미분류,기타불명,화물,남,66세,경상
2017110400100394,2017년 11월 4일 16시,토요일,충청남도 천안시 동남구 성남면,중상사고,0,2,2,0,차대차 - 추돌,안전운전불이행,건조,맑음,단일로 - 기타,화물,남,41세,상해없음,승용,남,27세,중상
2017110400100610,2017년 11월 4일 22시,토요일,충청남도 천안시 동남구 신부동,중상사고,0,1,0,0,차대사람 - 기타,안전운전불이행,건조,맑음,교차로 - 교차로안,승용,남,21세,상해없음,보행자,여,16세,중상
2017110400100611,2017년 11월 4일 22시,토요일,충청남도 천안시 동남구 신부동,경상사고,0,0,1,0,차대사람 - 횡단중,신호위반,건조,맑음,교차로 - 교차로안,화물,남,53세,상해없음,보행자,여,37세,경상
2017110500100021,2017년 11월 5일 00시,일요일,충청남도 천안시 서북구 성환읍,사망사고,1,0,0,0,차대사람 - 횡단중,안전운전불이행,건조,기타,단일로 - 기타,승용,남,26세,상해없음,보행자,남,66세,사망
2017110500100022,2017년 11월 5일 00시,일요일,충청남도 천안시 서북구 두정동,경상사고,0,0,1,0,차대차 - 추돌,안전운전불이행,건조,맑음,교차로 - 교차로부근,승용,여,31세,상해없음,승용,남,47세,경상
2017110500100121,2017년 11월 5일 09시,일요일,충청남도 천안시 동남구 수신면,중상사고,0,1,0,0,차대차 - 측면충돌,직진우회전진행방해,건조,맑음,교차로 - 교차로안,승용,남,40세,상해없음,이륜,남,36세,중상
2017110500100391,2017년 11월 5일 18시,일요일,충청남도 천안시 동남구 광덕면,중상사고,0,1,3,0,차대차 - 기타,안전운전불이행,건조,맑음,단일로 - 터널,승용,남,27세,경상,화물,남,57세,중상
2017110500100486,2017년 11월 5일 21시,일요일,충청남도 천안시 동남구 안서동,경상사고,0,0,1,0,차대차 - 정면충돌,중앙선침범,건조,맑음,단일로 - 기타,승용,남,25세,상해없음,승용,여,61세,경상
2017110500100506,2017년 11월 5일 22시,일요일,충청남도 천안시 동남구 신부동,경상사고,0,0,1,0,차대사람 - 길가장자리구역통행중,보행자보호의무위반,건조,맑음,단일로 - 기타,승용,남,19세,상해없음,보행자,남,19세,경상
2017110600100029,2017년 11월 6일 00시,월요일,충청남도 천안시 동남구 구성동,중상사고,0,1,1,0,차대차 - 측면충돌,안전운전불이행,건조,맑음,단일로 - 기타,승용,남,29세,상해없음,승용,남,62세,경상
2017110600100093,2017년 11월 6일 07시,월요일,충청남도 천안시 동남구 동면,경상사고,0,0,1,0,차대차 - 기타,중앙선침범,건조,맑음,단일로 - 기타,기타불명,기타불명,미분류,기타불명,승용,남,88세,경상
2017110600100171,2017년 11월 6일 09시,월요일,충청남도 천안시 서북구 성정동,중상사고,0,1,0,0,차대차 - 기타,안전거리미확보,건조,맑음,단일로 - 기타,승용,남,26세,상해없음,승합,남,60세,상해없음
2017110600100232,2017년 11월 6일 11시,월요일,충청남도 천안시 동남구 풍세면,경상사고,0,0,1,0,차대차 - 측면충돌,안전운전불이행,건조,맑음,단일로 - 기타,화물,남,45세,상해없음,승용,남,34세,경상
2017110600100396,2017년 11월 6일 16시,월요일,충청남도 천안시 서북구 두정동,경상사고,0,0,1,0,차대차 - 기타,안전운전불이행,건조,맑음,교차로 - 교차로안,승용,여,58세,상해없음,승용,남,45세,경상
2017110600100497,2017년 11월 6일 18시,월요일,충청남도 천안시 서북구 성환읍,경상사고,0,0,1,0,차대차 - 추돌,안전거리미확보,건조,맑음,교차로 - 교차로부근,화물,남,69세,상해없음,승용,남,54세,경상
2017110600100498,2017년 11월 6일 18시,월요일,충청남도 천안시 서북구 백석동,경상사고,0,0,1,0,차대차 - 기타,안전거리미확보,건조,맑음,단일로 - 기타,승용,남,29세,상해없음,승용,여,62세,경상
2017110700100058,2017년 11월 7일 03시,화요일,충청남도 천안시 서북구 성환읍,경상사고,0,0,1,0,차대차 - 추돌,안전운전불이행,건조,맑음,교차로 - 교차로부근,승용,남,27세,경상,화물,남,58세,기타불명
2017110700100064,2017년 11월 7일 04시,화요일,충청남도 천안시 서북구 두정동,경상사고,0,0,1,0,차대차 - 측면충돌,신호위반,건조,맑음,교차로 - 교차로안,승용,남,36세,상해없음,승용,남,24세,경상
2017110700100142,2017년 11월 7일 08시,화요일,충청남도 천안시 동남구 신부동,중상사고,0,1,0,0,차대사람 - 횡단중,보행자보호의무위반,건조,맑음,교차로 - 교차로안,승용,여,44세,상해없음,보행자,여,21세,중상
2017110700100570,2017년 11월 7일 20시,화요일,충청남도 천안시 서북구 성정동,경상사고,0,0,1,0,차대차 - 측면충돌,안전거리미확보,건조,기타,단일로 - 기타,승용,남,45세,상해없음,이륜,남,22세,경상
2017110700100604,2017년 11월 7일 21시,화요일,충청남도 천안시 서북구 쌍용동,경상사고,0,0,1,0,차대차 - 측면충돌,안전운전불이행,건조,맑음,교차로 - 교차로안,승합,여,49세,상해없음,이륜,남,50세,경상
2017110700100656,2017년 11월 7일 23시,화요일,충청남도 천안시 서북구 쌍용동,경상사고,0,0,1,0,차대차 - 측면충돌,안전운전불이행,건조,맑음,단일로 - 기타,승용,남,64세,상해없음,승용,남,57세,경상
2017110800100025,2017년 11월 8일 00시,수요일,충청남도 천안시 서북구 성정동,중상사고,0,1,0,0,차대사람 - 기타,안전운전불이행,건조,맑음,단일로 - 기타,승용,남,25세,상해없음,보행자,남,20세,중상
2017110800100150,2017년 11월 8일 08시,수요일,충청남도 천안시 서북구 두정동,경상사고,0,0,1,0,차대차 - 기타,안전운전불이행,건조,맑음,단일로 - 기타,승용,여,40세,상해없음,승용,남,24세,상해없음
2017110800100287,2017년 11월 8일 12시,수요일,충청남도 천안시 동남구 광덕면,경상사고,0,0,1,0,차대차 - 측면충돌,안전운전불이행,건조,맑음,교차로 - 교차로안,원동기,남,19세,경상,승용,남,53세,상해없음
2017110800100384,2017년 11월 8일 15시,수요일,충청남도 천안시 동남구 영성동,경상사고,0,0,3,0,차대차 - 측면충돌,안전운전불이행,건조,맑음,단일로 - 고가도로위,승용,남,20세,경상,승용,여,59세,경상
2017110800100427,2017년 11월 8일 16시,수요일,충청남도 천안시 서북구 직산읍,경상사고,0,0,1,0,차대차 - 기타,안전운전불이행,건조,맑음,교차로 - 교차로안,승용,남,56세,경상,화물,남,44세,상해없음
2017110800100481,2017년 11월 8일 17시,수요일,충청남도 천안시 서북구 쌍용동,경상사고,0,0,1,0,차대차 - 기타,차로위반,건조,맑음,단일로 - 기타,승용,남,76세,상해없음,승용,남,38세,경상
2017110800100622,2017년 11월 8일 20시,수요일,충청남도 천안시 서북구 쌍용동,중상사고,0,1,1,0,차대차 - 측면충돌,신호위반,건조,맑음,교차로 - 교차로안,승용,남,37세,상해없음,이륜,남,16세,경상
2017110800100656,2017년 11월 8일 21시,수요일,충청남도 천안시 서북구 성환읍,경상사고,0,0,1,0,차대차 - 기타,안전운전불이행,건조,맑음,교차로 - 교차로안,이륜,남,15세,경상,승용,남,49세,상해없음
2017110900100182,2017년 11월 9일 09시,목요일,충청남도 천안시 동남구 목천읍,경상사고,0,0,2,0,차대차 - 추돌,안전운전불이행,건조,맑음,단일로 - 기타,승용,남,26세,상해없음,승용,남,55세,경상
2017110900100400,2017년 11월 9일 16시,목요일,충청남도 천안시 동남구 봉명동,중상사고,0,1,0,0,차대사람 - 기타,기타,건조,맑음,단일로 - 기타,승용,여,36세,상해없음,보행자,여,8세,중상
2017110900100433,2017년 11월 9일 17시,목요일,충청남도 천안시 서북구 성성동,경상사고,0,0,2,0,차대차 - 측면충돌,안전운전불이행,건조,맑음,교차로 - 교차로안,화물,남,43세,상해없음,승용,남,21세,경상
2017110900100434,2017년 11월 9일 17시,목요일,충청남도 천안시 서북구 성정동,경상사고,0,0,1,0,차대차 - 측면충돌,안전거리미확보,건조,맑음,단일로 - 기타,화물,남,75세,상해없음,승용,여,23세,경상
2017110900100503,2017년 11월 9일 18시,목요일,충청남도 천안시 서북구 성정동,경상사고,0,0,1,0,차대차 - 측면충돌,신호위반,건조,맑음,교차로 - 교차로안,승용,남,25세,상해없음,원동기,남,36세,경상
2017110900100504,2017년 11월 9일 18시,목요일,충청남도 천안시 서북구 쌍용동,경상사고,0,0,1,0,차대차 - 추돌,안전운전불이행,건조,맑음,단일로 - 기타,승용,남,49세,상해없음,승용,남,24세,경상
2017110900100505,2017년 11월 9일 18시,목요일,충청남도 천안시 서북구 쌍용동,경상사고,0,0,2,0,차대차 - 측면충돌,안전거리미확보,건조,맑음,단일로 - 기타,승용,여,53세,상해없음,승용,남,23세,경상
2017110900100506,2017년 11월 9일 18시,목요일,충청남도 천안시 서북구 성정동,경상사고,0,0,1,0,차대차 - 기타,안전거리미확보,건조,맑음,교차로 - 교차로부근,승용,남,57세,상해없음,기타불명,기타불명,미분류,기타불명
2017110900100509,2017년 11월 9일 18시,목요일,충청남도 천안시 동남구 병천면,경상사고,0,0,2,0,차대차 - 기타,직진우회전진행방해,건조,맑음,교차로 - 교차로안,승용,여,33세,상해없음,농기계,남,70세,경상
2017110900100590,2017년 11월 9일 20시,목요일,충청남도 천안시 서북구 성정동,경상사고,0,0,1,0,차대사람 - 기타,안전운전불이행,건조,맑음,교차로 - 교차로안,승합,남,47세,상해없음,보행자,남,57세,경상
2017111000100124,2017년 11월 10일 07시,금요일,충청남도 천안시 동남구 풍세면,경상사고,0,0,1,0,차대차 - 후진중충돌,안전운전불이행,건조,맑음,교차로 - 교차로안,화물,남,63세,상해없음,승용,남,42세,경상
2017111000100194,2017년 11월 10일 09시,금요일,충청남도 천안시 서북구 불당동,경상사고,0,0,1,0,차대차 - 측면충돌,안전거리미확보,건조,맑음,단일로 - 기타,화물,남,48세,상해없음,승용,남,52세,경상
2017111000100305,2017년 11월 10일 13시,금요일,충청남도 천안시 동남구 대흥동,중상사고,0,1,0,0,차대사람 - 횡단중,안전운전불이행,건조,맑음,단일로 - 기타,승용,여,39세,상해없음,보행자,남,21세,중상
2017111000100420,2017년 11월 10일 16시,금요일,충청남도 천안시 동남구 원성동,경상사고,0,0,1,0,차대차 - 추돌,안전운전불이행,건조,맑음,단일로 - 기타,승용,여,37세,상해없음,승용,남,34세,경상
2017111000100522,2017년 11월 10일 18시,금요일,충청남도 천안시 서북구 성정동,중상사고,0,1,0,0,차대차 - 측면충돌,안전운전불이행,젖음/습기,비,교차로 - 교차로부근,승용,남,24세,상해없음,이륜,남,38세,중상
2017111000100523,2017년 11월 10일 18시,금요일,충청남도 천안시 서북구 성정동,경상사고,0,0,1,0,차대차 - 추돌,안전운전불이행,젖음/습기,비,단일로 - 고가도로위,승용,남,69세,상해없음,승용,여,38세,경상
2017111000100524,2017년 11월 10일 18시,금요일,충청남도 천안시 서북구 불당동,경상사고,0,0,2,0,차대차 - 추돌,안전운전불이행,젖음/습기,비,단일로 - 기타,승용,남,56세,상해없음,승용,남,49세,경상
2017111000100644,2017년 11월 10일 20시,금요일,충청남도 천안시 동남구 병천면,경상사고,0,0,1,0,차대차 - 정면충돌,중앙선침범,건조,맑음,단일로 - 기타,승용,남,49세,상해없음,원동기,남,65세,경상