사고번호,사고일시,요일,시군구,사고내용,사망자수,중상자수,경상자수,부상신고자수,사고유형,법규위반,노면상태,기상상태,도로형태,가해운전자 차종,가해운전자 성별,가해운전자 연령,가해운전자 상해정도,피해운전자 차종,피해운전자 성별,피해운전자 연령,피해운전자 상해정도
2017120900100659,2017년 12월 9일 22시,토요일,충청남도 천안시 서북구 쌍용동,경상사고,0,0,1,0,차대차 - 기타,안전운전불이행,건조,맑음,교차로 - 교차로부근,승용,남,33세,상해없음,승합,여,55세,경상
2017120900100687,2017년 12월 9일 23시,토요일,충청남도 천안시 서북구 성거읍,경상사고,0,0,1,0,차대차 - 추돌,안전거리미확보,건조,맑음,교차로 - 교차로안,승용,남,34세,상해없음,승용,남,32세,경상
2017121000100066,2017년 12월 10일 02시,일요일,충청남도 천안시 서북구 두정동,경상사고,0,0,1,0,차대사람 - 기타,안전운전불이행,건조,맑음,단일로 - 기타,승용,남,20세,상해없음,보행자,남,37세,경상
2017121000100159,2017년 12월 10일 09시,일요일,충청남도 천안시 서북구 직산읍,중상사고,0,1,0,0,차대차 - 기타,안전운전불이행,건조,맑음,단일로 - 기타,승용,여,48세,상해없음,이륜,남,76세,중상
2017121000100378,2017년 12월 10일 18시,일요일,충청남도 천안시 서북구 성정동,경상사고,0,0,1,0,차대차 - 추돌,안전운전불이행,젖음/습기,비,교차로 - 교차로부근,승용,남,44세,상해없음,승용,남,40세,경상
2017121000100404,2017년 12월 10일 19시,일요일,충청남도 천안시 서북구 불당동,중상사고,0,1,0,0,차대차 - 측면충돌,안전운전불이행,젖음/습기,비,교차로 - 교차로안,승용,여,38세,상해없음,승용,남,27세,상해없음
2017121100100099,2017년 12월 11일 08시,월요일,충청남도 천안시 서북구 두정동,사망사고,1,0,1,0,차대차 - 측면충돌,중앙선침범,서리/결빙,눈,단일로 - 기타,승용,남,40세,사망,승용,남,34세,상해없음
2017121100100100,2017년 12월 11일 08시,월요일,충청남도 천안시 서북구 두정동,중상사고,0,1,0,0,차대차 - 측면충돌,안전운전불이행,서리/결빙,눈,단일로 - 기타,기타불명,기타불명,미분류,기타불명,승용,여,58세,상해없음
2017121100100466,2017년 12월 11일 20시,월요일,충청남도 천안시 동남구 원성동,경상사고,0,0,1,0,차대차 - 측면충돌,신호위반,건조,맑음,교차로 - 교차로안,승용,남,62세,상해없음,이륜,남,42세,경상
2017121100100479,2017년 12월 11일 21시,월요일,충청남도 천안시 동남구 신부동,경상사고,0,0,1,0,차대차 - 측면충돌,안전운전불이행,건조,맑음,단일로 - 기타,승합,남,22세,상해없음,이륜,남,30세,경상
2017121100100535,2017년 12월 11일 23시,월요일,충청남도 천안시 서북구 성환읍,중상사고,0,1,0,0,차대사람 - 기타,안전운전불이행,건조,맑음,교차로 - 교차로안,승용,남,35세,상해없음,보행자,남,16세,중상
2017121200100212,2017년 12월 12일 11시,화요일,충청남도 천안시 동남구 대흥동,중상사고,0,1,0,0,차대사람 - 기타,안전운전불이행,건조,맑음,단일로 - 기타,승용,남,42세,상해없음,보행자,여,67세,중상
2017121200100273,2017년 12월 12일 13시,화요일,충청남도 천안시 동남구 청당동,경상사고,0,0,2,0,차대차 - 추돌,안전운전불이행,건조,맑음,단일로 - 고가도로위,화물,남,64세,상해없음,승용,남,50세,경상
2017121200100404,2017년 12월 12일 17시,화요일,충청남도 천안시 동남구 신방동,중상사고,0,1,0,0,차대차 - 추돌,안전운전불이행,건조,맑음,단일로 - 기타,승용,남,51세,상해없음,승용,남,36세,중상
2017121200100541,2017년 12월 12일 21시,화요일,충청남도 천안시 서북구 두정동,중상사고,0,2,4,0,차대차 - 측면충돌,신호위반,건조,맑음,단일로 - 기타,승용,남,21세,상해없음,승용,남,31세,중상
2017121200100545,2017년 12월 12일 21시,화요일,충청남도 천안시 동남구 신방동,경상사고,0,0,1,0,차대차 - 측면충돌,신호위반,건조,맑음,교차로 - 교차로부근,이륜,남,17세,상해없음,승용,남,26세,경상
2017121200100592,2017년 12월 12일 23시,화요일,충청남도 천안시 서북구 성거읍,경상사고,0,0,1,0,차대차 - 측면충돌,신호위반,건조,맑음,교차로 - 교차로안,승용,남,50세,상해없음,승용,남,26세,경상
2017121300100037,2017년 12월 13일 01시,수요일,충청남도 천안시 서북구 두정동,경상사고,0,0,2,0,차대차 - 추돌,안전운전불이행,건조,맑음,단일로 - 기타,승용,남,41세,상해없음,승용,남,49세,경상
2017121300100074,2017년 12월 13일 06시,수요일,충청남도 천안시 서북구 백석동,경상사고,0,0,1,0,차대차 - 기타,직진우회전진행방해,건조,맑음,교차로 - 교차로안,승용,남,46세,상해없음,승용,남,36세,경상
2017121300100126,2017년 12월 13일 08시,수요일,충청남도 천안시 서북구 쌍용동,중상사고,0,1,0,0,차대사람 - 기타,신호위반,건조,맑음,교차로 - 교차로안,승용,여,47세,상해없음,보행자,남,34세,중상
2017121300100128,2017년 12월 13일 08시,수요일,충청남도 천안시 동남구 성남면,경상사고,0,0,1,0,차대차 - 측면충돌,안전운전불이행,건조,맑음,교차로 - 교차로안,승합,남,53세,상해없음,승용,여,30세,경상
2017121300100168,2017년 12월 13일 09시,수요일,충청남도 천안시 서북구 차암동,중상사고,0,1,0,0,차대차 - 측면충돌,안전운전불이행,건조,맑음,교차로 - 교차로안,승용,남,50세,상해없음,승용,남,37세,중상
2017121300100287,2017년 12월 13일 14시,수요일,충청남도 천안시 동남구 대흥동,중상사고,0,1,0,0,차대사람 - 횡단중,보행자보호의무위반,건조,맑음,단일로 - 기타,승용,남,73세,상해없음,보행자,남,57세,중상
2017121300100365,2017년 12월 13일 16시,수요일,충청남도 천안시 서북구 쌍용동,경상사고,0,0,1,0,차대사람 - 기타,안전운전불이행,건조,맑음,주차장 - 주차장,승용,남,35세,상해없음,보행자,남,6세,경상
2017121300100407,2017년 12월 13일 17시,수요일,충청남도 천안시 서북구 입장면,경상사고,0,0,2,0,차대차 - 측면충돌,안전운전불이행,건조,기타,교차로 - 교차로안,승용,남,61세,경상,승용,남,36세,경상
2017121300100409,2017년 12월 13일 17시,수요일,충청남도 천안시 동남구 신방동,중상사고,0,1,2,0,차대차 - 추돌,안전운전불이행,건조,맑음,교차로 - 교차로부근,승용,남,54세,상해없음,승용,남,58세,중상
2017121300100446,2017년 12월 13일 18시,수요일,충청남도 천안시 서북구 쌍용동,경상사고,0,0,3,0,차대차 - 측면충돌,안전거리미확보,건조,맑음,단일로 - 기타,승용,여,61세,경상,승용,여,46세,경상
2017121400100086,2017년 12월 14일 05시,목요일,충청남도 천안시 서북구 두정동,경상사고,0,0,2,0,차대차 - 기타,안전운전불이행,건조,맑음,교차로 - 교차로안,승용,남,21세,상해없음,승용,남,30세,경상
2017121400100230,2017년 12월 14일 10시,목요일,충청남도 천안시 서북구 백석동,경상사고,0,0,1,0,차대차 - 기타,안전운전불이행,건조,맑음,교차로 - 교차로안,승용,남,45세,상해없음,승용,남,28세,경상
2017121400100279,2017년 12월 14일 12시,목요일,충청남도 천안시 동남구 청당동,중상사고,0,1,0,0,차대차 - 측면충돌,안전운전불이행,건조,맑음,단일로 - 기타,화물,남,49세,상해없음,승용,남,44세,중상
2017121400100313,2017년 12월 14일 13시,목요일,충청남도 천안시 서북구 성정동,경상사고,0,0,1,0,차대차 - 추돌,안전운전불이행,건조,맑음,교차로 - 교차로부근,승용,남,49세,상해없음,승용,남,62세,경상
2017121400100465,2017년 12월 14일 18시,목요일,충청남도 천안시 서북구 두정동,경상사고,0,0,1,0,차대사람 - 횡단중,안전운전불이행,건조,맑음,단일로 - 기타,승용,남,22세,상해없음,보행자,남,17세,경상
2017121400100468,2017년 12월 14일 18시,목요일,충청남도 천안시 동남구 봉명동,중상사고,0,1,0,0,차대차 - 추돌,안전거리미확보,건조,맑음,단일로 - 기타,승용,남,41세,상해없음,승용,여,51세,중상
2017121400100527,2017년 12월 14일 20시,목요일,충청남도 천안시 서북구 성정동,중상사고,0,1,0,0,차대차 - 기타,교차로운행방법위반,건조,맑음,교차로 - 교차로안,승용,남,50세,상해없음,이륜,남,33세,중상
2017121400100581,2017년 12월 14일 22시,목요일,충청남도 천안시 서북구 불당동,중상사고,0,1,1,0,차대차 - 기타,안전운전불이행,건조,맑음,단일로 - 기타,승용,남,22세,상해없음,승용,남,35세,중상
2017121500100036,2017년 12월 15일 00시,금요일,충청남도 천안시 서북구 두정동,경상사고,0,0,2,0,차대차 - 기타,교차로운행방법위반,건조,맑음,교차로 - 교차로안,승용,남,37세,상해없음,승용,남,55세,경상
2017121500100037,2017년 12월 15일 00시,금요일,충청남도 천안시 서북구 성정동,경상사고,0,0,2,0,차대차 - 기타,안전운전불이행,건조,맑음,단일로 - 기타,승용,남,52세,상해없음,승용,남,62세,경상
2017121500100038,2017년 12월 15일 00시,금요일,충청남도 천안시 동남구 신방동,경상사고,0,0,1,0,차대차 - 추돌,안전운전불이행,건조,맑음,교차로 - 교차로부근,승용,남,40세,상해없음,승용,남,64세,경상
2017121500100039,2017년 12월 15일 00시,금요일,충청남도 천안시 서북구 입장면,경상사고,0,0,2,0,차대차 - 추돌,안전운전불이행,건조,맑음,단일로 - 기타,승용,여,53세,경상,화물,남,39세,경상
2017121500100059,2017년 12월 15일 01시,금요일,충청남도 천안시 서북구 두정동,경상사고,0,0,1,0,차대차 - 기타,안전운전불이행,건조,맑음,단일로 - 기타,이륜,남,57세,경상,승용,남,39세,상해없음
2017121500100082,2017년 12월 15일 04시,금요일,충청남도 천안시 동남구 안서동,사망사고,1,0,0,0,차대사람 - 횡단중,안전운전불이행,건조,맑음,교차로 - 교차로부근,화물,남,66세,기타불명,보행자,남,25세,사망
2017121500100152,2017년 12월 15일 08시,금요일,충청남도 천안시 서북구 백석동,경상사고,0,0,1,0,차대사람 - 횡단중,안전운전불이행,건조,맑음,단일로 - 기타,승용,남,27세,상해없음,보행자,남,9세,경상
2017121500100214,2017년 12월 15일 10시,금요일,충청남도 천안시 동남구 청당동,중상사고,0,1,0,0,차대사람 - 기타,안전운전불이행,건조,맑음,기타 - 기타,화물,남,32세,상해없음,보행자,남,57세,중상
2017121500100269,2017년 12월 15일 12시,금요일,충청남도 천안시 동남구 원성동,경상사고,0,0,1,0,차대차 - 기타,안전운전불이행,건조,맑음,단일로 - 기타,승용,여,60세,상해없음,승용,여,25세,경상
2017121500100354,2017년 12월 15일 15시,금요일,충청남도 천안시 동남구 신부동,경상사고,0,0,1,0,차대차 - 추돌,안전운전불이행,건조,맑음,단일로 - 기타,승합,남,55세,상해없음,승용,여,47세,경상
2017121500100478,2017년 12월 15일 18시,금요일,충청남도 천안시 동남구 신방동,경상사고,0,0,1,0,차대차 - 추돌,안전운전불이행,건조,맑음,단일로 - 기타,승용,여,26세,상해없음,승용,여,26세,경상
2017121500100544,2017년 12월 15일 20시,금요일,충청남도 천안시 서북구 두정동,경상사고,0,0,1,0,차대차 - 기타,직진우회전진행방해,건조,맑음,교차로 - 교차로안,승용,남,29세,상해없음,원동기,남,35세,경상
2017121500100586,2017년 12월 15일 21시,금요일,충청남도 천안시 동남구 목천읍,경상사고,0,0,4,0,차대차 - 측면충돌,안전운전불이행,건조,맑음,교차로 - 교차로안,승용,여,47세,경상,승합,남,56세,경상
2017121600100050,2017년 12월 16일 00시,토요일,충청남도 천안시 동남구 신부동,경상사고,0,0,1,0,차대차 - 정면충돌,교차로운행방법위반,건조,맑음,교차로 - 교차로안,승용,남,20세,상해없음,이륜,남,17세,경상
2017121600100094,2017년 12월 16일 02시,토요일,충청남도 천안시 동남구 원성동,경상사고,0,0,1,0,차대차 - 추돌,안전운전불이행,건조,맑음,교차로 - 교차로부근,승용,남,22세,상해없음,승용,남,56세,경상
2017121600100120,2017년 12월 16일 04시,토요일,충청남도 천안시 동남구 구성동,경상사고,0,0,1,0,차대차 - 추돌,안전운전불이행,건조,맑음,단일로 - 기타,승용,남,38세,상해없음,화물,남,51세,경상
2017121600100132,2017년 12월 16일 05시,토요일,충청남도 천안시 서북구 쌍용동,경상사고,0,0,3,0,차대차 - 기타,안전운전불이행,건조,맑음,기타 - 기타,승용,남,17세,상해없음,승합,남,68세,상해없음
2017121600100173,2017년 12월 16일 08시,토요일,충청남도 천안시 서북구 성정동,경상사고,0,0,1,0,차대차 - 기타,안전운전불이행,건조,맑음,단일로 - 기타,승용,남,26세,상해없음,승용,남,50세,경상
2017121600100493,2017년 12월 16일 18시,토요일,충청남도 천안시 서북구 백석동,중상사고,0,1,0,0,차대차 - 추돌,안전운전불이행,건조,맑음,단일로 - 기타,이륜,여,27세,중상,승용,남,42세,상해없음
2017121600100553,2017년 12월 16일 20시,토요일,충청남도 천안시 서북구 백석동,경상사고,0,0,1,0,차대차 - 추돌,안전운전불이행,건조,맑음,단일로 - 기타,승용,남,41세,상해없음,승용,남,33세,경상
2017121600100614,2017년 12월 16일 22시,토요일,충청남도 천안시 서북구 쌍용동,중상사고,0,1,0,0,차대사람 - 기타,안전운전불이행,건조,맑음,단일로 - 기타,승용,남,30세,상해없음,보행자,남,46세,중상
2017121700100089,2017년 12월 17일 03시,일요일,충청남도 천안시 서북구 백석동,중상사고,0,1,0,0,차량단독 - 공작물충돌,안전운전불이행,젖음/습기,눈,교차로 - 교차로부근,승용,남,41세,중상,,,,
2017121700100122,2017년 12월 17일 06시,일요일,충청남도 천안시 서북구 두정동,경상사고,0,0,4,0,차대차 - 측면충돌,교차로운행방법위반,건조,맑음,교차로 - 교차로안,승용,남,25세,상해없음,승용,남,25세,경상
2017121700100156,2017년 12월 17일 09시,일요일,충청남도 천안시 서북구 직산읍,경상사고,0,0,3,0,차대차 - 측면충돌,신호위반,건조,맑음,교차로 - 교차로안,승용,여,64세,상해없음,승용,남,68세,경상
2017121700100193,2017년 12월 17일 12시,일요일,충청남도 천안시 동남구 성남면,중상사고,0,1,0,0,차대차 - 기타,불법유턴,건조,맑음,교차로 - 교차로안,승용,여,43세,상해없음,원동기,남,42세,중상
2017121700100283,2017년 12월 17일 15시,일요일,충청남도 천안시 서북구 성정동,중상사고,0,4,1,0,차대차 - 기타,안전운전불이행,건조,맑음,단일로 - 기타,승용,남,53세,상해없음,승용,여,36세,중상
2017121700100398,2017년 12월 17일 19시,일요일,충청남도 천안시 동남구 목천읍,경상사고,0,0,1,0,차대차 - 기타,안전거리미확보,건조,맑음,단일로 - 기타,이륜,남,53세,경상,이륜,남,22세,상해없음
2017121700100428,2017년 12월 17일 20시,일요일,충청남도 천안시 서북구 성정동,경상사고,0,0,2,0,차대차 - 추돌,안전거리미확보,건조,맑음,단일로 - 기타,승용,남,65세,상해없음,승용,남,31세,경상
2017121700100429,2017년 12월 17일 20시,일요일,충청남도 천안시 동남구 신부동,경상사고,0,0,2,0,차대사람 - 기타,신호위반,건조,맑음,교차로 - 교차로안,이륜,남,17세,경상,보행자,남,30세,경상
2017121700100479,2017년 12월 17일 23시,일요일,충청남도 천안시 서북구 쌍용동,경상사고,0,0,2,0,차대차 - 추돌,안전운전불이행,건조,맑음,단일로 - 기타,승용,남,25세,상해없음,승용,남,58세,경상
2017121800100179,2017년 12월 18일 09시,월요일,충청남도 천안시 서북구 두정동,중상사고,0,1,0,0,차대차 - 기타,안전운전불이행,건조,맑음,교차로 - 교차로안,화물,남,50세,상해없음,이륜,남,56세,중상
2017121800100296,2017년 12월 18일 13시,월요일,충청남도 천안시 동남구 신부동,경상사고,0,0,1,0,차대차 - 기타,안전거리미확보,건조,맑음,단일로 - 기타,승합,남,54세,상해없음,승용,남,56세,경상
2017121800100524,2017년 12월 18일 20시,월요일,충청남도 천안시 서북구 성성동,중상사고,0,1,0,0,차대차 - 기타,신호위반,건조,맑음,교차로 - 교차로안,승용,남,46세,상해없음,승용,남,37세,중상
2017121800100525,2017년 12월 18일 20시,월요일,충청남도 천안시 서북구 불당동,경상사고,0,0,1,0,차대차 - 기타,안전운전불이행,건조,맑음,교차로 - 교차로부근,승용,남,42세,상해없음,승용,여,56세,경상
2017121800100549,2017년 12월 18일 21시,월요일,충청남도 천안시 서북구 성정동,중상사고,0,1,0,0,차대차 - 기타,안전운전불이행,건조,맑음,교차로 - 교차로안,승용,남,55세,상해없음,이륜,남,18세,중상
2017121900100121,2017년 12월 19일 08시,화요일,충청남도 천안시 서북구 직산읍,경상사고,0,0,1,0,차대차 - 기타,안전운전불이행,적설,맑음,단일로 - 기타,승용,여,59세,상해없음,승용,남,31세,경상
2017121900100316,2017년 12월 19일 15시,화요일,충청남도 천안시 동남구 사직동,중상사고,0,1,0,0,차대사람 - 횡단중,보행자보호의무위반,건조,맑음,교차로 - 교차로부근,승용,여,59세,상해없음,보행자,여,73세,중상
2017121900100356,2017년 12월 19일 16시,화요일,충청남도 천안시 동남구 구룡동,중상사고,0,1,1,0,차대차 - 측면충돌,안전운전불이행,건조,맑음,교차로 - 교차로안,승용,여,35세,중상,화물,남,49세,경상
2017121900100540,2017년 12월 19일 21시,화요일,충청남도 천안시 동남구 동면,중상사고,0,1,0,0,차대차 - 기타,중앙선침범,건조,맑음,단일로 - 기타,원동기,남,35세,중상,승용,남,50세,상해없음
2017122000100048,2017년 12월 20일 00시,수요일,충청남도 천안시 동남구 신부동,경상사고,0,0,2,0,차대차 - 측면충돌,안전운전불이행,건조,맑음,교차로 - 교차로부근,승용,남,31세,상해없음,승용,남,26세,경상
2017122000100075,2017년 12월 20일 02시,수요일,충청남도 천안시 서북구 성정동,경상사고,0,0,4,0,차대차 - 측면충돌,신호위반,건조,맑음,교차로 - 교차로안,승용,남,49세,경상,승용,남,63세,경상
2017122000100164,2017년 12월 20일 08시,수요일,충청남도 천안시 서북구 차암동,경상사고,0,0,1,0,차대차 - 측면충돌,안전운전불이행,서리/결빙,맑음,단일로 - 기타,승용,남,28세,상해없음,승용,남,37세,경상
2017122000100206,2017년 12월 20일 09시,수요일,충청남도 천안시 동남구 다가동,중상사고,0,1,0,0,차대차 - 측면충돌,직진우회전진행방해,건조,맑음,교차로 - 교차로안,승용,여,53세,상해없음,이륜,남,44세,중상
2017122000100317,2017년 12월 20일 13시,수요일,충청남도 천안시 동남구 광덕면,경상사고,0,0,1,0,차대차 - 추돌,안전운전불이행,건조,맑음,단일로 - 기타,승용,남,47세,경상,화물,남,62세,상해없음
2017122000100492,2017년 12월 20일 18시,수요일,충청남도 천안시 동남구 안서동,경상사고,0,0,1,2,차대차 - 추돌,안전운전불이행,젖음/습기,맑음,기타 - 기타,화물,남,74세,상해없음,승용,남,55세,경상
2017122000100599,2017년 12월 20일 20시,수요일,충청남도 천안시 서북구 불당동,경상사고,0,0,1,0,차대사람 - 기타,안전운전불이행,건조,맑음,단일로 - 기타,승용,여,33세,상해없음,보행자,여,16세,경상
2017122000100600,2017년 12월 20일 20시,수요일,충청남도 천안시 서북구 쌍용동,경상사고,0,0,1,0,차대차 - 정면충돌,신호위반,건조,맑음,교차로 - 교차로안,승용,여,47세,상해없음,이륜,남,43세,경상
2017122000100648,2017년 12월 20일 22시,수요일,충청남도 천안시 서북구 성거읍,경상사고,0,0,2,0,차대차 - 기타,안전운전불이행,적설,눈,교차로 - 교차로부근,승용,남,31세,상해없음,승용,남,58세,상해없음
2017122000100680,2017년 12월 20일 23시,수요일,충청남도 천안시 서북구 성정동,경상사고,0,0,2,0,차대차 - 추돌,안전운전불이행,건조,맑음,단일로 - 기타,승용,여,42세,상해없음,승용,남,62세,경상
2017122100100123,2017년 12월 21일 07시,목요일,충청남도 천안시 서북구 성환읍,경상사고,0,0,1,0,차대차 - 기타,안전거리미확보,서리/결빙,눈,단일로 - 기타,승용,남,23세,상해없음,승용,여,47세,경상
2017122100100155,2017년 12월 21일 08시,목요일,충청남도 천안시 동남구 청수동,경상사고,0,0,2,0,차대차 - 추돌,안전운전불이행,건조,맑음,단일로 - 기타,승용,여,25세,상해없음,승용,남,34세,경상
2017122100100198,2017년 12월 21일 09시,목요일,충청남도 천안시 서북구 불당동,경상사고,0,0,1,0,차대차 - 추돌,안전거리미확보,건조,맑음,교차로 - 교차로부근,건설기계,남,41세,상해없음,승용,여,51세,경상
2017122100100200,2017년 12월 21일 09시,목요일,충청남도 천안시 동남구 광덕면,경상사고,0,0,1,0,차대차 - 측면충돌,안전운전불이행,서리/결빙,맑음,교차로 - 교차로안,승용,남,63세,상해없음,승용,여,53세,경상
2017122100100269,2017년 12월 21일 11시,목요일,충청남도 천안시 서북구 백석동,경상사고,0,0,1,0,차대차 - 기타,안전거리미확보,건조,맑음,교차로 - 교차로부근,화물,남,64세,상해없음,승용,남,58세,경상
2017122100100316,2017년 12월 21일 13시,목요일,충청남도 천안시 서북구 성환읍,중상사고,0,2,0,0,차대차 - 측면충돌,직진우회전진행방해,건조,맑음,교차로 - 교차로안,화물,남,57세,상해없음,화물,남,69세,중상
2017122100100317,2017년 12월 21일 13시,목요일,충청남도 천안시 서북구 쌍용동,경상사고,0,0,1,0,차대차 - 기타,직진우회전진행방해,건조,맑음,교차로 - 교차로안,화물,남,45세,상해없음,승용,여,32세,경상
2017122100100344,2017년 12월 21일 14시,목요일,충청남도 천안시 서북구 성환읍,중상사고,0,1,0,0,차대차 - 측면충돌,신호위반,건조,맑음,교차로 - 교차로안,승용,여,56세,상해없음,승용,남,34세,중상
2017122100100553,2017년 12월 21일 19시,목요일,충청남도 천안시 서북구 두정동,경상사고,0,0,4,0,차대차 - 추돌,안전운전불이행,건조,맑음,교차로 - 교차로부근,승용,남,57세,상해없음,승용,남,42세,경상
2017122200100077,2017년 12월 22일 01시,금요일,충청남도 천안시 동남구 구성동,경상사고,0,0,1,0,차대차 - 기타,안전운전불이행,건조,맑음,교차로 - 교차로부근,승용,남,26세,상해없음,승용,남,57세,경상
2017122200100087,2017년 12월 22일 02시,금요일,충청남도 천안시 서북구 백석동,경상사고,0,0,2,0,차대차 - 기타,안전거리미확보,건조,맑음,교차로 - 교차로부근,승용,남,26세,상해없음,승용,남,24세,기타불명
2017122200100617,2017년 12월 22일 19시,금요일,충청남도 천안시 서북구 쌍용동,경상사고,0,0,1,0,차대차 - 측면충돌,안전운전불이행,건조,맑음,단일로 - 기타,승합,여,50세,상해없음,이륜,남,44세,경상
2017122200100619,2017년 12월 22일 19시,금요일,충청남도 천안시 동남구 청당동,경상사고,0,0,1,0,차대차 - 측면충돌,안전운전불이행,건조,맑음,단일로 - 기타,승용,남,52세,상해없음,승용,남,29세,경상
2017122200100741,2017년 12월 22일 22시,금요일,충청남도 천안시 서북구 두정동,경상사고,0,0,1,0,차대차 - 기타,안전운전불이행,건조,맑음,단일로 - 기타,승용,남,32세,상해없음,승용,남,50세,경상
2017122200100781,2017년 12월 22일 23시,금요일,충청남도 천안시 서북구 불당동,경상사고,0,0,1,0,차대차 - 측면충돌,안전운전불이행,건조,흐림,단일로 - 기타,승용,남,37세,상해없음,이륜,남,17세,경상
2017122300100092,2017년 12월 23일 01시,토요일,충청남도 천안시 서북구 백석동,경상사고,0,0,1,0,차대사람 - 기타,안전운전불이행,건조,흐림,단일로 - 기타,화물,남,45세,상해없음,보행자,남,34세,경상
2017122300100093,2017년 12월 23일 01시,토요일,충청남도 천안시 동남구 신부동,경상사고,0,0,1,0,차대사람 - 보도통행중,보행자보호의무위반,건조,맑음,단일로 - 기타,기타불명,기타불명,미분류,기타불명,보행자,여,23세,경상
2017122300100185,2017년 12월 23일 07시,토요일,충청남도 천안시 동남구 삼룡동,중상사고,0,1,1,0,차대차 - 측면충돌,신호위반,건조,맑음,교차로 - 교차로안,승용,남,37세,중상,승용,남,54세,경상
2017122300100206,2017년 12월 23일 08시,토요일,충청남도 천안시 서북구 직산읍,중상사고,0,1,1,0,차대차 - 측면충돌,신호위반,건조,맑음,교차로 - 교차로안,승용,남,45세,상해없음,화물,남,55세,경상
2017122300100225,2017년 12월 23일 09시,토요일,충청남도 천안시 서북구 직산읍,중상사고,0,1,0,0,차대차 - 측면충돌,안전운전불이행,건조,맑음,교차로 - 교차로안,승용,남,55세,상해없음,승용,남,22세,중상
2017122300100258,2017년 12월 23일 10시,토요일,충청남도 천안시 동남구 유량동,경상사고,0,0,1,0,차대차 - 측면충돌,안전운전불이행,건조,맑음,단일로 - 기타,화물,남,72세,상해없음,승용,여,41세,경상
2017122300100441,2017년 12월 23일 16시,토요일,충청남도 천안시 서북구 쌍용동,경상사고,0,0,1,0,차대차 - 기타,안전운전불이행,건조,맑음,교차로 - 교차로안,승용,여,51세,상해없음,이륜,남,28세,경상
2017122300100442,2017년 12월 23일 16시,토요일,충청남도 천안시 서북구 성환읍,경상사고,0,0,1,0,차대차 - 추돌,안전운전불이행,건조,맑음,교차로 - 교차로부근,승용,남,75세,상해없음,승용,남,55세,경상
2017122300100596,2017년 12월 23일 19시,토요일,충청남도 천안시 동남구 광덕면,경상사고,0,0,2,0,차대차 - 측면충돌,안전운전불이행,건조,맑음,교차로 - 교차로부근,화물,남,52세,상해없음,승용,남,44세,경상
2017122400100158,2017년 12월 24일 09시,일요일,충청남도 천안시 동남구 목천읍,경상사고,0,0,1,0,차대차 - 정면충돌,중앙선침범,젖음/습기,비,단일로 - 기타,이륜,남,35세,경상,승용,남,53세,상해없음
2017122400100295,2017년 12월 24일 16시,일요일,충청남도 천안시 동남구 신부동,경상사고,0,0,1,0,차대사람 - 기타,안전운전불이행,건조,맑음,단일로 - 기타,승용,남,71세,상해없음,보행자,남,38세,경상
2017122500100126,2017년 12월 25일 11시,월요일,충청남도 천안시 서북구 백석동,경상사고,0,0,4,0,차대차 - 추돌,안전운전불이행,건조,맑음,단일로 - 기타,승용,남,19세,상해없음,승용,남,32세,경상
2017122500100189,2017년 12월 25일 14시,월요일,충청남도 천안시 서북구 성성동,경상사고,0,0,2,0,차대차 - 측면충돌,안전운전불이행,건조,맑음,단일로 - 기타,승용,남,52세,상해없음,승용,남,28세,경상
2017122500100379,2017년 12월 25일 22시,월요일,충청남도 천안시 서북구 백석동,경상사고,0,0,3,0,차대차 - 측면충돌,신호위반,건조,맑음,교차로 - 교차로안,승용,여,23세,경상,화물,남,24세,경상
2017122500100405,2017년 12월 25일 23시,월요일,충청남도 천안시 서북구 성정동,경상사고,0,0,1,0,차대차 - 측면충돌,안전운전불이행,건조,맑음,단일로 - 기타,승용,남,26세,상해없음,이륜,남,16세,경상
2017122500100406,2017년 12월 25일 23시,월요일,충청남도 천안시 서북구 성거읍,경상사고,0,0,1,0,차대차 - 추돌,안전운전불이행,건조,맑음,교차로 - 교차로안,승용,남,28세,상해없음,승용,남,41세,경상
2017122600100173,2017년 12월 26일 09시,화요일,충청남도 천안시 동남구 목천읍,경상사고,0,0,1,0,차대차 - 측면충돌,안전운전불이행,건조,맑음,교차로 - 교차로부근,화물,남,63세,상해없음,승용,남,31세,경상
2017122600100200,2017년 12월 26일 10시,화요일,충청남도 천안시 동남구 수신면,중상사고,0,1,0,0,차대차 - 측면충돌,안전운전불이행,건조,맑음,교차로 - 교차로부근,승용,남,52세,상해없음,이륜,남,76세,중상
2017122600100319,2017년 12월 26일 14시,화요일,충청남도 천안시 서북구 성정동,경상사고,0,0,1,0,차대사람 - 횡단중,보행자보호의무위반,건조,맑음,단일로 - 기타,건설기계,남,57세,상해없음,보행자,여,71세,경상
2017122600100419,2017년 12월 26일 17시,화요일,충청남도 천안시 서북구 불당동,경상사고,0,0,1,0,차대차 - 기타,차로위반,건조,맑음,단일로 - 기타,승용,남,31세,상해없음,승용,남,36세,경상
2017122600100489,2017년 12월 26일 19시,화요일,충청남도 천안시 서북구 성환읍,경상사고,0,0,1,0,차대차 - 기타,안전운전불이행,건조,맑음,단일로 - 기타,화물,남,37세,상해없음,승용,남,24세,경상