사고번호,사고일시,요일,시군구,사고내용,사망자수,중상자수,경상자수,부상신고자수,사고유형,법규위반,노면상태,기상상태,도로형태,가해운전자 차종,가해운전자 성별,가해운전자 연령,가해운전자 상해정도,피해운전자 차종,피해운전자 성별,피해운전자 연령,피해운전자 상해정도
2017122700100082,2017년 12월 27일 06시,수요일,충청남도 천안시 동남구 신부동,경상사고,0,0,1,0,차대사람 - 횡단중,신호위반,건조,맑음,교차로 - 교차로부근,승용,여,43세,상해없음,보행자,여,31세,경상
2017122700100166,2017년 12월 27일 10시,수요일,충청남도 천안시 동남구 사직동,경상사고,0,0,1,0,차대사람 - 횡단중,안전운전불이행,건조,맑음,단일로 - 기타,이륜,남,19세,상해없음,보행자,여,57세,경상
2017122700100275,2017년 12월 27일 14시,수요일,충청남도 천안시 동남구 다가동,중상사고,0,1,0,0,차대차 - 측면충돌,안전운전불이행,건조,맑음,교차로 - 교차로안,화물,남,43세,상해없음,자전거,남,63세,중상
2017122700100360,2017년 12월 27일 17시,수요일,충청남도 천안시 서북구 쌍용동,경상사고,0,0,1,0,차대차 - 측면충돌,안전운전불이행,건조,맑음,단일로 - 기타,화물,남,52세,상해없음,화물,남,40세,경상
2017122700100361,2017년 12월 27일 17시,수요일,충청남도 천안시 서북구 성정동,경상사고,0,0,1,0,차대차 - 측면충돌,안전운전불이행,건조,맑음,단일로 - 기타,승용,남,39세,상해없음,원동기,남,44세,경상
2017122700100502,2017년 12월 27일 21시,수요일,충청남도 천안시 서북구 성정동,중상사고,0,1,0,0,차대차 - 추돌,안전운전불이행,건조,맑음,단일로 - 기타,승용,남,36세,상해없음,승용,남,62세,중상
2017122800100039,2017년 12월 28일 00시,목요일,충청남도 천안시 서북구 불당동,중상사고,0,1,0,0,차대차 - 기타,안전운전불이행,건조,맑음,단일로 - 기타,승용,남,42세,상해없음,승용,남,27세,중상
2017122800100067,2017년 12월 28일 03시,목요일,충청남도 천안시 서북구 성정동,경상사고,0,0,1,0,차대차 - 기타,신호위반,건조,맑음,교차로 - 교차로안,승용,남,41세,상해없음,승용,여,39세,경상
2017122800100074,2017년 12월 28일 04시,목요일,충청남도 천안시 동남구 구성동,경상사고,0,0,1,0,차대차 - 정면충돌,중앙선침범,젖음/습기,흐림,단일로 - 기타,승용,남,36세,상해없음,승용,남,58세,경상
2017122800100127,2017년 12월 28일 08시,목요일,충청남도 천안시 서북구 두정동,경상사고,0,0,1,0,차대차 - 측면충돌,직진우회전진행방해,건조,맑음,교차로 - 교차로안,승용,여,40세,상해없음,승용,여,33세,경상
2017122800100185,2017년 12월 28일 11시,목요일,충청남도 천안시 서북구 업성동,경상사고,0,0,1,0,차대사람 - 횡단중,안전운전불이행,건조,맑음,단일로 - 기타,승용,남,28세,상해없음,보행자,여,67세,경상
2017122800100308,2017년 12월 28일 16시,목요일,충청남도 천안시 동남구 신부동,경상사고,0,0,1,0,차대차 - 측면충돌,안전운전불이행,건조,맑음,단일로 - 기타,특수,남,47세,상해없음,승용,여,34세,경상
2017122800100387,2017년 12월 28일 18시,목요일,충청남도 천안시 서북구 와촌동,경상사고,0,0,1,0,차대차 - 추돌,안전운전불이행,건조,맑음,교차로 - 교차로부근,승용,남,19세,상해없음,승용,남,24세,경상
2017122800100476,2017년 12월 28일 21시,목요일,충청남도 천안시 서북구 성거읍,중상사고,0,1,0,0,차대차 - 기타,안전운전불이행,건조,맑음,단일로 - 기타,승용,남,36세,중상,화물,남,51세,상해없음
2017122900100038,2017년 12월 29일 00시,금요일,충청남도 천안시 서북구 두정동,경상사고,0,0,1,0,차대차 - 기타,안전운전불이행,건조,맑음,교차로 - 교차로안,승용,남,24세,상해없음,승용,남,50세,경상
2017122900100077,2017년 12월 29일 02시,금요일,충청남도 천안시 서북구 두정동,경상사고,0,0,4,0,차대차 - 기타,교차로운행방법위반,건조,맑음,교차로 - 교차로안,승용,남,52세,경상,승용,남,27세,경상
2017122900100209,2017년 12월 29일 10시,금요일,충청남도 천안시 서북구 두정동,경상사고,0,0,1,0,차대차 - 기타,안전거리미확보,건조,맑음,단일로 - 기타,승용,여,46세,상해없음,승합,남,58세,경상
2017122900100270,2017년 12월 29일 12시,금요일,충청남도 천안시 동남구 수신면,중상사고,0,1,0,0,차대차 - 기타,직진우회전진행방해,건조,맑음,교차로 - 교차로안,승용,남,45세,상해없음,승용,남,29세,중상
2017122900100318,2017년 12월 29일 14시,금요일,충청남도 천안시 동남구 용곡동,경상사고,0,0,1,0,차대차 - 측면충돌,안전운전불이행,건조,맑음,단일로 - 고가도로위,화물,남,62세,상해없음,화물,남,73세,경상
2017122900100472,2017년 12월 29일 18시,금요일,충청남도 천안시 서북구 성환읍,경상사고,0,0,1,0,차대사람 - 기타,안전운전불이행,건조,맑음,단일로 - 기타,승용,여,62세,상해없음,보행자,남,72세,경상
2017122900100477,2017년 12월 29일 18시,금요일,충청남도 천안시 동남구 삼룡동,중상사고,0,1,0,0,차대사람 - 횡단중,보행자보호의무위반,건조,맑음,교차로 - 교차로안,승용,남,51세,상해없음,보행자,남,46세,중상
2017122900100530,2017년 12월 29일 19시,금요일,충청남도 천안시 서북구 두정동,경상사고,0,0,2,0,차대사람 - 횡단중,보행자보호의무위반,건조,맑음,단일로 - 기타,승용,여,44세,상해없음,보행자,남,7세,경상
2017122900100568,2017년 12월 29일 20시,금요일,충청남도 천안시 서북구 성정동,경상사고,0,0,2,0,차대차 - 기타,안전운전불이행,건조,맑음,교차로 - 교차로안,승용,남,31세,상해없음,승용,남,31세,경상
2017122900100695,2017년 12월 29일 23시,금요일,충청남도 천안시 동남구 청당동,중상사고,0,1,0,0,차대차 - 기타,안전운전불이행,건조,맑음,단일로 - 기타,기타불명,기타불명,미분류,기타불명,자전거,여,53세,중상
2017123000100091,2017년 12월 30일 02시,토요일,충청남도 천안시 동남구 병천면,경상사고,0,0,1,0,차대사람 - 기타,안전운전불이행,건조,맑음,단일로 - 기타,승용,남,36세,상해없음,보행자,남,47세,경상
2017123000100145,2017년 12월 30일 06시,토요일,충청남도 천안시 서북구 성거읍,경상사고,0,0,1,0,차대차 - 기타,안전운전불이행,건조,맑음,단일로 - 기타,승용,남,39세,상해없음,승용,남,55세,경상
2017123000100159,2017년 12월 30일 07시,토요일,충청남도 천안시 서북구 쌍용동,경상사고,0,0,1,0,차대차 - 기타,안전운전불이행,건조,맑음,단일로 - 기타,승용,여,31세,상해없음,승용,남,46세,경상
2017123000100160,2017년 12월 30일 07시,토요일,충청남도 천안시 서북구 불당동,경상사고,0,0,2,0,차대차 - 기타,안전운전불이행,건조,맑음,단일로 - 기타,승용,남,35세,상해없음,승용,남,46세,상해없음
2017123000100221,2017년 12월 30일 11시,토요일,충청남도 천안시 동남구 봉명동,중상사고,0,1,0,0,차대차 - 추돌,안전운전불이행,건조,맑음,기타 - 기타,승용,남,47세,상해없음,승용,여,45세,중상
2017123000100340,2017년 12월 30일 17시,토요일,충청남도 천안시 서북구 성거읍,경상사고,0,0,3,0,차대차 - 기타,안전운전불이행,건조,맑음,교차로 - 교차로안,승용,남,70세,상해없음,승용,남,48세,경상
2017123000100400,2017년 12월 30일 19시,토요일,충청남도 천안시 동남구 청당동,중상사고,0,2,1,0,차대차 - 추돌,안전운전불이행,건조,맑음,단일로 - 기타,승용,남,42세,상해없음,승용,남,65세,경상
2017123000100496,2017년 12월 30일 23시,토요일,충청남도 천안시 동남구 용곡동,경상사고,0,0,3,0,차대차 - 추돌,중앙선침범,젖음/습기,비,단일로 - 교량,승용,남,48세,상해없음,화물,남,58세,경상
2017123100100118,2017년 12월 31일 07시,일요일,충청남도 천안시 서북구 성정동,경상사고,0,0,1,0,차대사람 - 보도통행중,안전운전불이행,건조,맑음,단일로 - 기타,기타불명,기타불명,미분류,기타불명,보행자,남,31세,경상
2017123100100193,2017년 12월 31일 12시,일요일,충청남도 천안시 동남구 원성동,경상사고,0,0,1,0,차대차 - 기타,안전운전불이행,건조,맑음,교차로 - 교차로안,승용,남,35세,상해없음,화물,남,32세,경상
2017123100100255,2017년 12월 31일 15시,일요일,충청남도 천안시 서북구 입장면,경상사고,0,0,2,1,차대차 - 측면충돌,안전운전불이행,건조,맑음,교차로 - 교차로안,승용,남,36세,부상신고,승용,남,67세,경상
2017123100100256,2017년 12월 31일 15시,일요일,충청남도 천안시 서북구 불당동,경상사고,0,0,1,0,차대차 - 기타,신호위반,건조,맑음,교차로 - 교차로안,승용,남,23세,상해없음,승용,남,47세,경상
2017123100100336,2017년 12월 31일 18시,일요일,충청남도 천안시 서북구 직산읍,경상사고,0,0,1,0,차대차 - 기타,안전운전불이행,건조,맑음,교차로 - 교차로부근,승합,남,49세,상해없음,승용,남,45세,경상
2017123100100414,2017년 12월 31일 21시,일요일,충청남도 천안시 동남구 삼룡동,경상사고,0,0,1,0,차대차 - 추돌,안전거리미확보,건조,맑음,단일로 - 교량,승용,남,33세,상해없음,승용,남,48세,경상
2018010100100012,2018년 1월 1일 00시,월요일,충청남도 천안시 동남구 신부동,중상사고,0,1,0,0,차대차 - 측면충돌,중앙선침범,건조,맑음,단일로 - 기타,승용,남,42세,상해없음,이륜,남,36세,중상
2018010100100051,2018년 1월 1일 02시,월요일,충청남도 천안시 서북구 두정동,경상사고,0,0,1,0,차대차 - 측면충돌,신호위반,건조,맑음,교차로 - 교차로안,승용,남,23세,상해없음,승용,남,24세,경상
2018010100100098,2018년 1월 1일 05시,월요일,충청남도 천안시 서북구 두정동,경상사고,0,0,1,0,차대차 - 측면충돌,신호위반,건조,맑음,교차로 - 교차로안,승용,남,25세,상해없음,승용,남,47세,경상
2018010100100128,2018년 1월 1일 07시,월요일,충청남도 천안시 동남구 원성동,중상사고,0,1,0,0,차대사람 - 기타,안전운전불이행,건조,맑음,단일로 - 기타,개인형이동수단(PM),여,30세,상해없음,보행자,여,69세,중상
2018010100100129,2018년 1월 1일 07시,월요일,충청남도 천안시 동남구 병천면,경상사고,0,0,1,0,차대차 - 측면충돌,안전운전불이행,건조,맑음,단일로 - 기타,승용,남,22세,상해없음,승합,남,46세,상해없음
2018010100100286,2018년 1월 1일 16시,월요일,충청남도 천안시 서북구 입장면,경상사고,0,0,2,0,차대차 - 기타,안전운전불이행,건조,맑음,단일로 - 기타,승용,남,62세,기타불명,승용,여,54세,경상
2018010100100299,2018년 1월 1일 17시,월요일,충청남도 천안시 동남구 수신면,중상사고,0,2,0,0,차대차 - 추돌,안전운전불이행,건조,맑음,단일로 - 기타,화물,남,61세,상해없음,승용,남,55세,중상
2018010100100360,2018년 1월 1일 19시,월요일,충청남도 천안시 동남구 병천면,중상사고,0,1,1,0,차대사람 - 기타,중앙선침범,건조,맑음,단일로 - 기타,승용,남,60세,상해없음,보행자,남,19세,경상
2018010200100068,2018년 1월 2일 07시,화요일,충청남도 천안시 서북구 성성동,경상사고,0,0,1,0,차대차 - 기타,신호위반,건조,맑음,교차로 - 교차로안,승용,여,42세,상해없음,승용,남,37세,경상
2018010200100069,2018년 1월 2일 07시,화요일,충청남도 천안시 동남구 동면,사망사고,1,0,0,0,차대차 - 측면충돌,중앙선침범,건조,맑음,단일로 - 기타,화물,남,50세,사망,특수,남,46세,상해없음
2018010200100307,2018년 1월 2일 16시,화요일,충청남도 천안시 동남구 광덕면,중상사고,0,1,0,0,차대사람 - 기타,안전운전불이행,건조,맑음,단일로 - 기타,승합,남,39세,상해없음,보행자,남,50세,중상
2018010200100329,2018년 1월 2일 17시,화요일,충청남도 천안시 서북구 입장면,경상사고,0,0,1,0,차대차 - 기타,안전운전불이행,건조,맑음,교차로 - 교차로안,기타불명,기타불명,미분류,기타불명,특수,남,40세,경상
2018010200100370,2018년 1월 2일 18시,화요일,충청남도 천안시 서북구 성거읍,경상사고,0,0,1,0,차대차 - 기타,신호위반,건조,맑음,교차로 - 교차로안,승용,남,38세,상해없음,승용,남,43세,경상
2018010200100374,2018년 1월 2일 18시,화요일,충청남도 천안시 동남구 원성동,경상사고,0,0,1,0,차대차 - 기타,안전운전불이행,건조,맑음,기타 - 기타,승용,남,76세,상해없음,승용,남,38세,경상
2018010200100429,2018년 1월 2일 20시,화요일,충청남도 천안시 서북구 성환읍,경상사고,0,0,1,0,차대사람 - 기타,안전운전불이행,건조,맑음,교차로 - 교차로안,승용,남,36세,상해없음,보행자,여,60세,경상
2018010300100025,2018년 1월 3일 03시,수요일,충청남도 천안시 서북구 성환읍,경상사고,0,0,1,0,차대차 - 측면충돌,안전운전불이행,건조,맑음,단일로 - 기타,승용,남,21세,상해없음,승용,남,38세,상해없음
2018010300100138,2018년 1월 3일 10시,수요일,충청남도 천안시 동남구 다가동,중상사고,0,1,0,0,차대차 - 측면충돌,교차로운행방법위반,건조,맑음,교차로 - 교차로안,승합,여,52세,상해없음,이륜,남,65세,중상
2018010300100357,2018년 1월 3일 18시,수요일,충청남도 천안시 서북구 성성동,경상사고,0,0,1,0,차대차 - 측면충돌,안전운전불이행,건조,맑음,단일로 - 기타,자전거,남,34세,경상,승용,여,34세,상해없음
2018010300100358,2018년 1월 3일 18시,수요일,충청남도 천안시 서북구 두정동,중상사고,0,1,0,0,차대차 - 기타,안전운전불이행,건조,맑음,단일로 - 기타,승용,남,59세,상해없음,이륜,남,28세,중상
2018010300100362,2018년 1월 3일 18시,수요일,충청남도 천안시 동남구 수신면,사망사고,1,0,0,0,차대사람 - 횡단중,안전운전불이행,건조,맑음,단일로 - 기타,화물,남,50세,상해없음,보행자,여,61세,사망
2018010300100363,2018년 1월 3일 18시,수요일,충청남도 천안시 동남구 신부동,경상사고,0,0,1,0,차대차 - 측면충돌,차로위반,건조,맑음,단일로 - 기타,승용,남,68세,상해없음,승용,남,78세,경상
2018010300100427,2018년 1월 3일 20시,수요일,충청남도 천안시 서북구 성거읍,경상사고,0,0,2,0,차대차 - 추돌,안전운전불이행,건조,맑음,교차로 - 교차로부근,승용,여,35세,상해없음,화물,남,61세,경상
2018010300100466,2018년 1월 3일 22시,수요일,충청남도 천안시 서북구 두정동,경상사고,0,0,1,0,차대사람 - 횡단중,보행자보호의무위반,건조,기타,교차로 - 교차로안,승용,남,64세,상해없음,보행자,여,54세,경상
2018010300100480,2018년 1월 3일 23시,수요일,충청남도 천안시 서북구 성성동,경상사고,0,0,2,0,차대차 - 측면충돌,신호위반,건조,흐림,교차로 - 교차로안,승용,남,34세,경상,승용,남,33세,경상
2018010400100077,2018년 1월 4일 07시,목요일,충청남도 천안시 서북구 입장면,경상사고,0,0,1,0,차대차 - 측면충돌,교차로운행방법위반,건조,맑음,교차로 - 교차로안,승합,남,35세,상해없음,화물,남,48세,경상
2018010400100105,2018년 1월 4일 08시,목요일,충청남도 천안시 동남구 삼룡동,경상사고,0,0,1,0,차대차 - 측면충돌,교차로운행방법위반,건조,맑음,교차로 - 교차로안,건설기계,남,61세,상해없음,승용,남,58세,경상
2018010400100314,2018년 1월 4일 17시,목요일,충청남도 천안시 서북구 백석동,중상사고,0,1,0,0,차대차 - 기타,안전운전불이행,건조,맑음,교차로 - 교차로부근,승용,남,32세,상해없음,승용,여,26세,중상
2018010400100479,2018년 1월 4일 23시,목요일,충청남도 천안시 서북구 쌍용동,경상사고,0,0,1,0,차대사람 - 기타,안전운전불이행,건조,맑음,단일로 - 기타,승용,남,37세,상해없음,보행자,여,48세,경상
2018010500100035,2018년 1월 5일 02시,금요일,충청남도 천안시 서북구 백석동,경상사고,0,0,1,0,차대차 - 기타,안전거리미확보,건조,맑음,교차로 - 교차로부근,승용,남,52세,상해없음,승용,남,30세,경상
2018010500100138,2018년 1월 5일 10시,금요일,충청남도 천안시 서북구 쌍용동,경상사고,0,0,1,0,차대차 - 기타,안전거리미확보,건조,맑음,교차로 - 교차로부근,화물,남,59세,상해없음,승용,여,52세,경상
2018010500100164,2018년 1월 5일 11시,금요일,충청남도 천안시 서북구 두정동,중상사고,0,1,0,0,차대사람 - 기타,안전운전불이행,건조,맑음,교차로 - 교차로안,승용,남,37세,상해없음,보행자,남,81세,중상
2018010500100165,2018년 1월 5일 11시,금요일,충청남도 천안시 동남구 청수동,경상사고,0,0,1,0,차대차 - 측면충돌,안전운전불이행,건조,맑음,단일로 - 기타,승용,여,48세,상해없음,자전거,남,11세,경상
2018010500100218,2018년 1월 5일 13시,금요일,충청남도 천안시 서북구 성거읍,경상사고,0,0,1,0,차대차 - 후진중충돌,안전운전불이행,건조,맑음,기타 - 기타,승용,남,17세,상해없음,승용,남,31세,경상
2018010500100245,2018년 1월 5일 14시,금요일,충청남도 천안시 서북구 쌍용동,경상사고,0,0,1,0,차대차 - 기타,안전운전불이행,건조,맑음,교차로 - 교차로부근,승용,남,48세,상해없음,승용,여,65세,경상
2018010500100375,2018년 1월 5일 18시,금요일,충청남도 천안시 서북구 두정동,경상사고,0,0,2,0,차대차 - 기타,안전운전불이행,건조,맑음,단일로 - 기타,승용,남,30세,경상,승용,남,45세,경상
2018010500100458,2018년 1월 5일 20시,금요일,충청남도 천안시 서북구 불당동,경상사고,0,0,1,0,차대차 - 기타,신호위반,건조,맑음,교차로 - 교차로안,승용,남,38세,상해없음,승용,남,43세,경상
2018010500100459,2018년 1월 5일 20시,금요일,충청남도 천안시 서북구 업성동,경상사고,0,0,4,0,차대차 - 추돌,안전거리미확보,건조,맑음,교차로 - 교차로부근,승용,남,28세,상해없음,승용,남,30세,경상
2018010500100461,2018년 1월 5일 20시,금요일,충청남도 천안시 동남구 봉명동,경상사고,0,0,1,0,차대차 - 추돌,중앙선침범,건조,맑음,단일로 - 기타,승용,남,57세,상해없음,이륜,남,19세,경상
2018010600100048,2018년 1월 6일 02시,토요일,충청남도 천안시 동남구 봉명동,사망사고,1,0,0,0,차대사람 - 횡단중,기타,건조,맑음,단일로 - 기타,승용,남,28세,상해없음,보행자,남,50세,사망
2018010600100117,2018년 1월 6일 08시,토요일,충청남도 천안시 서북구 직산읍,중상사고,0,2,0,0,차대차 - 기타,과속,건조,맑음,교차로 - 교차로안,화물,남,56세,중상,승용,남,42세,중상
2018010600100295,2018년 1월 6일 15시,토요일,충청남도 천안시 서북구 성정동,경상사고,0,0,1,0,차대차 - 후진중충돌,안전운전불이행,건조,맑음,주차장 - 주차장,승용,여,29세,상해없음,승용,여,31세,경상
2018010600100329,2018년 1월 6일 16시,토요일,충청남도 천안시 동남구 동면,경상사고,0,0,1,0,차대차 - 측면충돌,신호위반,건조,맑음,교차로 - 교차로안,화물,남,67세,상해없음,이륜,남,81세,경상
2018010600100388,2018년 1월 6일 18시,토요일,충청남도 천안시 동남구 원성동,경상사고,0,0,2,0,차대차 - 측면충돌,교차로운행방법위반,건조,맑음,교차로 - 교차로안,화물,남,65세,상해없음,승용,남,57세,경상
2018010700100007,2018년 1월 7일 00시,일요일,충청남도 천안시 서북구 백석동,경상사고,0,0,3,0,차대차 - 추돌,안전운전불이행,건조,맑음,교차로 - 교차로부근,승용,남,26세,상해없음,승합,남,30세,경상
2018010700100008,2018년 1월 7일 00시,일요일,충청남도 천안시 동남구 원성동,경상사고,0,0,3,0,차대차 - 추돌,안전운전불이행,건조,맑음,교차로 - 교차로부근,승용,남,30세,상해없음,승용,남,52세,경상
2018010700100026,2018년 1월 7일 01시,일요일,충청남도 천안시 동남구 신부동,경상사고,0,0,3,0,차대차 - 측면충돌,신호위반,건조,맑음,교차로 - 교차로안,승용,남,72세,상해없음,승용,남,56세,경상
2018010700100308,2018년 1월 7일 20시,일요일,충청남도 천안시 동남구 신방동,경상사고,0,0,1,0,차대차 - 추돌,안전운전불이행,건조,맑음,교차로 - 교차로부근,화물,남,53세,상해없음,이륜,남,42세,경상
2018010700100342,2018년 1월 7일 22시,일요일,충청남도 천안시 동남구 목천읍,경상사고,0,0,1,0,차대차 - 측면충돌,중앙선침범,건조,맑음,단일로 - 기타,승용,남,61세,상해없음,이륜,남,16세,경상
2018010800100025,2018년 1월 8일 02시,월요일,충청남도 천안시 서북구 신당동,중상사고,0,2,0,0,차대차 - 기타,안전운전불이행,건조,맑음,단일로 - 기타,승용,남,55세,중상,승용,남,64세,중상
2018010800100154,2018년 1월 8일 09시,월요일,충청남도 천안시 동남구 신방동,경상사고,0,0,1,0,차대차 - 추돌,안전운전불이행,젖음/습기,눈,교차로 - 교차로부근,승합,남,39세,상해없음,화물,남,36세,경상
2018010800100202,2018년 1월 8일 11시,월요일,충청남도 천안시 서북구 쌍용동,경상사고,0,0,2,0,차대차 - 추돌,안전거리미확보,건조,맑음,교차로 - 교차로부근,화물,여,55세,상해없음,승용,남,58세,경상
2018010800100329,2018년 1월 8일 15시,월요일,충청남도 천안시 동남구 광덕면,경상사고,0,0,1,0,차대차 - 추돌,안전운전불이행,건조,맑음,단일로 - 터널,승합,남,34세,상해없음,승용,여,37세,경상
2018010800100560,2018년 1월 8일 21시,월요일,충청남도 천안시 서북구 불당동,경상사고,0,0,1,0,차대차 - 기타,안전거리미확보,젖음/습기,눈,단일로 - 기타,승용,남,32세,상해없음,승용,남,35세,경상
2018010800100562,2018년 1월 8일 21시,월요일,충청남도 천안시 동남구 구룡동,경상사고,0,0,1,0,차대사람 - 기타,중앙선침범,젖음/습기,눈,단일로 - 기타,승용,여,47세,기타불명,보행자,여,64세,경상
2018010800100590,2018년 1월 8일 22시,월요일,충청남도 천안시 동남구 목천읍,경상사고,0,0,1,0,차대차 - 추돌,안전운전불이행,적설,눈,단일로 - 기타,승용,남,37세,상해없음,승용,남,60세,경상
2018010900100016,2018년 1월 9일 00시,화요일,충청남도 천안시 서북구 두정동,경상사고,0,0,1,0,차대차 - 추돌,안전운전불이행,기타,맑음,교차로 - 교차로부근,승용,남,49세,상해없음,승용,남,55세,경상
2018010900100036,2018년 1월 9일 01시,화요일,충청남도 천안시 서북구 성정동,경상사고,0,0,1,0,차대차 - 추돌,안전운전불이행,적설,눈,단일로 - 기타,승용,남,29세,상해없음,승용,남,56세,경상
2018010900100070,2018년 1월 9일 05시,화요일,충청남도 천안시 서북구 성성동,경상사고,0,0,1,0,차대차 - 기타,안전거리미확보,적설,눈,단일로 - 기타,승용,남,40세,상해없음,승용,여,24세,경상
2018010900100098,2018년 1월 9일 07시,화요일,충청남도 천안시 서북구 부대동,경상사고,0,0,1,0,차대차 - 기타,안전운전불이행,젖음/습기,맑음,교차로 - 교차로안,화물,남,40세,상해없음,승용,남,44세,경상
2018010900100134,2018년 1월 9일 08시,화요일,충청남도 천안시 서북구 두정동,경상사고,0,0,1,0,차대차 - 기타,안전거리미확보,적설,맑음,단일로 - 기타,특수,남,60세,상해없음,승용,여,33세,경상
2018010900100278,2018년 1월 9일 12시,화요일,충청남도 천안시 동남구 신부동,경상사고,0,0,3,0,차대사람 - 차도통행중,과속,젖음/습기,눈,단일로 - 터널,승용,남,45세,상해없음,보행자,남,47세,경상
2018010900100611,2018년 1월 9일 22시,화요일,충청남도 천안시 동남구 원성동,경상사고,0,0,2,0,차대차 - 측면충돌,안전운전불이행,서리/결빙,눈,교차로 - 교차로안,승용,남,35세,상해없음,승용,남,20세,경상
2018011100100040,2018년 1월 11일 01시,목요일,충청남도 천안시 서북구 백석동,경상사고,0,0,2,0,차대차 - 측면충돌,안전운전불이행,건조,맑음,교차로 - 교차로안,승용,남,31세,상해없음,승용,남,57세,경상
2018011100100131,2018년 1월 11일 08시,목요일,충청남도 천안시 서북구 성정동,경상사고,0,0,1,0,차대차 - 기타,안전운전불이행,적설,눈,단일로 - 기타,승용,여,34세,상해없음,승용,남,31세,경상
2018011100100170,2018년 1월 11일 09시,목요일,충청남도 천안시 서북구 불당동,경상사고,0,0,1,0,차대사람 - 횡단중,안전운전불이행,적설,눈,단일로 - 기타,승용,여,23세,상해없음,보행자,여,24세,경상
2018011100100266,2018년 1월 11일 12시,목요일,충청남도 천안시 서북구 성정동,경상사고,0,0,1,0,차대차 - 측면충돌,안전운전불이행,적설,눈,단일로 - 기타,화물,남,38세,상해없음,승용,여,43세,경상
2018011100100353,2018년 1월 11일 15시,목요일,충청남도 천안시 서북구 불당동,중상사고,0,2,0,0,차대차 - 기타,안전운전불이행,적설,눈,교차로 - 교차로안,승용,남,63세,상해없음,승합,남,36세,중상
2018011100100376,2018년 1월 11일 16시,목요일,충청남도 천안시 서북구 두정동,경상사고,0,0,1,0,차대차 - 측면충돌,안전거리미확보,적설,눈,단일로 - 기타,승합,남,43세,상해없음,자전거,남,75세,경상
2018011100100377,2018년 1월 11일 16시,목요일,충청남도 천안시 동남구 구성동,중상사고,0,1,1,0,차대차 - 측면충돌,중앙선침범,젖음/습기,눈,단일로 - 기타,승합,남,52세,상해없음,화물,남,56세,경상
2018011100100407,2018년 1월 11일 17시,목요일,충청남도 천안시 서북구 백석동,경상사고,0,0,1,0,차대차 - 기타,안전거리미확보,적설,눈,교차로 - 교차로부근,승용,여,64세,상해없음,승용,남,36세,경상
2018011100100452,2018년 1월 11일 18시,목요일,충청남도 천안시 서북구 두정동,경상사고,0,0,1,0,차대차 - 추돌,안전운전불이행,서리/결빙,눈,단일로 - 기타,승용,남,35세,상해없음,승용,여,34세,경상
2018011100100636,2018년 1월 11일 23시,목요일,충청남도 천안시 동남구 원성동,중상사고,0,1,0,0,차대차 - 추돌,안전운전불이행,서리/결빙,눈,단일로 - 기타,승용,남,57세,기타불명,승용,남,39세,중상
2018011200100017,2018년 1월 12일 00시,금요일,충청남도 천안시 서북구 성정동,경상사고,0,0,1,0,차대차 - 기타,신호위반,젖음/습기,맑음,교차로 - 교차로안,승용,남,41세,상해없음,승용,남,59세,경상
2018011200100157,2018년 1월 12일 08시,금요일,충청남도 천안시 서북구 백석동,경상사고,0,0,1,0,차대차 - 기타,안전운전불이행,서리/결빙,맑음,교차로 - 교차로안,승용,남,34세,상해없음,승용,여,29세,경상
2018011200100394,2018년 1월 12일 15시,금요일,충청남도 천안시 서북구 불당동,경상사고,0,0,1,0,차대차 - 측면충돌,신호위반,건조,맑음,교차로 - 교차로안,승용,여,35세,상해없음,승용,남,38세,경상
2018011200100584,2018년 1월 12일 19시,금요일,충청남도 천안시 서북구 두정동,경상사고,0,0,1,0,차대차 - 기타,안전운전불이행,적설,눈,교차로 - 교차로부근,승용,여,50세,상해없음,승용,여,26세,경상
2018011200100653,2018년 1월 12일 21시,금요일,충청남도 천안시 서북구 쌍용동,경상사고,0,0,1,0,차대차 - 추돌,안전운전불이행,젖음/습기,흐림,교차로 - 교차로부근,승용,남,41세,상해없음,승용,남,46세,경상
2018011300100077,2018년 1월 13일 02시,토요일,충청남도 천안시 서북구 성정동,경상사고,0,0,3,0,차대차 - 측면충돌,신호위반,적설,눈,교차로 - 교차로안,승용,남,45세,상해없음,승용,남,53세,경상
2018011300100290,2018년 1월 13일 14시,토요일,충청남도 천안시 서북구 백석동,경상사고,0,0,3,0,차대차 - 추돌,안전운전불이행,건조,맑음,단일로 - 기타,승용,여,43세,상해없음,승용,남,60세,경상
2018011300100331,2018년 1월 13일 16시,토요일,충청남도 천안시 동남구 신부동,경상사고,0,0,3,0,차대차 - 측면충돌,차로위반,건조,맑음,단일로 - 기타,승용,남,24세,경상,승용,남,65세,경상
2018011300100357,2018년 1월 13일 17시,토요일,충청남도 천안시 동남구 신부동,경상사고,0,0,2,0,차대차 - 측면충돌,안전운전불이행,건조,맑음,단일로 - 기타,승용,여,46세,상해없음,승용,여,26세,경상
2018011300100555,2018년 1월 13일 23시,토요일,충청남도 천안시 서북구 두정동,중상사고,0,1,2,0,차대차 - 기타,안전운전불이행,건조,맑음,단일로 - 기타,승용,남,31세,상해없음,승용,남,26세,경상