사고번호,사고일시,요일,시군구,사고내용,사망자수,중상자수,경상자수,부상신고자수,사고유형,법규위반,노면상태,기상상태,도로형태,가해운전자 차종,가해운전자 성별,가해운전자 연령,가해운전자 상해정도,피해운전자 차종,피해운전자 성별,피해운전자 연령,피해운전자 상해정도
2018020100100274,2018년 2월 1일 12시,목요일,충청남도 천안시 동남구 신부동,중상사고,0,2,0,0,차대차 - 측면충돌,안전운전불이행,건조,맑음,단일로 - 기타,화물,남,47세,상해없음,승용,남,69세,중상
2018020100100314,2018년 2월 1일 13시,목요일,충청남도 천안시 서북구 성정동,중상사고,0,1,0,0,차대차 - 측면충돌,교차로운행방법위반,건조,맑음,교차로 - 교차로안,승용,여,40세,상해없음,이륜,남,18세,중상
2018020100100540,2018년 2월 1일 19시,목요일,충청남도 천안시 동남구 신방동,경상사고,0,0,1,0,차대사람 - 기타,안전운전불이행,건조,맑음,단일로 - 기타,승용,남,34세,상해없음,보행자,남,46세,경상
2018020100100676,2018년 2월 1일 23시,목요일,충청남도 천안시 서북구 두정동,경상사고,0,0,1,0,차대차 - 기타,안전운전불이행,건조,맑음,단일로 - 기타,승용,남,39세,상해없음,승용,여,54세,경상
2018020100100677,2018년 2월 1일 23시,목요일,충청남도 천안시 서북구 쌍용동,경상사고,0,0,1,0,차대사람 - 차도통행중,안전운전불이행,건조,맑음,교차로 - 교차로안,승용,남,27세,상해없음,보행자,남,56세,경상
2018020100100678,2018년 2월 1일 23시,목요일,충청남도 천안시 동남구 삼룡동,경상사고,0,0,1,0,차대사람 - 기타,안전운전불이행,건조,맑음,단일로 - 기타,승용,남,44세,상해없음,보행자,남,69세,경상
2018020200100024,2018년 2월 2일 01시,금요일,충청남도 천안시 서북구 성정동,경상사고,0,0,2,0,차대차 - 추돌,안전운전불이행,건조,맑음,단일로 - 기타,승용,남,29세,상해없음,승용,남,45세,경상
2018020200100136,2018년 2월 2일 08시,금요일,충청남도 천안시 서북구 성성동,경상사고,0,0,1,0,차대차 - 기타,안전운전불이행,건조,맑음,단일로 - 기타,특수,남,39세,경상,승용,남,58세,상해없음
2018020200100202,2018년 2월 2일 10시,금요일,충청남도 천안시 동남구 동면,경상사고,0,0,1,0,차대차 - 기타,안전운전불이행,건조,맑음,교차로 - 교차로안,농기계,여,74세,경상,화물,남,46세,상해없음
2018020200100252,2018년 2월 2일 12시,금요일,충청남도 천안시 동남구 문화동,경상사고,0,0,1,0,차량단독 - 기타,기타,건조,맑음,단일로 - 기타,승합,남,47세,상해없음,,,,
2018020200100420,2018년 2월 2일 17시,금요일,충청남도 천안시 서북구 두정동,사망사고,1,0,0,0,차대사람 - 횡단중,안전운전불이행,건조,맑음,교차로 - 교차로부근,승합,남,37세,상해없음,보행자,남,18세,사망
2018020300100064,2018년 2월 3일 02시,토요일,충청남도 천안시 서북구 쌍용동,경상사고,0,0,2,0,차대차 - 추돌,안전운전불이행,건조,기타,교차로 - 교차로부근,승용,남,20세,상해없음,승용,남,58세,경상
2018020300100102,2018년 2월 3일 05시,토요일,충청남도 천안시 동남구 청수동,중상사고,0,1,0,0,차대사람 - 횡단중,안전운전불이행,적설,눈,단일로 - 기타,승용,남,31세,상해없음,보행자,여,77세,중상
2018020300100300,2018년 2월 3일 12시,토요일,충청남도 천안시 서북구 성정동,경상사고,0,0,1,1,차대차 - 측면충돌,안전거리미확보,건조,맑음,단일로 - 기타,승용,남,35세,상해없음,승용,남,61세,경상
2018020300100348,2018년 2월 3일 13시,토요일,충청남도 천안시 서북구 불당동,경상사고,0,0,2,0,차대차 - 측면충돌,안전운전불이행,건조,맑음,단일로 - 기타,승용,여,32세,상해없음,승용,남,37세,경상
2018020300100492,2018년 2월 3일 17시,토요일,충청남도 천안시 동남구 성남면,경상사고,0,0,1,0,차대차 - 측면충돌,중앙선침범,건조,맑음,단일로 - 기타,화물,남,52세,상해없음,승용,여,52세,경상
2018020300100582,2018년 2월 3일 19시,토요일,충청남도 천안시 서북구 성정동,중상사고,0,2,0,0,차대차 - 기타,차로위반,서리/결빙,눈,교차로 - 교차로안,승합,남,49세,상해없음,승용,남,34세,중상
2018020400100016,2018년 2월 4일 00시,일요일,충청남도 천안시 동남구 구성동,경상사고,0,0,2,0,차대차 - 측면충돌,신호위반,건조,맑음,교차로 - 교차로안,승용,남,48세,상해없음,승용,남,38세,경상
2018020400100111,2018년 2월 4일 06시,일요일,충청남도 천안시 서북구 불당동,경상사고,0,0,1,0,차대차 - 측면충돌,안전운전불이행,건조,맑음,단일로 - 기타,화물,남,45세,상해없음,승용,여,31세,경상
2018020400100121,2018년 2월 4일 07시,일요일,충청남도 천안시 동남구 삼룡동,경상사고,0,0,1,0,차대차 - 측면충돌,중앙선침범,건조,맑음,교차로 - 교차로부근,승용,남,41세,상해없음,승용,여,56세,경상
2018020400100274,2018년 2월 4일 14시,일요일,충청남도 천안시 동남구 봉명동,경상사고,0,0,1,0,차대차 - 기타,안전운전불이행,건조,맑음,교차로 - 교차로안,승용,여,50세,상해없음,이륜,남,26세,경상
2018020400100388,2018년 2월 4일 18시,일요일,충청남도 천안시 동남구 풍세면,중상사고,0,1,0,0,차량단독 - 전도전복 - 전도,안전운전불이행,건조,맑음,단일로 - 기타,화물,남,25세,상해없음,미분류,미분류,미분류,미분류
2018020500100015,2018년 2월 5일 00시,월요일,충청남도 천안시 서북구 성정동,경상사고,0,0,1,0,차대차 - 추돌,안전운전불이행,건조,맑음,단일로 - 기타,승용,남,43세,상해없음,승용,남,50세,경상
2018020500100053,2018년 2월 5일 05시,월요일,충청남도 천안시 서북구 성정동,경상사고,0,0,1,0,차대사람 - 횡단중,보행자보호의무위반,건조,맑음,교차로 - 교차로부근,승용,남,64세,상해없음,보행자,여,37세,경상
2018020500100088,2018년 2월 5일 07시,월요일,충청남도 천안시 동남구 목천읍,경상사고,0,0,2,0,차대차 - 측면충돌,안전운전불이행,건조,맑음,교차로 - 교차로안,승용,남,59세,상해없음,화물,남,73세,경상
2018020500100089,2018년 2월 5일 07시,월요일,충청남도 천안시 동남구 구성동,중상사고,0,1,0,0,차대차 - 측면충돌,안전운전불이행,건조,맑음,교차로 - 교차로안,승용,남,66세,기타불명,승용,여,57세,중상
2018020500100288,2018년 2월 5일 12시,월요일,충청남도 천안시 동남구 신방동,중상사고,0,1,0,0,차대차 - 측면충돌,교차로운행방법위반,건조,맑음,교차로 - 교차로안,승용,여,47세,기타불명,승용,여,30세,중상
2018020500100589,2018년 2월 5일 21시,월요일,충청남도 천안시 서북구 백석동,경상사고,0,0,1,0,차대차 - 측면충돌,안전운전불이행,건조,맑음,교차로 - 교차로안,승용,남,35세,상해없음,승용,남,34세,경상
2018020600100012,2018년 2월 6일 00시,화요일,충청남도 천안시 동남구 신방동,경상사고,0,0,1,0,차대차 - 측면충돌,신호위반,건조,맑음,교차로 - 교차로안,승용,남,41세,상해없음,승용,남,51세,경상
2018020600100024,2018년 2월 6일 01시,화요일,충청남도 천안시 서북구 성정동,경상사고,0,0,2,0,차대차 - 측면충돌,신호위반,건조,맑음,교차로 - 교차로안,승용,남,28세,상해없음,승용,남,57세,경상
2018020600100070,2018년 2월 6일 06시,화요일,충청남도 천안시 서북구 백석동,중상사고,0,2,1,0,차대차 - 측면충돌,신호위반,건조,맑음,교차로 - 교차로안,승용,남,38세,중상,승용,남,24세,경상
2018020600100174,2018년 2월 6일 09시,화요일,충청남도 천안시 동남구 성남면,경상사고,0,0,1,0,차대차 - 측면충돌,신호위반,건조,맑음,교차로 - 교차로안,화물,남,45세,상해없음,화물,남,59세,경상
2018020600100300,2018년 2월 6일 13시,화요일,충청남도 천안시 서북구 성정동,중상사고,0,1,0,0,차대차 - 측면충돌,신호위반,건조,맑음,교차로 - 교차로안,화물,남,48세,상해없음,승합,남,68세,중상
2018020600100301,2018년 2월 6일 13시,화요일,충청남도 천안시 서북구 성환읍,중상사고,0,1,1,0,차대차 - 정면충돌,중앙선침범,건조,맑음,단일로 - 기타,승용,남,79세,상해없음,승용,여,60세,경상
2018020600100303,2018년 2월 6일 13시,화요일,충청남도 천안시 동남구 영성동,경상사고,0,0,1,0,차대차 - 측면충돌,안전운전불이행,건조,맑음,교차로 - 교차로부근,화물,남,46세,상해없음,자전거,남,78세,경상
2018020600100435,2018년 2월 6일 17시,화요일,충청남도 천안시 동남구 구성동,경상사고,0,0,1,0,차대차 - 추돌,안전운전불이행,건조,맑음,단일로 - 기타,승용,남,46세,상해없음,승용,남,49세,경상
2018020600100518,2018년 2월 6일 19시,화요일,충청남도 천안시 동남구 신부동,중상사고,0,1,0,0,차대사람 - 길가장자리구역통행중,안전운전불이행,건조,맑음,단일로 - 기타,승용,남,60세,상해없음,보행자,남,36세,중상
2018020600100519,2018년 2월 6일 19시,화요일,충청남도 천안시 동남구 봉명동,경상사고,0,0,1,0,차대사람 - 횡단중,안전운전불이행,건조,맑음,교차로 - 교차로안,승용,남,53세,상해없음,보행자,남,50세,경상
2018020600100555,2018년 2월 6일 20시,화요일,충청남도 천안시 서북구 백석동,경상사고,0,0,1,0,차대차 - 추돌,안전운전불이행,건조,맑음,교차로 - 교차로부근,승용,여,25세,상해없음,승용,남,55세,경상
2018020600100582,2018년 2월 6일 21시,화요일,충청남도 천안시 서북구 두정동,경상사고,0,0,1,0,차대차 - 추돌,차로위반,적설,눈,교차로 - 교차로부근,승용,여,44세,경상,승용,여,42세,상해없음
2018020600100615,2018년 2월 6일 22시,화요일,충청남도 천안시 동남구 신부동,중상사고,0,1,0,0,차대사람 - 보도통행중,신호위반,건조,맑음,단일로 - 기타,승용,남,42세,상해없음,보행자,여,21세,중상
2018020700100071,2018년 2월 7일 05시,수요일,충청남도 천안시 동남구 신방동,중상사고,0,1,1,0,차대사람 - 보도통행중,기타,젖음/습기,흐림,교차로 - 교차로부근,승합,남,52세,경상,보행자,남,62세,중상
2018020700100111,2018년 2월 7일 07시,수요일,충청남도 천안시 서북구 쌍용동,경상사고,0,0,1,0,차대차 - 기타,교차로운행방법위반,건조,맑음,교차로 - 교차로부근,승용,남,61세,상해없음,승합,남,42세,경상
2018020700100149,2018년 2월 7일 08시,수요일,충청남도 천안시 서북구 입장면,중상사고,0,1,0,0,차대차 - 추돌,안전운전불이행,건조,맑음,단일로 - 기타,화물,남,64세,상해없음,자전거,남,60세,중상
2018020700100192,2018년 2월 7일 09시,수요일,충청남도 천안시 동남구 풍세면,중상사고,0,1,3,0,차대차 - 기타,안전운전불이행,건조,맑음,단일로 - 기타,승용,남,34세,상해없음,승용,남,26세,경상
2018020700100251,2018년 2월 7일 11시,수요일,충청남도 천안시 서북구 불당동,경상사고,0,0,3,0,차대차 - 측면충돌,신호위반,건조,맑음,교차로 - 교차로안,승용,남,52세,상해없음,승용,여,29세,경상
2018020700100337,2018년 2월 7일 14시,수요일,충청남도 천안시 동남구 신방동,중상사고,0,1,0,0,차대차 - 측면충돌,안전운전불이행,기타,흐림,교차로 - 교차로안,승용,여,49세,상해없음,원동기,남,34세,중상
2018020700100444,2018년 2월 7일 17시,수요일,충청남도 천안시 동남구 광덕면,중상사고,0,1,0,0,차대사람 - 횡단중,안전운전불이행,건조,맑음,단일로 - 기타,승합,남,47세,상해없음,보행자,여,17세,중상
2018020800100016,2018년 2월 8일 00시,목요일,충청남도 천안시 서북구 성정동,중상사고,0,1,1,0,차대차 - 정면충돌,중앙선침범,건조,맑음,교차로 - 교차로부근,승용,남,25세,상해없음,승용,남,54세,경상
2018020800100365,2018년 2월 8일 14시,목요일,충청남도 천안시 동남구 다가동,경상사고,0,0,1,0,차대차 - 측면충돌,중앙선침범,건조,맑음,교차로 - 교차로부근,승용,여,34세,상해없음,승용,여,24세,경상
2018020800100409,2018년 2월 8일 15시,목요일,충청남도 천안시 동남구 광덕면,중상사고,0,1,1,0,차대차 - 정면충돌,중앙선침범,건조,맑음,단일로 - 기타,승용,남,64세,기타불명,승용,여,43세,중상
2018020800100587,2018년 2월 8일 19시,목요일,충청남도 천안시 서북구 성거읍,경상사고,0,0,3,0,차대차 - 추돌,안전운전불이행,건조,맑음,단일로 - 기타,승용,남,58세,경상,승용,남,48세,상해없음
2018020800100662,2018년 2월 8일 21시,목요일,충청남도 천안시 서북구 쌍용동,경상사고,0,0,1,0,차대사람 - 기타,안전운전불이행,건조,맑음,단일로 - 기타,승용,여,45세,상해없음,보행자,남,46세,경상
2018020900100252,2018년 2월 9일 11시,금요일,충청남도 천안시 동남구 다가동,경상사고,0,0,2,0,차대차 - 추돌,안전거리미확보,건조,맑음,단일로 - 기타,승용,남,63세,상해없음,승용,남,37세,경상
2018020900100357,2018년 2월 9일 14시,금요일,충청남도 천안시 동남구 신방동,중상사고,0,1,3,0,차대차 - 측면충돌,신호위반,건조,맑음,교차로 - 교차로안,승용,남,75세,경상,승용,남,55세,경상
2018020900100516,2018년 2월 9일 18시,금요일,충청남도 천안시 서북구 부대동,경상사고,0,0,1,0,차대차 - 측면충돌,안전운전불이행,건조,맑음,교차로 - 교차로부근,화물,남,64세,상해없음,승용,남,41세,경상
2018020900100634,2018년 2월 9일 20시,금요일,충청남도 천안시 서북구 두정동,경상사고,0,0,3,0,차대차 - 추돌,안전운전불이행,건조,맑음,단일로 - 기타,승용,여,30세,경상,승용,남,38세,경상
2018020900100674,2018년 2월 9일 21시,금요일,충청남도 천안시 서북구 쌍용동,경상사고,0,0,2,0,차대차 - 추돌,안전운전불이행,건조,맑음,교차로 - 교차로안,승용,여,49세,상해없음,승용,여,22세,경상
2018021000100016,2018년 2월 10일 00시,토요일,충청남도 천안시 서북구 입장면,중상사고,0,1,2,0,차대차 - 측면충돌,신호위반,건조,맑음,교차로 - 교차로안,화물,남,37세,상해없음,승용,남,27세,중상
2018021000100042,2018년 2월 10일 01시,토요일,충청남도 천안시 서북구 성정동,경상사고,0,0,1,0,차대차 - 기타,신호위반,건조,맑음,교차로 - 교차로부근,이륜,남,33세,경상,승용,남,60세,상해없음
2018021000100043,2018년 2월 10일 01시,토요일,충청남도 천안시 서북구 백석동,경상사고,0,0,1,0,차대차 - 추돌,안전거리미확보,건조,맑음,단일로 - 기타,승용,여,31세,상해없음,승용,남,50세,상해없음
2018021000100096,2018년 2월 10일 04시,토요일,충청남도 천안시 서북구 성정동,중상사고,0,1,2,0,차대차 - 측면충돌,신호위반,건조,맑음,교차로 - 교차로안,승용,남,24세,상해없음,승용,남,55세,경상
2018021000100305,2018년 2월 10일 14시,토요일,충청남도 천안시 서북구 불당동,경상사고,0,0,2,0,차대차 - 추돌,안전운전불이행,건조,맑음,교차로 - 교차로안,승용,여,36세,상해없음,승용,남,23세,경상
2018021000100421,2018년 2월 10일 18시,토요일,충청남도 천안시 서북구 직산읍,경상사고,0,0,2,0,차대차 - 기타,중앙선침범,건조,맑음,단일로 - 기타,승용,남,45세,상해없음,승용,남,33세,경상
2018021000100463,2018년 2월 10일 19시,토요일,충청남도 천안시 서북구 성정동,경상사고,0,0,1,0,차대차 - 기타,안전운전불이행,건조,맑음,교차로 - 교차로안,승용,여,52세,상해없음,승용,남,40세,경상
2018021000100540,2018년 2월 10일 22시,토요일,충청남도 천안시 서북구 성거읍,경상사고,0,0,3,0,차대차 - 기타,안전운전불이행,건조,맑음,단일로 - 기타,승용,남,55세,상해없음,승용,여,25세,경상
2018021100100081,2018년 2월 11일 05시,일요일,충청남도 천안시 동남구 봉명동,중상사고,0,1,0,0,차대사람 - 기타,안전운전불이행,서리/결빙,눈,단일로 - 기타,승용,남,41세,상해없음,보행자,남,72세,중상
2018021100100142,2018년 2월 11일 10시,일요일,충청남도 천안시 동남구 삼룡동,중상사고,0,1,0,0,차대사람 - 길가장자리구역통행중,안전운전불이행,건조,맑음,단일로 - 기타,화물,남,62세,상해없음,보행자,남,69세,중상
2018021100100143,2018년 2월 11일 10시,일요일,충청남도 천안시 동남구 구성동,중상사고,0,1,0,0,차대사람 - 기타,안전운전불이행,건조,맑음,기타 - 기타,승용,남,42세,상해없음,보행자,여,58세,중상
2018021100100183,2018년 2월 11일 12시,일요일,충청남도 천안시 동남구 사직동,중상사고,0,1,0,0,차대사람 - 기타,안전운전불이행,건조,맑음,단일로 - 기타,승용,남,61세,상해없음,보행자,남,61세,중상
2018021100100184,2018년 2월 11일 12시,일요일,충청남도 천안시 동남구 구성동,경상사고,0,0,3,0,차대차 - 추돌,안전운전불이행,건조,맑음,교차로 - 교차로부근,승용,여,48세,상해없음,승용,남,57세,경상
2018021100100420,2018년 2월 11일 21시,일요일,충청남도 천안시 서북구 불당동,경상사고,0,0,2,0,차대차 - 추돌,안전운전불이행,적설,흐림,교차로 - 교차로부근,승용,여,41세,상해없음,승용,여,37세,경상
2018021200100121,2018년 2월 12일 08시,월요일,충청남도 천안시 동남구 신부동,경상사고,0,0,1,0,차대차 - 측면충돌,안전운전불이행,건조,맑음,단일로 - 기타,승합,남,58세,상해없음,승용,남,34세,경상
2018021200100169,2018년 2월 12일 09시,월요일,충청남도 천안시 동남구 병천면,경상사고,0,0,2,0,차대차 - 측면충돌,기타,적설,맑음,교차로 - 교차로안,승용,여,45세,상해없음,화물,남,66세,경상
2018021200100358,2018년 2월 12일 14시,월요일,충청남도 천안시 서북구 두정동,중상사고,0,1,0,0,차대차 - 정면충돌,교차로운행방법위반,건조,맑음,교차로 - 교차로안,승용,남,28세,상해없음,이륜,남,52세,중상
2018021200100447,2018년 2월 12일 16시,월요일,충청남도 천안시 서북구 쌍용동,경상사고,0,0,1,0,차대차 - 추돌,안전운전불이행,건조,맑음,단일로 - 기타,승용,남,59세,기타불명,승용,여,34세,경상
2018021200100656,2018년 2월 12일 20시,월요일,충청남도 천안시 서북구 백석동,경상사고,0,0,1,0,차대차 - 추돌,안전거리미확보,건조,맑음,단일로 - 기타,화물,남,45세,상해없음,승용,남,44세,경상
2018021200100701,2018년 2월 12일 21시,월요일,충청남도 천안시 서북구 두정동,경상사고,0,0,3,0,차대차 - 추돌,안전거리미확보,서리/결빙,눈,단일로 - 기타,승용,여,22세,상해없음,승용,남,41세,경상
2018021300100064,2018년 2월 13일 03시,화요일,충청남도 천안시 서북구 직산읍,경상사고,0,0,1,0,차대차 - 추돌,안전운전불이행,적설,눈,단일로 - 기타,승용,남,24세,상해없음,승용,남,51세,경상
2018021300100073,2018년 2월 13일 04시,화요일,충청남도 천안시 동남구 목천읍,중상사고,0,1,1,0,차대차 - 측면충돌,중앙선침범,적설,흐림,단일로 - 기타,승용,남,29세,상해없음,화물,남,36세,중상
2018021300100204,2018년 2월 13일 09시,화요일,충청남도 천안시 동남구 신방동,경상사고,0,0,1,0,차대차 - 측면충돌,안전운전불이행,적설,맑음,단일로 - 기타,승용,남,28세,경상,승용,기타불명,미분류,기타불명
2018021300100247,2018년 2월 13일 10시,화요일,충청남도 천안시 동남구 대흥동,경상사고,0,0,1,0,차대사람 - 횡단중,보행자보호의무위반,건조,맑음,단일로 - 기타,승용,여,59세,상해없음,보행자,남,75세,경상
2018021300100333,2018년 2월 13일 12시,화요일,충청남도 천안시 서북구 쌍용동,경상사고,0,0,1,0,차대차 - 기타,안전운전불이행,건조,맑음,교차로 - 교차로안,화물,남,67세,상해없음,승용,여,42세,경상
2018021300100360,2018년 2월 13일 13시,화요일,충청남도 천안시 동남구 목천읍,경상사고,0,0,1,0,차대차 - 측면충돌,안전운전불이행,건조,맑음,단일로 - 기타,승용,남,68세,상해없음,화물,남,63세,경상
2018021300100448,2018년 2월 13일 15시,화요일,충청남도 천안시 서북구 직산읍,경상사고,0,0,1,0,차대차 - 기타,안전운전불이행,건조,맑음,교차로 - 교차로부근,승용,남,67세,상해없음,화물,남,48세,경상
2018021300100450,2018년 2월 13일 15시,화요일,충청남도 천안시 동남구 신방동,경상사고,0,0,1,0,차대차 - 기타,안전운전불이행,건조,맑음,단일로 - 기타,화물,남,61세,기타불명,승용,여,31세,경상
2018021300100671,2018년 2월 13일 19시,화요일,충청남도 천안시 동남구 대흥동,사망사고,1,0,0,0,차대사람 - 횡단중,보행자보호의무위반,건조,맑음,단일로 - 기타,승합,남,40세,상해없음,보행자,여,46세,사망
2018021300100749,2018년 2월 13일 21시,화요일,충청남도 천안시 서북구 쌍용동,경상사고,0,0,1,0,차대사람 - 횡단중,안전운전불이행,건조,맑음,단일로 - 기타,승용,남,52세,상해없음,보행자,여,52세,경상
2018021400100025,2018년 2월 14일 00시,수요일,충청남도 천안시 서북구 두정동,경상사고,0,0,1,0,차대차 - 추돌,안전운전불이행,건조,맑음,단일로 - 기타,승용,남,30세,상해없음,화물,남,45세,기타불명
2018021400100115,2018년 2월 14일 06시,수요일,충청남도 천안시 동남구 신방동,경상사고,0,0,1,0,차대차 - 추돌,안전운전불이행,건조,맑음,단일로 - 기타,승용,남,32세,상해없음,승용,남,37세,경상
2018021400100133,2018년 2월 14일 07시,수요일,충청남도 천안시 서북구 직산읍,경상사고,0,0,1,0,차대사람 - 횡단중,신호위반,건조,맑음,교차로 - 교차로횡단보도내,승용,여,53세,상해없음,보행자,여,40세,경상
2018021400100317,2018년 2월 14일 13시,수요일,충청남도 천안시 동남구 원성동,경상사고,0,0,2,0,차대차 - 기타,직진우회전진행방해,건조,맑음,교차로 - 교차로안,승용,남,50세,경상,승용,남,65세,상해없음
2018021400100386,2018년 2월 14일 15시,수요일,충청남도 천안시 동남구 안서동,경상사고,0,0,1,0,차대차 - 후진중충돌,안전운전불이행,건조,맑음,교차로 - 교차로안,화물,여,57세,상해없음,승용,여,55세,경상
2018021400100474,2018년 2월 14일 17시,수요일,충청남도 천안시 서북구 성성동,경상사고,0,0,2,0,차대차 - 측면충돌,안전거리미확보,건조,맑음,단일로 - 기타,화물,남,66세,경상,승합,남,52세,경상
2018021400100477,2018년 2월 14일 17시,수요일,충청남도 천안시 동남구 신방동,중상사고,0,1,0,0,차대차 - 추돌,안전운전불이행,건조,맑음,교차로 - 교차로부근,승용,남,30세,상해없음,원동기,남,46세,중상
2018021400100514,2018년 2월 14일 18시,수요일,충청남도 천안시 서북구 성정동,경상사고,0,0,1,0,차대사람 - 횡단중,보행자보호의무위반,건조,맑음,교차로 - 교차로안,이륜,남,42세,상해없음,보행자,남,27세,경상
2018021400100518,2018년 2월 14일 18시,수요일,충청남도 천안시 동남구 원성동,경상사고,0,0,3,0,차대차 - 측면충돌,안전운전불이행,건조,맑음,교차로 - 교차로안,승용,여,36세,경상,승용,남,32세,경상
2018021400100570,2018년 2월 14일 19시,수요일,충청남도 천안시 서북구 두정동,경상사고,0,0,1,0,차대차 - 정면충돌,안전운전불이행,건조,흐림,교차로 - 교차로부근,승용,여,40세,상해없음,자전거,여,66세,경상
2018021400100571,2018년 2월 14일 19시,수요일,충청남도 천안시 서북구 성환읍,경상사고,0,0,1,0,차대차 - 정면충돌,신호위반,건조,흐림,교차로 - 교차로부근,승용,남,26세,상해없음,자전거,여,11세,경상
2018021500100035,2018년 2월 15일 01시,목요일,충청남도 천안시 동남구 목천읍,경상사고,0,0,5,0,차대차 - 추돌,안전운전불이행,건조,맑음,단일로 - 기타,승합,남,42세,상해없음,승용,남,56세,경상
2018021500100058,2018년 2월 15일 02시,목요일,충청남도 천안시 서북구 불당동,사망사고,1,0,1,0,차대차 - 추돌,안전운전불이행,건조,맑음,교차로 - 교차로부근,이륜,남,39세,사망,승용,남,29세,경상
2018021500100158,2018년 2월 15일 10시,목요일,충청남도 천안시 서북구 백석동,경상사고,0,0,1,0,차대차 - 측면충돌,신호위반,건조,맑음,교차로 - 교차로안,승용,남,28세,상해없음,승용,여,35세,경상
2018021500100189,2018년 2월 15일 11시,목요일,충청남도 천안시 서북구 성정동,경상사고,0,0,1,0,차대차 - 기타,직진우회전진행방해,건조,맑음,교차로 - 교차로안,승용,여,51세,상해없음,승용,남,37세,경상
2018021600100045,2018년 2월 16일 07시,금요일,충청남도 천안시 동남구 삼룡동,경상사고,0,0,4,0,차대차 - 측면충돌,안전운전불이행,건조,맑음,단일로 - 기타,승합,남,59세,상해없음,승용,남,50세,경상
2018021600100289,2018년 2월 16일 20시,금요일,충청남도 천안시 서북구 직산읍,경상사고,0,0,1,0,차대사람 - 횡단중,안전운전불이행,건조,맑음,단일로 - 기타,승용,남,58세,상해없음,보행자,남,37세,경상
2018021600100290,2018년 2월 16일 20시,금요일,충청남도 천안시 서북구 불당동,중상사고,0,2,0,0,차대차 - 추돌,안전운전불이행,건조,맑음,교차로 - 교차로부근,화물,남,57세,상해없음,승용,남,24세,중상
2018021600100309,2018년 2월 16일 21시,금요일,충청남도 천안시 동남구 목천읍,경상사고,0,0,1,0,차대차 - 기타,안전거리미확보,건조,맑음,단일로 - 기타,승합,남,44세,상해없음,이륜,남,18세,경상
2018021700100040,2018년 2월 17일 03시,토요일,충청남도 천안시 동남구 구성동,경상사고,0,0,3,0,차대차 - 추돌,안전운전불이행,건조,맑음,단일로 - 기타,승용,남,70세,상해없음,승용,남,49세,경상
2018021700100076,2018년 2월 17일 08시,토요일,충청남도 천안시 동남구 대흥동,경상사고,0,0,1,0,차량단독 - 기타,안전운전불이행,건조,맑음,교차로 - 교차로안,승합,남,47세,상해없음,,,,
2018021700100099,2018년 2월 17일 10시,토요일,충청남도 천안시 서북구 입장면,경상사고,0,0,6,2,차대차 - 추돌,안전거리미확보,건조,맑음,기타 - 기타,승용,남,54세,상해없음,승용,남,37세,경상
2018021700100228,2018년 2월 17일 17시,토요일,충청남도 천안시 서북구 불당동,경상사고,0,0,1,0,차대차 - 측면충돌,신호위반,건조,맑음,교차로 - 교차로안,승용,남,43세,상해없음,승용,남,31세,경상
2018021700100378,2018년 2월 17일 23시,토요일,충청남도 천안시 서북구 불당동,경상사고,0,0,1,0,차대차 - 측면충돌,중앙선침범,건조,맑음,단일로 - 기타,기타불명,기타불명,미분류,기타불명,이륜,남,39세,경상
2018021800100007,2018년 2월 18일 00시,일요일,충청남도 천안시 서북구 성정동,경상사고,0,0,1,0,차대차 - 측면충돌,신호위반,건조,맑음,교차로 - 교차로안,승용,남,38세,상해없음,승용,남,39세,경상
2018021800100008,2018년 2월 18일 00시,일요일,충청남도 천안시 동남구 병천면,경상사고,0,0,9,0,차대차 - 추돌,안전운전불이행,건조,맑음,기타 - 기타,승용,남,25세,상해없음,승합,남,44세,경상
2018021800100290,2018년 2월 18일 20시,일요일,충청남도 천안시 서북구 불당동,경상사고,0,0,4,0,차대차 - 추돌,안전운전불이행,건조,맑음,교차로 - 교차로부근,승용,남,47세,상해없음,승용,남,39세,경상
2018021900100026,2018년 2월 19일 03시,월요일,충청남도 천안시 서북구 두정동,경상사고,0,0,1,0,차대사람 - 기타,안전운전불이행,건조,맑음,단일로 - 기타,승용,남,46세,상해없음,보행자,남,26세,경상
2018021900100053,2018년 2월 19일 06시,월요일,충청남도 천안시 동남구 안서동,중상사고,0,1,1,0,차대차 - 측면충돌,교차로운행방법위반,건조,맑음,교차로 - 교차로안,승용,남,59세,경상,화물,남,67세,중상
2018021900100220,2018년 2월 19일 14시,월요일,충청남도 천안시 동남구 신방동,경상사고,0,0,1,0,차대사람 - 기타,안전운전불이행,건조,맑음,단일로 - 기타,승용,여,51세,상해없음,보행자,여,79세,경상
2018021900100389,2018년 2월 19일 19시,월요일,충청남도 천안시 서북구 두정동,중상사고,0,1,0,0,차대사람 - 횡단중,보행자보호의무위반,건조,맑음,교차로 - 교차로안,승용,여,27세,상해없음,보행자,여,32세,중상
2018021900100427,2018년 2월 19일 20시,월요일,충청남도 천안시 동남구 용곡동,경상사고,0,0,1,0,차대차 - 추돌,안전운전불이행,건조,맑음,단일로 - 기타,화물,남,42세,상해없음,이륜,남,22세,경상
2018021900100428,2018년 2월 19일 20시,월요일,충청남도 천안시 동남구 신방동,경상사고,0,0,1,0,차대차 - 기타,안전운전불이행,건조,맑음,교차로 - 교차로안,승용,여,44세,상해없음,승용,여,34세,경상