사고번호,사고일시,요일,시군구,사고내용,사망자수,중상자수,경상자수,부상신고자수,사고유형,법규위반,노면상태,기상상태,도로형태,가해운전자 차종,가해운전자 성별,가해운전자 연령,가해운전자 상해정도,피해운전자 차종,피해운전자 성별,피해운전자 연령,피해운전자 상해정도
2018030900100383,2018년 3월 9일 19시,금요일,충청남도 천안시 서북구 두정동,경상사고,0,0,1,0,차대차 - 기타,불법유턴,건조,맑음,단일로 - 기타,승용,남,30세,상해없음,이륜,남,44세,경상
2018030900100384,2018년 3월 9일 19시,금요일,충청남도 천안시 서북구 성정동,경상사고,0,0,1,0,차대차 - 기타,신호위반,건조,맑음,교차로 - 교차로안,승용,남,49세,상해없음,자전거,남,33세,경상
2018030900100386,2018년 3월 9일 19시,금요일,충청남도 천안시 동남구 원성동,경상사고,0,0,1,0,차대차 - 기타,직진우회전진행방해,건조,맑음,교차로 - 교차로안,승용,남,25세,상해없음,이륜,남,29세,경상
2018030900100451,2018년 3월 9일 21시,금요일,충청남도 천안시 서북구 성정동,중상사고,0,1,0,0,차대차 - 기타,불법유턴,건조,맑음,단일로 - 기타,승용,남,30세,상해없음,이륜,남,55세,중상
2018030900100453,2018년 3월 9일 21시,금요일,충청남도 천안시 동남구 목천읍,중상사고,0,2,1,0,차대차 - 추돌,안전운전불이행,건조,맑음,기타 - 기타,화물,남,58세,상해없음,승용,남,32세,중상
2018030900100490,2018년 3월 9일 22시,금요일,충청남도 천안시 서북구 백석동,중상사고,0,1,0,0,차대차 - 추돌,안전운전불이행,건조,맑음,단일로 - 기타,승용,남,37세,상해없음,승용,남,47세,중상
2018030900100491,2018년 3월 9일 22시,금요일,충청남도 천안시 서북구 백석동,경상사고,0,0,2,0,차대차 - 기타,안전운전불이행,건조,맑음,단일로 - 기타,승용,여,44세,상해없음,승용,여,49세,경상
2018031000100032,2018년 3월 10일 01시,토요일,충청남도 천안시 서북구 성정동,중상사고,0,1,0,0,차대차 - 측면충돌,직진우회전진행방해,건조,맑음,교차로 - 교차로안,승용,남,35세,상해없음,이륜,남,42세,중상
2018031000100033,2018년 3월 10일 01시,토요일,충청남도 천안시 서북구 성성동,경상사고,0,0,1,0,차대차 - 측면충돌,안전운전불이행,건조,맑음,단일로 - 기타,승용,남,29세,상해없음,화물,남,44세,경상
2018031000100127,2018년 3월 10일 08시,토요일,충청남도 천안시 서북구 쌍용동,경상사고,0,0,1,0,차대차 - 기타,안전운전불이행,건조,맑음,교차로 - 교차로부근,승용,남,30세,상해없음,승합,남,55세,상해없음
2018031000100128,2018년 3월 10일 08시,토요일,충청남도 천안시 서북구 성정동,경상사고,0,0,1,0,차대차 - 측면충돌,직진우회전진행방해,건조,맑음,교차로 - 교차로안,화물,남,53세,상해없음,승용,남,62세,경상
2018031000100223,2018년 3월 10일 12시,토요일,충청남도 천안시 동남구 수신면,중상사고,0,1,1,0,차대차 - 추돌,과속,건조,맑음,단일로 - 기타,승용,남,29세,상해없음,승용,남,47세,중상
2018031000100354,2018년 3월 10일 16시,토요일,충청남도 천안시 서북구 성정동,경상사고,0,0,1,0,차대사람 - 기타,기타,건조,맑음,단일로 - 기타,승용,남,42세,상해없음,보행자,남,10세,경상
2018031000100400,2018년 3월 10일 18시,토요일,충청남도 천안시 서북구 성정동,경상사고,0,0,2,0,차대차 - 측면충돌,안전운전불이행,건조,맑음,교차로 - 교차로안,승용,남,41세,상해없음,승용,여,36세,경상
2018031000100401,2018년 3월 10일 18시,토요일,충청남도 천안시 서북구 백석동,경상사고,0,0,3,0,차대차 - 측면충돌,신호위반,젖음/습기,맑음,교차로 - 교차로안,승용,여,35세,상해없음,승용,여,39세,경상
2018031000100442,2018년 3월 10일 19시,토요일,충청남도 천안시 서북구 성정동,경상사고,0,0,1,0,차대차 - 측면충돌,안전운전불이행,건조,맑음,교차로 - 교차로안,승용,남,40세,상해없음,이륜,남,28세,경상
2018031000100443,2018년 3월 10일 19시,토요일,충청남도 천안시 서북구 성정동,경상사고,0,0,2,0,차대차 - 추돌,안전운전불이행,건조,맑음,단일로 - 기타,승합,남,35세,상해없음,승용,남,48세,상해없음
2018031000100479,2018년 3월 10일 20시,토요일,충청남도 천안시 서북구 쌍용동,경상사고,0,0,1,0,차대차 - 측면충돌,신호위반,건조,맑음,교차로 - 교차로안,승용,남,61세,상해없음,승용,남,20세,경상
2018031000100511,2018년 3월 10일 21시,토요일,충청남도 천안시 서북구 성거읍,중상사고,0,1,0,0,차대사람 - 횡단중,신호위반,건조,맑음,교차로 - 교차로안,승용,남,58세,상해없음,보행자,여,60세,중상
2018031000100512,2018년 3월 10일 21시,토요일,충청남도 천안시 서북구 성거읍,경상사고,0,0,1,0,차대차 - 추돌,안전운전불이행,건조,맑음,단일로 - 기타,화물,남,55세,상해없음,승용,남,33세,경상
2018031000100558,2018년 3월 10일 23시,토요일,충청남도 천안시 서북구 성환읍,중상사고,0,1,0,0,차대차 - 추돌,안전운전불이행,건조,맑음,교차로 - 교차로부근,화물,남,61세,중상,특수,남,38세,상해없음
2018031000100559,2018년 3월 10일 23시,토요일,충청남도 천안시 동남구 신부동,중상사고,0,1,1,0,차대차 - 추돌,안전운전불이행,건조,맑음,교차로 - 교차로부근,승용,남,43세,상해없음,승용,여,46세,중상
2018031100100023,2018년 3월 11일 01시,일요일,충청남도 천안시 동남구 삼룡동,중상사고,0,1,1,0,차대차 - 측면충돌,안전운전불이행,건조,맑음,교차로 - 교차로안,원동기,남,15세,중상,승용,남,59세,상해없음
2018031100100059,2018년 3월 11일 04시,일요일,충청남도 천안시 서북구 성거읍,중상사고,0,2,11,0,차대차 - 추돌,안전거리미확보,건조,맑음,기타 - 기타,승용,남,54세,중상,승용,남,22세,경상
2018031100100292,2018년 3월 11일 17시,일요일,충청남도 천안시 서북구 입장면,중상사고,0,1,1,0,차대차 - 측면충돌,교차로운행방법위반,건조,맑음,교차로 - 교차로안,승용,남,58세,상해없음,승용,남,61세,경상
2018031100100349,2018년 3월 11일 19시,일요일,충청남도 천안시 동남구 구룡동,사망사고,1,1,0,0,차대사람 - 횡단중,과속,건조,맑음,단일로 - 기타,승용,남,62세,상해없음,보행자,여,72세,사망
2018031200100185,2018년 3월 12일 11시,월요일,충청남도 천안시 서북구 쌍용동,중상사고,0,1,0,0,차대사람 - 횡단중,신호위반,건조,맑음,교차로 - 교차로안,승용,남,47세,상해없음,보행자,여,21세,중상
2018031200100211,2018년 3월 12일 12시,월요일,충청남도 천안시 서북구 불당동,경상사고,0,0,3,0,차대차 - 기타,중앙선침범,건조,맑음,교차로 - 교차로부근,승용,남,55세,상해없음,화물,남,44세,경상
2018031200100249,2018년 3월 12일 13시,월요일,충청남도 천안시 서북구 쌍용동,경상사고,0,0,1,0,차대차 - 기타,교차로운행방법위반,건조,맑음,교차로 - 교차로안,화물,남,35세,상해없음,승용,여,36세,경상
2018031200100306,2018년 3월 12일 15시,월요일,충청남도 천안시 동남구 용곡동,경상사고,0,0,1,0,차대사람 - 횡단중,보행자보호의무위반,건조,맑음,교차로 - 교차로안,승용,남,47세,상해없음,보행자,여,61세,경상
2018031200100344,2018년 3월 12일 16시,월요일,충청남도 천안시 동남구 목천읍,경상사고,0,0,1,0,차대차 - 측면충돌,신호위반,건조,맑음,교차로 - 교차로안,승용,여,56세,상해없음,승용,남,54세,경상
2018031300100025,2018년 3월 13일 02시,화요일,충청남도 천안시 서북구 두정동,경상사고,0,0,1,0,차대차 - 측면충돌,신호위반,건조,맑음,교차로 - 교차로안,승용,남,61세,상해없음,승용,남,24세,경상
2018031300100094,2018년 3월 13일 08시,화요일,충청남도 천안시 동남구 신부동,경상사고,0,0,1,0,차대차 - 측면충돌,교차로운행방법위반,건조,맑음,교차로 - 교차로부근,화물,남,41세,상해없음,승용,여,27세,경상
2018031300100136,2018년 3월 13일 09시,화요일,충청남도 천안시 서북구 성환읍,중상사고,0,1,0,0,차대차 - 측면충돌,안전운전불이행,건조,맑음,교차로 - 교차로부근,자전거,남,81세,중상,화물,남,43세,상해없음
2018031300100137,2018년 3월 13일 09시,화요일,충청남도 천안시 서북구 쌍용동,경상사고,0,0,1,0,차대차 - 측면충돌,안전운전불이행,건조,맑음,단일로 - 고가도로위,승용,남,59세,상해없음,승용,남,53세,경상
2018031300100180,2018년 3월 13일 11시,화요일,충청남도 천안시 동남구 원성동,경상사고,0,0,1,0,차대차 - 측면충돌,안전운전불이행,건조,맑음,단일로 - 기타,승용,남,27세,상해없음,이륜,남,36세,경상
2018031300100181,2018년 3월 13일 11시,화요일,충청남도 천안시 동남구 신방동,경상사고,0,0,1,0,차대차 - 기타,안전운전불이행,건조,맑음,교차로 - 교차로안,승용,여,62세,기타불명,승용,남,38세,경상
2018031300100374,2018년 3월 13일 17시,화요일,충청남도 천안시 서북구 쌍용동,경상사고,0,0,1,0,차대차 - 측면충돌,신호위반,건조,맑음,교차로 - 교차로안,승용,남,25세,상해없음,승용,남,50세,경상
2018031300100499,2018년 3월 13일 20시,화요일,충청남도 천안시 동남구 풍세면,중상사고,0,1,0,0,차대사람 - 기타,안전운전불이행,건조,맑음,단일로 - 기타,승용,여,59세,상해없음,보행자,남,56세,중상
2018031300100569,2018년 3월 13일 23시,화요일,충청남도 천안시 서북구 성정동,경상사고,0,0,2,0,차대차 - 기타,안전운전불이행,건조,맑음,단일로 - 기타,승용,남,34세,상해없음,승용,남,40세,경상
2018031400100337,2018년 3월 14일 15시,수요일,충청남도 천안시 서북구 성성동,경상사고,0,0,1,0,차대차 - 기타,차로위반,건조,맑음,단일로 - 기타,승용,남,49세,상해없음,이륜,여,45세,경상
2018031400100338,2018년 3월 14일 15시,수요일,충청남도 천안시 서북구 두정동,경상사고,0,0,1,0,차대사람 - 보도통행중,기타,건조,맑음,단일로 - 기타,승용,남,34세,상해없음,보행자,남,77세,경상
2018031400100463,2018년 3월 14일 18시,수요일,충청남도 천안시 서북구 백석동,중상사고,0,1,0,0,차대사람 - 길가장자리구역통행중,안전운전불이행,건조,맑음,교차로 - 교차로부근,승용,남,65세,상해없음,보행자,남,58세,중상
2018031400100565,2018년 3월 14일 21시,수요일,충청남도 천안시 서북구 두정동,경상사고,0,0,1,0,차대차 - 정면충돌,중앙선침범,건조,맑음,단일로 - 기타,화물,남,25세,상해없음,이륜,남,29세,경상
2018031500100020,2018년 3월 15일 01시,목요일,충청남도 천안시 서북구 쌍용동,경상사고,0,0,2,0,차대차 - 정면충돌,중앙선침범,젖음/습기,비,교차로 - 교차로안,승용,여,57세,상해없음,승용,남,67세,경상
2018031500100055,2018년 3월 15일 05시,목요일,충청남도 천안시 서북구 두정동,경상사고,0,0,2,0,차대사람 - 횡단중,안전운전불이행,젖음/습기,비,단일로 - 기타,승용,남,25세,상해없음,보행자,여,23세,경상
2018031500100069,2018년 3월 15일 06시,목요일,충청남도 천안시 서북구 백석동,경상사고,0,0,1,0,차대차 - 측면충돌,기타,젖음/습기,비,교차로 - 교차로부근,승합,남,39세,상해없음,자전거,남,34세,경상
2018031500100099,2018년 3월 15일 07시,목요일,충청남도 천안시 동남구 신방동,경상사고,0,0,1,0,차대차 - 측면충돌,안전운전불이행,건조,맑음,단일로 - 기타,승용,여,48세,경상,승용,남,35세,상해없음
2018031500100204,2018년 3월 15일 10시,목요일,충청남도 천안시 서북구 직산읍,중상사고,0,1,0,0,차대차 - 측면충돌,안전거리미확보,건조,맑음,단일로 - 기타,승용,남,78세,상해없음,이륜,남,52세,중상
2018031500100315,2018년 3월 15일 14시,목요일,충청남도 천안시 서북구 와촌동,경상사고,0,0,1,0,차대차 - 측면충돌,직진우회전진행방해,건조,맑음,교차로 - 교차로안,승용,여,65세,상해없음,화물,남,81세,경상
2018031500100354,2018년 3월 15일 15시,목요일,충청남도 천안시 동남구 목천읍,경상사고,0,0,1,0,차대차 - 추돌,안전운전불이행,건조,맑음,단일로 - 기타,승용,남,81세,경상,화물,남,52세,상해없음
2018031500100405,2018년 3월 15일 17시,목요일,충청남도 천안시 서북구 두정동,경상사고,0,0,1,0,차대차 - 측면충돌,교차로운행방법위반,건조,맑음,교차로 - 교차로안,승용,남,31세,상해없음,승용,남,55세,경상
2018031500100489,2018년 3월 15일 19시,목요일,충청남도 천안시 서북구 성거읍,중상사고,0,1,0,0,차대사람 - 기타,안전운전불이행,건조,맑음,단일로 - 기타,화물,남,70세,상해없음,보행자,남,13세,중상
2018031500100532,2018년 3월 15일 20시,목요일,충청남도 천안시 서북구 입장면,경상사고,0,0,1,0,차대차 - 추돌,안전운전불이행,젖음/습기,비,단일로 - 기타,승용,남,36세,상해없음,승용,남,30세,경상
2018031500100565,2018년 3월 15일 21시,목요일,충청남도 천안시 서북구 불당동,경상사고,0,0,1,0,차대차 - 측면충돌,신호위반,건조,맑음,교차로 - 교차로안,승용,여,38세,상해없음,승용,여,28세,경상
2018031600100031,2018년 3월 16일 01시,금요일,충청남도 천안시 서북구 두정동,경상사고,0,0,1,0,차대사람 - 기타,안전운전불이행,건조,맑음,단일로 - 기타,승합,남,26세,상해없음,보행자,여,30세,경상
2018031600100074,2018년 3월 16일 07시,금요일,충청남도 천안시 서북구 입장면,중상사고,0,1,0,0,차대사람 - 횡단중,기타,건조,맑음,교차로 - 교차로안,이륜,남,47세,상해없음,보행자,여,76세,중상
2018031600100107,2018년 3월 16일 08시,금요일,충청남도 천안시 서북구 성정동,중상사고,0,1,0,0,차대차 - 기타,안전운전불이행,건조,맑음,교차로 - 교차로안,승용,남,61세,상해없음,승합,남,53세,상해없음
2018031600100108,2018년 3월 16일 08시,금요일,충청남도 천안시 서북구 신당동,중상사고,0,1,0,0,차대차 - 기타,신호위반,건조,맑음,교차로 - 교차로안,승합,남,48세,상해없음,승용,남,47세,중상
2018031600100111,2018년 3월 16일 08시,금요일,충청남도 천안시 동남구 삼룡동,경상사고,0,0,1,0,차대차 - 측면충돌,안전운전불이행,건조,맑음,단일로 - 기타,승용,여,37세,상해없음,승용,남,61세,경상
2018031600100146,2018년 3월 16일 09시,금요일,충청남도 천안시 서북구 성정동,경상사고,0,0,1,0,차대사람 - 기타,보행자보호의무위반,건조,맑음,단일로 - 기타,승용,남,30세,상해없음,보행자,여,47세,경상
2018031600100147,2018년 3월 16일 09시,금요일,충청남도 천안시 서북구 성정동,경상사고,0,0,1,0,차대차 - 측면충돌,안전운전불이행,건조,맑음,교차로 - 교차로안,승용,여,36세,상해없음,승용,남,31세,경상
2018031600100261,2018년 3월 16일 13시,금요일,충청남도 천안시 동남구 안서동,경상사고,0,0,2,0,차대차 - 측면충돌,중앙선침범,건조,맑음,단일로 - 기타,승용,여,35세,상해없음,승용,남,30세,경상
2018031600100262,2018년 3월 16일 13시,금요일,충청남도 천안시 동남구 청당동,경상사고,0,0,1,0,차대차 - 기타,안전운전불이행,건조,맑음,교차로 - 교차로부근,건설기계,남,64세,상해없음,화물,남,70세,경상
2018031600100562,2018년 3월 16일 21시,금요일,충청남도 천안시 서북구 성거읍,경상사고,0,0,1,0,차대차 - 측면충돌,신호위반,건조,맑음,교차로 - 교차로안,승용,남,63세,상해없음,승용,남,56세,경상
2018031600100591,2018년 3월 16일 22시,금요일,충청남도 천안시 서북구 두정동,중상사고,0,1,0,0,차대차 - 측면충돌,중앙선침범,건조,맑음,단일로 - 기타,승용,여,63세,상해없음,이륜,남,35세,중상
2018031600100592,2018년 3월 16일 22시,금요일,충청남도 천안시 서북구 두정동,경상사고,0,0,1,0,차대사람 - 기타,안전운전불이행,건조,맑음,단일로 - 기타,승용,남,27세,상해없음,보행자,여,18세,경상
2018031600100629,2018년 3월 16일 23시,금요일,충청남도 천안시 서북구 불당동,경상사고,0,0,1,0,차대차 - 추돌,안전운전불이행,건조,맑음,교차로 - 교차로부근,승용,남,34세,상해없음,승용,남,46세,경상
2018031600100631,2018년 3월 16일 23시,금요일,충청남도 천안시 동남구 신방동,중상사고,0,1,0,0,차대차 - 측면충돌,교차로운행방법위반,건조,맑음,교차로 - 교차로안,승용,남,38세,상해없음,원동기,남,17세,중상
2018031600100632,2018년 3월 16일 23시,금요일,충청남도 천안시 동남구 다가동,경상사고,0,0,2,0,차대차 - 추돌,안전운전불이행,건조,맑음,단일로 - 기타,승용,여,46세,상해없음,승용,남,53세,경상
2018031700100010,2018년 3월 17일 00시,토요일,충청남도 천안시 서북구 쌍용동,중상사고,0,1,0,0,차대차 - 측면충돌,중앙선침범,건조,맑음,단일로 - 기타,승용,남,25세,상해없음,이륜,남,43세,중상
2018031700100068,2018년 3월 17일 05시,토요일,충청남도 천안시 서북구 두정동,경상사고,0,0,1,0,차대차 - 추돌,안전운전불이행,건조,맑음,단일로 - 지하차도(도로)내,승용,남,47세,상해없음,화물,남,56세,경상
2018031700100134,2018년 3월 17일 09시,토요일,충청남도 천안시 서북구 성정동,경상사고,0,0,1,0,차대차 - 측면충돌,신호위반,건조,맑음,교차로 - 교차로안,승용,여,56세,상해없음,승용,여,70세,경상
2018031700100135,2018년 3월 17일 09시,토요일,충청남도 천안시 서북구 성성동,경상사고,0,0,1,0,차대차 - 측면충돌,교차로운행방법위반,건조,맑음,교차로 - 교차로안,화물,남,38세,상해없음,승용,남,40세,경상
2018031700100136,2018년 3월 17일 09시,토요일,충청남도 천안시 서북구 성환읍,경상사고,0,0,1,0,차대차 - 추돌,안전운전불이행,건조,맑음,단일로 - 기타,화물,남,53세,상해없음,승합,남,58세,경상
2018031700100137,2018년 3월 17일 09시,토요일,충청남도 천안시 동남구 신부동,중상사고,0,1,0,0,차대사람 - 길가장자리구역통행중,안전운전불이행,건조,맑음,단일로 - 기타,승용,남,26세,상해없음,보행자,여,59세,중상
2018031700100166,2018년 3월 17일 10시,토요일,충청남도 천안시 서북구 직산읍,경상사고,0,0,1,0,차대차 - 측면충돌,안전운전불이행,건조,맑음,교차로 - 교차로부근,승용,남,70세,상해없음,승용,남,35세,경상
2018031700100298,2018년 3월 17일 14시,토요일,충청남도 천안시 동남구 북면,중상사고,0,2,4,0,차대차 - 측면충돌,중앙선침범,건조,맑음,단일로 - 기타,이륜,남,37세,중상,승용,남,46세,상해없음
2018031700100324,2018년 3월 17일 15시,토요일,충청남도 천안시 서북구 성거읍,중상사고,0,1,1,0,차대차 - 측면충돌,안전운전불이행,건조,맑음,교차로 - 교차로부근,승용,여,50세,경상,승용,여,56세,중상
2018031700100416,2018년 3월 17일 17시,토요일,충청남도 천안시 동남구 원성동,경상사고,0,0,1,0,차대차 - 측면충돌,신호위반,건조,맑음,교차로 - 교차로안,승용,남,61세,상해없음,승합,남,59세,경상
2018031700100534,2018년 3월 17일 20시,토요일,충청남도 천안시 서북구 직산읍,경상사고,0,0,1,0,차대차 - 정면충돌,중앙선침범,건조,맑음,단일로 - 기타,승용,남,58세,상해없음,승용,남,44세,경상
2018031700100571,2018년 3월 17일 21시,토요일,충청남도 천안시 서북구 쌍용동,중상사고,0,1,1,0,차대차 - 측면충돌,안전운전불이행,건조,맑음,단일로 - 기타,이륜,남,16세,중상,승용,여,54세,경상
2018031700100572,2018년 3월 17일 21시,토요일,충청남도 천안시 동남구 목천읍,경상사고,0,0,6,0,차대차 - 추돌,안전운전불이행,건조,맑음,교차로 - 교차로부근,승용,남,54세,상해없음,승용,남,57세,경상
2018031800100263,2018년 3월 18일 16시,일요일,충청남도 천안시 서북구 불당동,경상사고,0,0,1,0,차대차 - 후진중충돌,안전운전불이행,건조,맑음,교차로 - 교차로부근,승용,여,49세,상해없음,이륜,남,36세,경상
2018031800100411,2018년 3월 18일 21시,일요일,충청남도 천안시 서북구 백석동,중상사고,0,1,0,0,차대차 - 추돌,안전거리미확보,젖음/습기,비,단일로 - 기타,승합,남,55세,상해없음,승용,남,59세,중상
2018031800100444,2018년 3월 18일 22시,일요일,충청남도 천안시 동남구 봉명동,경상사고,0,0,2,0,차대차 - 추돌,안전운전불이행,젖음/습기,비,단일로 - 기타,승용,여,48세,상해없음,승용,여,53세,경상
2018031800100466,2018년 3월 18일 23시,일요일,충청남도 천안시 서북구 두정동,중상사고,0,1,0,0,차대사람 - 기타,보행자보호의무위반,젖음/습기,비,교차로 - 교차로안,화물,남,49세,상해없음,보행자,남,45세,중상
2018031800100467,2018년 3월 18일 23시,일요일,충청남도 천안시 서북구 직산읍,경상사고,0,0,1,0,차대차 - 추돌,안전거리미확보,젖음/습기,비,단일로 - 기타,승용,여,45세,상해없음,승용,여,47세,경상
2018031900100004,2018년 3월 19일 00시,월요일,충청남도 천안시 서북구 차암동,경상사고,0,0,1,0,차대사람 - 차도통행중,안전운전불이행,젖음/습기,비,교차로 - 교차로안,승용,여,60세,상해없음,보행자,남,34세,경상
2018031900100079,2018년 3월 19일 07시,월요일,충청남도 천안시 동남구 구성동,중상사고,0,1,3,0,차대차 - 추돌,안전거리미확보,젖음/습기,비,기타 - 기타,승용,남,37세,경상,승용,남,30세,경상
2018031900100112,2018년 3월 19일 08시,월요일,충청남도 천안시 서북구 성정동,경상사고,0,0,1,0,차대차 - 측면충돌,직진우회전진행방해,젖음/습기,비,교차로 - 교차로안,승용,여,25세,상해없음,승용,여,45세,경상
2018031900100245,2018년 3월 19일 13시,월요일,충청남도 천안시 동남구 청수동,경상사고,0,0,1,0,차대차 - 기타,안전운전불이행,건조,맑음,단일로 - 기타,승용,남,35세,상해없음,승용,여,43세,경상
2018031900100267,2018년 3월 19일 14시,월요일,충청남도 천안시 서북구 두정동,경상사고,0,0,2,1,차대차 - 측면충돌,중앙선침범,젖음/습기,비,단일로 - 기타,원동기,남,47세,부상신고,승용,여,25세,경상
2018031900100270,2018년 3월 19일 14시,월요일,충청남도 천안시 동남구 대흥동,경상사고,0,0,2,0,차대차 - 측면충돌,중앙선침범,젖음/습기,비,단일로 - 지하차도(도로)내,승용,남,55세,상해없음,승용,남,50세,경상
2018031900100398,2018년 3월 19일 18시,월요일,충청남도 천안시 동남구 신부동,경상사고,0,0,3,0,차대차 - 기타,교차로운행방법위반,젖음/습기,비,교차로 - 교차로안,화물,남,72세,경상,승용,여,48세,경상
2018031900100486,2018년 3월 19일 20시,월요일,충청남도 천안시 서북구 성정동,경상사고,0,0,1,0,차대차 - 추돌,안전운전불이행,젖음/습기,비,교차로 - 교차로안,승용,남,38세,상해없음,이륜,남,18세,경상
2018032000100026,2018년 3월 20일 03시,화요일,충청남도 천안시 동남구 수신면,중상사고,0,1,0,0,차대차 - 추돌,안전운전불이행,젖음/습기,비,단일로 - 기타,특수,남,73세,상해없음,승용,남,48세,중상
2018032000100041,2018년 3월 20일 05시,화요일,충청남도 천안시 서북구 성정동,사망사고,1,0,0,0,차대사람 - 횡단중,안전운전불이행,건조,맑음,교차로 - 교차로부근,승용,남,37세,상해없음,보행자,남,68세,사망
2018032000100108,2018년 3월 20일 08시,화요일,충청남도 천안시 서북구 두정동,경상사고,0,0,1,0,차대사람 - 횡단중,보행자보호의무위반,건조,맑음,교차로 - 교차로안,승용,여,30세,상해없음,보행자,여,45세,경상
2018032000100264,2018년 3월 20일 13시,화요일,충청남도 천안시 동남구 영성동,경상사고,0,0,1,0,차대차 - 기타,안전운전불이행,건조,맑음,단일로 - 기타,승용,여,45세,상해없음,승용,남,79세,상해없음
2018032000100452,2018년 3월 20일 19시,화요일,충청남도 천안시 동남구 원성동,경상사고,0,0,1,0,차대차 - 추돌,안전운전불이행,건조,맑음,단일로 - 기타,승용,남,25세,상해없음,승용,여,38세,경상
2018032000100486,2018년 3월 20일 20시,화요일,충청남도 천안시 동남구 신방동,경상사고,0,0,1,0,차대차 - 측면충돌,직진우회전진행방해,건조,맑음,교차로 - 교차로안,자전거,남,12세,경상,승용,여,43세,상해없음
2018032000100487,2018년 3월 20일 20시,화요일,충청남도 천안시 동남구 신방동,경상사고,0,0,1,0,차대차 - 기타,불법유턴,건조,맑음,단일로 - 기타,승용,남,23세,상해없음,승용,여,34세,경상
2018032000100517,2018년 3월 20일 21시,화요일,충청남도 천안시 동남구 청수동,중상사고,0,2,0,0,차대사람 - 횡단중,보행자보호의무위반,건조,맑음,교차로 - 교차로부근,승합,남,77세,상해없음,보행자,남,57세,중상
2018032000100578,2018년 3월 20일 23시,화요일,충청남도 천안시 동남구 원성동,경상사고,0,0,3,0,차대차 - 측면충돌,안전운전불이행,건조,맑음,단일로 - 기타,승용,남,68세,상해없음,승용,남,33세,경상
2018032100100031,2018년 3월 21일 02시,수요일,충청남도 천안시 서북구 성정동,중상사고,0,1,1,0,차대차 - 측면충돌,직진우회전진행방해,건조,맑음,교차로 - 교차로안,이륜,남,23세,경상,승용,남,35세,상해없음
2018032100100070,2018년 3월 21일 06시,수요일,충청남도 천안시 동남구 신방동,중상사고,0,1,0,0,차대차 - 기타,안전운전불이행,건조,맑음,교차로 - 교차로안,승용,여,39세,상해없음,승용,남,57세,중상
2018032100100086,2018년 3월 21일 07시,수요일,충청남도 천안시 서북구 성정동,경상사고,0,0,1,0,차대차 - 추돌,안전운전불이행,젖음/습기,눈,교차로 - 교차로부근,승용,남,26세,상해없음,승용,남,26세,경상
2018032100100087,2018년 3월 21일 07시,수요일,충청남도 천안시 서북구 성정동,경상사고,0,0,4,0,차대차 - 측면충돌,교차로운행방법위반,젖음/습기,눈,교차로 - 교차로안,승용,남,30세,경상,승용,여,26세,경상
2018032100100200,2018년 3월 21일 11시,수요일,충청남도 천안시 동남구 성남면,중상사고,0,1,0,0,차대차 - 측면충돌,교차로운행방법위반,건조,맑음,교차로 - 교차로안,승용,남,38세,상해없음,승용,남,37세,중상
2018032100100364,2018년 3월 21일 17시,수요일,충청남도 천안시 동남구 신부동,경상사고,0,0,1,0,차대차 - 추돌,안전운전불이행,젖음/습기,흐림,단일로 - 기타,이륜,남,20세,상해없음,승용,여,44세,경상
2018032100100508,2018년 3월 21일 21시,수요일,충청남도 천안시 서북구 쌍용동,중상사고,0,1,0,0,차대사람 - 횡단중,보행자보호의무위반,젖음/습기,비,교차로 - 교차로횡단보도내,이륜,남,43세,상해없음,보행자,남,28세,중상
2018032200100026,2018년 3월 22일 02시,목요일,충청남도 천안시 동남구 원성동,중상사고,0,1,0,0,차대차 - 추돌,안전운전불이행,젖음/습기,흐림,기타 - 기타,화물,남,60세,상해없음,승용,남,49세,중상
2018032200100071,2018년 3월 22일 06시,목요일,충청남도 천안시 서북구 성정동,중상사고,0,1,0,0,차대차 - 측면충돌,안전운전불이행,젖음/습기,비,단일로 - 기타,승합,남,41세,상해없음,자전거,남,57세,중상
2018032200100343,2018년 3월 22일 15시,목요일,충청남도 천안시 서북구 성정동,중상사고,0,1,0,0,차대사람 - 횡단중,보행자보호의무위반,건조,맑음,교차로 - 교차로부근,승용,여,38세,상해없음,보행자,남,8세,중상
2018032200100567,2018년 3월 22일 22시,목요일,충청남도 천안시 서북구 두정동,중상사고,0,1,2,0,차대차 - 측면충돌,신호위반,건조,맑음,교차로 - 교차로안,이륜,남,23세,상해없음,승용,남,50세,경상
2018032300100010,2018년 3월 23일 00시,금요일,충청남도 천안시 서북구 성정동,경상사고,0,0,1,0,차대차 - 기타,안전운전불이행,건조,맑음,단일로 - 고가도로위,승용,남,68세,상해없음,승용,남,36세,경상
2018032300100116,2018년 3월 23일 08시,금요일,충청남도 천안시 서북구 성정동,중상사고,0,1,0,0,차대사람 - 기타,안전운전불이행,건조,맑음,교차로 - 교차로안,승용,남,34세,상해없음,보행자,남,70세,중상
2018032300100173,2018년 3월 23일 10시,금요일,충청남도 천안시 서북구 성정동,경상사고,0,0,1,0,차대차 - 기타,안전운전불이행,건조,맑음,단일로 - 기타,승용,남,71세,기타불명,승용,남,40세,상해없음