사고번호,사고일시,요일,시군구,사고내용,사망자수,중상자수,경상자수,부상신고자수,사고유형,법규위반,노면상태,기상상태,도로형태,가해운전자 차종,가해운전자 성별,가해운전자 연령,가해운전자 상해정도,피해운전자 차종,피해운전자 성별,피해운전자 연령,피해운전자 상해정도
2018040600100464,2018년 4월 6일 18시,금요일,충청남도 천안시 서북구 성성동,중상사고,0,1,0,0,차대차 - 기타,안전운전불이행,건조,맑음,단일로 - 기타,승용,남,55세,상해없음,이륜,남,26세,중상
2018040600100498,2018년 4월 6일 19시,금요일,충청남도 천안시 서북구 차암동,경상사고,0,0,1,0,차대차 - 측면충돌,안전운전불이행,건조,맑음,기타 - 기타,승용,남,50세,상해없음,승용,여,34세,경상
2018040600100573,2018년 4월 6일 21시,금요일,충청남도 천안시 서북구 쌍용동,경상사고,0,0,1,0,차대사람 - 차도통행중,안전운전불이행,젖음/습기,흐림,교차로 - 교차로안,승용,남,36세,상해없음,보행자,여,50세,경상
2018040600100608,2018년 4월 6일 22시,금요일,충청남도 천안시 서북구 불당동,경상사고,0,0,1,0,차대차 - 측면충돌,안전운전불이행,건조,맑음,단일로 - 기타,승용,남,49세,상해없음,원동기,남,44세,경상
2018040600100639,2018년 4월 6일 23시,금요일,충청남도 천안시 서북구 불당동,경상사고,0,0,1,0,차대차 - 측면충돌,안전운전불이행,건조,맑음,단일로 - 기타,원동기,남,22세,경상,승용,남,44세,상해없음
2018040700100156,2018년 4월 7일 09시,토요일,충청남도 천안시 서북구 성정동,중상사고,0,1,0,0,차대차 - 측면충돌,신호위반,건조,맑음,교차로 - 교차로부근,승용,여,46세,상해없음,자전거,남,77세,중상
2018040700100452,2018년 4월 7일 17시,토요일,충청남도 천안시 동남구 구성동,경상사고,0,0,1,0,차대차 - 측면충돌,직진우회전진행방해,건조,맑음,교차로 - 교차로안,승용,여,54세,상해없음,이륜,남,16세,경상
2018040700100635,2018년 4월 7일 22시,토요일,충청남도 천안시 동남구 구성동,중상사고,0,1,1,0,차대사람 - 기타,안전운전불이행,건조,맑음,단일로 - 기타,승용,남,34세,상해없음,보행자,남,52세,중상
2018040800100076,2018년 4월 8일 05시,일요일,충청남도 천안시 서북구 두정동,경상사고,0,0,1,0,차대차 - 측면충돌,안전운전불이행,건조,맑음,교차로 - 교차로안,승용,남,72세,상해없음,승용,남,72세,경상
2018040800100343,2018년 4월 8일 17시,일요일,충청남도 천안시 서북구 두정동,경상사고,0,0,1,0,차대사람 - 기타,안전운전불이행,건조,맑음,단일로 - 기타,승용,여,45세,상해없음,보행자,여,20세,경상
2018040800100381,2018년 4월 8일 18시,일요일,충청남도 천안시 동남구 목천읍,경상사고,0,0,2,0,차대차 - 측면충돌,신호위반,건조,맑음,교차로 - 교차로안,승용,여,68세,상해없음,승용,남,73세,경상
2018040800100417,2018년 4월 8일 19시,일요일,충청남도 천안시 동남구 광덕면,중상사고,0,1,1,0,차대차 - 기타,안전운전불이행,건조,맑음,단일로 - 기타,승용,남,49세,기타불명,승용,남,65세,경상
2018040800100444,2018년 4월 8일 20시,일요일,충청남도 천안시 동남구 북면,중상사고,0,1,0,0,차대사람 - 기타,안전운전불이행,건조,맑음,교차로 - 교차로부근,기타불명,기타불명,미분류,기타불명,보행자,남,18세,중상
2018040900100021,2018년 4월 9일 01시,월요일,충청남도 천안시 서북구 불당동,중상사고,0,2,0,0,차대차 - 정면충돌,신호위반,건조,맑음,교차로 - 교차로안,승용,남,24세,상해없음,승용,남,63세,중상
2018040900100022,2018년 4월 9일 01시,월요일,충청남도 천안시 서북구 두정동,경상사고,0,0,1,0,차대차 - 측면충돌,교차로운행방법위반,건조,맑음,교차로 - 교차로안,승용,남,62세,상해없음,화물,남,59세,상해없음
2018040900100027,2018년 4월 9일 02시,월요일,충청남도 천안시 서북구 두정동,경상사고,0,0,1,0,차대차 - 측면충돌,교차로운행방법위반,건조,맑음,교차로 - 교차로안,승용,남,63세,상해없음,승용,남,27세,상해없음
2018040900100043,2018년 4월 9일 05시,월요일,충청남도 천안시 동남구 원성동,중상사고,0,1,0,0,차대차 - 측면충돌,안전운전불이행,건조,맑음,교차로 - 교차로안,화물,남,60세,상해없음,이륜,남,55세,중상
2018040900100056,2018년 4월 9일 06시,월요일,충청남도 천안시 서북구 성정동,경상사고,0,0,3,0,차대차 - 정면충돌,신호위반,건조,맑음,교차로 - 교차로안,승용,여,42세,상해없음,화물,남,59세,경상
2018040900100108,2018년 4월 9일 08시,월요일,충청남도 천안시 동남구 구룡동,경상사고,0,0,2,0,차대차 - 추돌,안전거리미확보,건조,맑음,기타 - 기타,화물,남,27세,경상,승용,남,52세,경상
2018040900100217,2018년 4월 9일 11시,월요일,충청남도 천안시 동남구 광덕면,중상사고,0,2,3,0,차대차 - 추돌,안전거리미확보,건조,맑음,기타 - 기타,승합,남,57세,상해없음,특수,남,61세,상해없음
2018040900100330,2018년 4월 9일 14시,월요일,충청남도 천안시 동남구 신부동,경상사고,0,0,1,0,차대차 - 기타,안전운전불이행,건조,맑음,단일로 - 기타,화물,남,59세,상해없음,승용,남,41세,경상
2018040900100366,2018년 4월 9일 15시,월요일,충청남도 천안시 서북구 두정동,경상사고,0,0,2,0,차대차 - 추돌,안전운전불이행,건조,맑음,교차로 - 교차로부근,승용,여,42세,상해없음,승용,여,31세,경상
2018040900100367,2018년 4월 9일 15시,월요일,충청남도 천안시 서북구 성정동,경상사고,0,0,3,0,차대차 - 추돌,안전운전불이행,건조,맑음,단일로 - 기타,승용,여,51세,경상,승용,여,32세,경상
2018041000100226,2018년 4월 10일 11시,화요일,충청남도 천안시 서북구 성정동,경상사고,0,0,1,0,차대차 - 추돌,안전거리미확보,건조,맑음,교차로 - 교차로부근,승용,남,58세,상해없음,승용,남,28세,경상
2018041000100255,2018년 4월 10일 12시,화요일,충청남도 천안시 동남구 목천읍,중상사고,0,1,2,0,차대차 - 추돌,안전운전불이행,건조,맑음,기타 - 기타,화물,여,36세,상해없음,승용,남,25세,중상
2018041000100408,2018년 4월 10일 17시,화요일,충청남도 천안시 서북구 성정동,중상사고,0,1,0,0,차대차 - 추돌,안전거리미확보,건조,맑음,단일로 - 기타,승합,남,60세,상해없음,승용,남,35세,중상
2018041000100412,2018년 4월 10일 17시,화요일,충청남도 천안시 동남구 신부동,경상사고,0,0,1,1,차대차 - 측면충돌,안전거리미확보,건조,맑음,단일로 - 기타,승용,여,39세,부상신고,화물,남,47세,경상
2018041000100462,2018년 4월 10일 18시,화요일,충청남도 천안시 서북구 직산읍,중상사고,0,1,1,0,차대차 - 측면충돌,신호위반,건조,맑음,교차로 - 교차로안,화물,남,62세,상해없음,승용,남,34세,경상
2018041000100494,2018년 4월 10일 19시,화요일,충청남도 천안시 동남구 안서동,경상사고,0,0,1,0,차대사람 - 횡단중,보행자보호의무위반,건조,맑음,교차로 - 교차로안,승용,여,53세,상해없음,보행자,여,29세,경상
2018041000100618,2018년 4월 10일 22시,화요일,충청남도 천안시 서북구 두정동,중상사고,0,2,0,0,차대차 - 정면충돌,신호위반,젖음/습기,비,교차로 - 교차로안,승용,남,25세,상해없음,승용,남,34세,중상
2018041000100619,2018년 4월 10일 22시,화요일,충청남도 천안시 서북구 쌍용동,사망사고,1,0,0,0,차대차 - 측면충돌,교차로운행방법위반,젖음/습기,비,교차로 - 교차로안,승용,남,40세,상해없음,이륜,남,49세,사망
2018041000100620,2018년 4월 10일 22시,화요일,충청남도 천안시 동남구 북면,경상사고,0,0,1,0,차대차 - 추돌,안전운전불이행,건조,맑음,단일로 - 기타,승용,남,50세,상해없음,승용,남,49세,기타불명
2018041000100651,2018년 4월 10일 23시,화요일,충청남도 천안시 동남구 다가동,경상사고,0,0,1,0,차대사람 - 기타,안전운전불이행,젖음/습기,비,단일로 - 기타,화물,남,62세,상해없음,보행자,남,53세,경상
2018041000100652,2018년 4월 10일 23시,화요일,충청남도 천안시 동남구 안서동,경상사고,0,0,1,0,차대사람 - 기타,안전운전불이행,건조,맑음,교차로 - 교차로안,원동기,남,18세,상해없음,보행자,남,19세,경상
2018041100100156,2018년 4월 11일 09시,수요일,충청남도 천안시 서북구 백석동,경상사고,0,0,1,0,차대차 - 측면충돌,안전거리미확보,건조,맑음,단일로 - 기타,승용,남,70세,상해없음,화물,남,40세,상해없음
2018041100100233,2018년 4월 11일 12시,수요일,충청남도 천안시 동남구 북면,경상사고,0,0,3,0,차대차 - 측면충돌,중앙선침범,건조,맑음,단일로 - 기타,화물,남,26세,상해없음,승용,남,57세,경상
2018041100100368,2018년 4월 11일 16시,수요일,충청남도 천안시 동남구 원성동,경상사고,0,0,1,0,차대차 - 추돌,안전운전불이행,건조,맑음,단일로 - 기타,화물,남,45세,상해없음,승용,남,38세,경상
2018041100100369,2018년 4월 11일 16시,수요일,충청남도 천안시 동남구 원성동,경상사고,0,0,1,0,차대차 - 측면충돌,안전운전불이행,건조,맑음,단일로 - 기타,이륜,남,29세,경상,승용,여,31세,상해없음
2018041100100420,2018년 4월 11일 17시,수요일,충청남도 천안시 서북구 두정동,경상사고,0,0,1,0,차대차 - 기타,안전운전불이행,건조,맑음,단일로 - 기타,승용,남,26세,상해없음,자전거,남,39세,경상
2018041100100421,2018년 4월 11일 17시,수요일,충청남도 천안시 서북구 직산읍,경상사고,0,0,2,0,차대차 - 추돌,안전거리미확보,건조,맑음,단일로 - 기타,승용,남,28세,상해없음,승용,남,36세,경상
2018041100100423,2018년 4월 11일 17시,수요일,충청남도 천안시 동남구 신부동,경상사고,0,0,3,0,차대차 - 추돌,안전운전불이행,건조,맑음,단일로 - 기타,승용,여,19세,기타불명,승용,남,55세,경상
2018041100100475,2018년 4월 11일 18시,수요일,충청남도 천안시 동남구 병천면,중상사고,0,1,0,0,차대차 - 측면충돌,교차로운행방법위반,건조,맑음,교차로 - 교차로안,승용,남,46세,상해없음,자전거,남,50세,중상
2018041100100612,2018년 4월 11일 23시,수요일,충청남도 천안시 서북구 두정동,경상사고,0,0,1,0,차대사람 - 길가장자리구역통행중,안전운전불이행,건조,맑음,단일로 - 기타,승용,남,25세,상해없음,보행자,남,28세,경상
2018041200100056,2018년 4월 12일 05시,목요일,충청남도 천안시 서북구 성정동,경상사고,0,0,2,0,차대차 - 정면충돌,안전운전불이행,건조,맑음,단일로 - 기타,승용,여,25세,상해없음,승합,남,57세,기타불명
2018041200100123,2018년 4월 12일 08시,목요일,충청남도 천안시 동남구 다가동,경상사고,0,0,1,0,차량단독 - 기타,안전운전불이행,건조,맑음,단일로 - 기타,승합,남,46세,상해없음,,,,
2018041200100351,2018년 4월 12일 15시,목요일,충청남도 천안시 서북구 쌍용동,중상사고,0,1,0,0,차대차 - 측면충돌,신호위반,건조,맑음,교차로 - 교차로안,승용,남,69세,상해없음,승용,남,27세,중상
2018041200100424,2018년 4월 12일 17시,목요일,충청남도 천안시 서북구 성환읍,경상사고,0,0,1,0,차대사람 - 차도통행중,안전운전불이행,건조,맑음,교차로 - 교차로안,승용,여,40세,상해없음,보행자,여,90세 이상,경상
2018041200100554,2018년 4월 12일 20시,목요일,충청남도 천안시 서북구 직산읍,중상사고,0,1,0,0,차대차 - 측면충돌,안전운전불이행,건조,맑음,단일로 - 기타,승용,남,49세,상해없음,승용,남,56세,중상
2018041200100598,2018년 4월 12일 21시,목요일,충청남도 천안시 서북구 성성동,중상사고,0,1,0,0,차대차 - 측면충돌,신호위반,건조,맑음,교차로 - 교차로안,자전거,남,36세,중상,승용,남,47세,상해없음
2018041300100085,2018년 4월 13일 07시,금요일,충청남도 천안시 서북구 백석동,경상사고,0,0,1,0,차대차 - 측면충돌,안전운전불이행,건조,맑음,단일로 - 기타,승용,여,53세,상해없음,승용,여,29세,경상
2018041300100199,2018년 4월 13일 10시,금요일,충청남도 천안시 서북구 불당동,경상사고,0,0,1,0,차대차 - 측면충돌,안전운전불이행,건조,맑음,교차로 - 교차로안,승합,여,42세,상해없음,승용,여,39세,경상
2018041300100231,2018년 4월 13일 11시,금요일,충청남도 천안시 서북구 입장면,중상사고,0,1,2,0,차대차 - 측면충돌,직진우회전진행방해,건조,맑음,교차로 - 교차로부근,특수,남,50세,상해없음,승용,남,57세,경상
2018041300100342,2018년 4월 13일 15시,금요일,충청남도 천안시 서북구 성정동,중상사고,0,1,1,0,차대사람 - 횡단중,신호위반,건조,맑음,교차로 - 교차로안,승용,남,53세,상해없음,보행자,여,44세,경상
2018041300100343,2018년 4월 13일 15시,금요일,충청남도 천안시 동남구 신부동,중상사고,0,1,0,0,차대사람 - 기타,안전운전불이행,건조,맑음,단일로 - 기타,승용,남,43세,상해없음,보행자,여,47세,중상
2018041300100469,2018년 4월 13일 18시,금요일,충청남도 천안시 서북구 불당동,경상사고,0,0,1,0,차대차 - 추돌,안전운전불이행,건조,맑음,교차로 - 교차로안,화물,남,26세,상해없음,승용,여,41세,경상
2018041300100470,2018년 4월 13일 18시,금요일,충청남도 천안시 서북구 직산읍,경상사고,0,0,1,0,차대차 - 추돌,안전운전불이행,건조,맑음,교차로 - 교차로부근,화물,남,36세,상해없음,승용,남,48세,경상
2018041300100652,2018년 4월 13일 23시,금요일,충청남도 천안시 동남구 다가동,경상사고,0,0,1,0,차대차 - 측면충돌,신호위반,건조,맑음,교차로 - 교차로안,이륜,남,18세,상해없음,자전거,남,51세,경상
2018041400100007,2018년 4월 14일 00시,토요일,충청남도 천안시 서북구 와촌동,경상사고,0,0,2,0,차대차 - 측면충돌,교차로운행방법위반,건조,맑음,교차로 - 교차로안,승용,남,43세,상해없음,승용,여,26세,경상
2018041400100072,2018년 4월 14일 03시,토요일,충청남도 천안시 서북구 불당동,경상사고,0,0,1,0,차대차 - 기타,안전운전불이행,건조,맑음,단일로 - 기타,승용,남,25세,상해없음,승용,남,35세,경상
2018041400100085,2018년 4월 14일 04시,토요일,충청남도 천안시 동남구 신방동,경상사고,0,0,1,0,차대차 - 측면충돌,안전운전불이행,건조,맑음,교차로 - 교차로안,승용,남,27세,상해없음,승용,남,48세,경상
2018041400100117,2018년 4월 14일 06시,토요일,충청남도 천안시 서북구 성정동,경상사고,0,0,1,0,차대차 - 기타,안전운전불이행,젖음/습기,비,교차로 - 교차로부근,승용,남,42세,상해없음,승용,남,53세,경상
2018041400100119,2018년 4월 14일 06시,토요일,충청남도 천안시 동남구 목천읍,경상사고,0,0,1,0,차대차 - 추돌,안전운전불이행,젖음/습기,비,교차로 - 교차로부근,화물,남,40세,상해없음,승용,남,45세,경상
2018041400100136,2018년 4월 14일 07시,토요일,충청남도 천안시 서북구 두정동,경상사고,0,0,5,0,차대차 - 기타,안전운전불이행,젖음/습기,비,단일로 - 기타,승합,남,37세,상해없음,승용,남,22세,상해없음
2018041400100151,2018년 4월 14일 08시,토요일,충청남도 천안시 동남구 쌍용동,경상사고,0,0,1,0,차대차 - 기타,차로위반,건조,맑음,단일로 - 기타,승용,남,72세,상해없음,승용,남,38세,경상
2018041400100177,2018년 4월 14일 09시,토요일,충청남도 천안시 동남구 신부동,중상사고,0,1,0,0,차대사람 - 기타,기타,건조,맑음,단일로 - 기타,승합,남,53세,상해없음,보행자,여,62세,중상
2018041400100337,2018년 4월 14일 14시,토요일,충청남도 천안시 동남구 성남면,경상사고,0,0,1,0,차대차 - 측면충돌,신호위반,젖음/습기,흐림,교차로 - 교차로안,승용,여,55세,상해없음,승용,남,60세,경상
2018041400100370,2018년 4월 14일 15시,토요일,충청남도 천안시 동남구 신부동,경상사고,0,0,1,0,차대사람 - 기타,안전운전불이행,건조,맑음,단일로 - 기타,승용,남,58세,상해없음,보행자,남,46세,경상
2018041400100452,2018년 4월 14일 18시,토요일,충청남도 천안시 동남구 원성동,경상사고,0,0,1,0,차대사람 - 횡단중,보행자보호의무위반,건조,맑음,단일로 - 기타,승용,여,53세,상해없음,보행자,여,20세,경상
2018041400100478,2018년 4월 14일 19시,토요일,충청남도 천안시 동남구 영성동,경상사고,0,0,2,0,차대차 - 측면충돌,중앙선침범,건조,맑음,단일로 - 기타,승용,여,53세,상해없음,승용,여,27세,경상
2018041400100479,2018년 4월 14일 19시,토요일,충청남도 천안시 동남구 구성동,경상사고,0,0,1,0,차대차 - 추돌,안전운전불이행,건조,맑음,단일로 - 기타,승용,남,45세,상해없음,이륜,남,47세,경상
2018041400100504,2018년 4월 14일 20시,토요일,충청남도 천안시 서북구 성성동,경상사고,0,0,3,0,차대차 - 기타,안전거리미확보,건조,맑음,단일로 - 기타,화물,남,38세,상해없음,승용,남,41세,경상
2018041500100009,2018년 4월 15일 00시,일요일,충청남도 천안시 서북구 성거읍,중상사고,0,1,0,0,차량단독 - 기타,안전운전불이행,건조,맑음,단일로 - 기타,승용,남,22세,중상,,,,
2018041500100089,2018년 4월 15일 08시,일요일,충청남도 천안시 동남구 신부동,경상사고,0,0,3,0,차대차 - 측면충돌,안전운전불이행,건조,맑음,단일로 - 기타,승용,남,45세,상해없음,화물,남,38세,경상
2018041500100103,2018년 4월 15일 09시,일요일,충청남도 천안시 서북구 불당동,중상사고,0,1,0,0,차대사람 - 횡단중,보행자보호의무위반,건조,맑음,교차로 - 교차로횡단보도내,승합,남,50세,상해없음,보행자,여,15세,중상
2018041500100104,2018년 4월 15일 09시,일요일,충청남도 천안시 서북구 성정동,경상사고,0,0,1,0,차대차 - 측면충돌,교차로운행방법위반,건조,맑음,교차로 - 교차로안,승용,남,25세,상해없음,승용,남,40세,경상
2018041500100206,2018년 4월 15일 13시,일요일,충청남도 천안시 동남구 병천면,중상사고,0,1,0,0,차량단독 - 전도전복 - 전도,안전운전불이행,건조,맑음,교차로 - 교차로안,원동기,남,22세,상해없음,미분류,미분류,미분류,미분류
2018041500100207,2018년 4월 15일 13시,일요일,충청남도 천안시 동남구 신부동,경상사고,0,0,1,0,차대차 - 기타,차로위반,건조,맑음,교차로 - 교차로부근,승용,여,53세,상해없음,승용,남,37세,상해없음
2018041500100274,2018년 4월 15일 15시,일요일,충청남도 천안시 서북구 불당동,경상사고,0,0,1,0,차대차 - 측면충돌,안전운전불이행,건조,맑음,단일로 - 기타,승용,여,56세,상해없음,이륜,남,21세,경상
2018041500100330,2018년 4월 15일 17시,일요일,충청남도 천안시 서북구 성정동,경상사고,0,0,4,0,차대차 - 추돌,안전운전불이행,건조,맑음,단일로 - 기타,승용,남,25세,상해없음,승용,남,41세,경상
2018041500100336,2018년 4월 15일 17시,일요일,충청남도 천안시 동남구 구성동,경상사고,0,0,1,0,차대차 - 측면충돌,안전운전불이행,건조,맑음,단일로 - 기타,승용,남,24세,상해없음,화물,남,71세,경상
2018041500100373,2018년 4월 15일 18시,일요일,충청남도 천안시 동남구 원성동,경상사고,0,0,1,0,차대사람 - 횡단중,안전운전불이행,건조,맑음,교차로 - 교차로안,승용,여,58세,상해없음,보행자,남,27세,경상
2018041500100374,2018년 4월 15일 18시,일요일,충청남도 천안시 동남구 영성동,중상사고,0,1,0,0,차대차 - 정면충돌,안전운전불이행,건조,맑음,단일로 - 기타,자전거,남,16세,상해없음,자전거,남,12세,중상
2018041500100399,2018년 4월 15일 19시,일요일,충청남도 천안시 서북구 성성동,중상사고,0,1,0,0,차량단독 - 전도전복 - 전복,안전운전불이행,건조,맑음,단일로 - 기타,승용,남,46세,중상,미분류,미분류,미분류,미분류
2018041600100030,2018년 4월 16일 04시,월요일,충청남도 천안시 서북구 백석동,경상사고,0,0,4,0,차대차 - 추돌,안전운전불이행,건조,기타,교차로 - 교차로부근,승용,남,36세,상해없음,승용,남,56세,경상
2018041600100378,2018년 4월 16일 16시,월요일,충청남도 천안시 동남구 봉명동,경상사고,0,0,3,0,차대차 - 측면충돌,안전운전불이행,건조,맑음,교차로 - 교차로안,승용,여,27세,경상,승용,남,62세,상해없음
2018041600100422,2018년 4월 16일 17시,월요일,충청남도 천안시 서북구 직산읍,경상사고,0,0,2,0,차대차 - 측면충돌,교차로운행방법위반,건조,맑음,교차로 - 교차로안,승용,남,72세,경상,승용,남,30세,경상
2018041600100423,2018년 4월 16일 17시,월요일,충청남도 천안시 서북구 성성동,경상사고,0,0,2,0,차대차 - 기타,안전운전불이행,건조,맑음,단일로 - 기타,승용,남,25세,기타불명,승합,남,43세,경상
2018041600100464,2018년 4월 16일 18시,월요일,충청남도 천안시 서북구 성정동,경상사고,0,0,1,0,차대차 - 측면충돌,직진우회전진행방해,건조,맑음,교차로 - 교차로안,승용,남,66세,상해없음,승용,남,40세,경상
2018041600100530,2018년 4월 16일 20시,월요일,충청남도 천안시 서북구 직산읍,경상사고,0,0,1,0,차대차 - 측면충돌,차로위반,건조,맑음,교차로 - 교차로부근,승용,남,36세,상해없음,이륜,남,17세,경상
2018041600100531,2018년 4월 16일 20시,월요일,충청남도 천안시 서북구 불당동,경상사고,0,0,2,0,차대차 - 기타,안전운전불이행,건조,맑음,교차로 - 교차로안,승용,남,34세,상해없음,승용,남,40세,경상
2018041700100114,2018년 4월 17일 08시,화요일,충청남도 천안시 동남구 봉명동,경상사고,0,0,1,0,차대차 - 측면충돌,안전운전불이행,건조,맑음,교차로 - 교차로안,승용,여,55세,상해없음,승용,남,23세,경상
2018041700100305,2018년 4월 17일 14시,화요일,충청남도 천안시 동남구 용곡동,경상사고,0,0,1,0,차대차 - 기타,안전운전불이행,건조,맑음,단일로 - 기타,자전거,여,31세,경상,특수,남,50세,상해없음
2018041700100376,2018년 4월 17일 16시,화요일,충청남도 천안시 동남구 신방동,경상사고,0,0,2,0,차대차 - 기타,안전거리미확보,건조,맑음,단일로 - 기타,승용,남,28세,상해없음,승용,여,63세,경상
2018041700100377,2018년 4월 17일 16시,화요일,충청남도 천안시 동남구 용곡동,경상사고,0,0,1,0,차대차 - 기타,기타,건조,맑음,단일로 - 기타,승용,남,51세,상해없음,이륜,남,36세,경상
2018041700100494,2018년 4월 17일 19시,화요일,충청남도 천안시 서북구 성거읍,경상사고,0,0,1,0,차대사람 - 횡단중,안전운전불이행,건조,맑음,단일로 - 기타,승용,남,53세,상해없음,보행자,남,75세,경상
2018041700100525,2018년 4월 17일 20시,화요일,충청남도 천안시 서북구 쌍용동,경상사고,0,0,2,0,차대차 - 측면충돌,안전운전불이행,건조,맑음,교차로 - 교차로안,승용,여,40세,상해없음,승용,남,35세,경상
2018041700100557,2018년 4월 17일 21시,화요일,충청남도 천안시 서북구 백석동,경상사고,0,0,2,0,차대차 - 측면충돌,안전거리미확보,건조,맑음,교차로 - 교차로안,승용,남,56세,상해없음,승용,남,23세,상해없음
2018041700100583,2018년 4월 17일 22시,화요일,충청남도 천안시 서북구 성정동,경상사고,0,0,1,0,차대차 - 측면충돌,안전운전불이행,건조,맑음,단일로 - 기타,승용,남,46세,상해없음,승용,남,33세,경상
2018041700100601,2018년 4월 17일 23시,화요일,충청남도 천안시 서북구 쌍용동,경상사고,0,0,1,0,차대차 - 측면충돌,신호위반,건조,맑음,교차로 - 교차로안,승용,여,31세,상해없음,승용,여,39세,경상
2018041800100077,2018년 4월 18일 07시,수요일,충청남도 천안시 서북구 백석동,경상사고,0,0,1,0,차대차 - 측면충돌,교차로운행방법위반,건조,맑음,교차로 - 교차로안,승용,남,54세,상해없음,자전거,남,66세,경상
2018041800100078,2018년 4월 18일 07시,수요일,충청남도 천안시 서북구 백석동,경상사고,0,0,1,0,차대차 - 측면충돌,안전운전불이행,건조,맑음,교차로 - 교차로안,승용,남,27세,상해없음,승용,남,33세,경상
2018041800100251,2018년 4월 18일 12시,수요일,충청남도 천안시 동남구 신부동,중상사고,0,1,0,0,차대차 - 기타,안전운전불이행,건조,맑음,단일로 - 기타,이륜,남,79세,중상,화물,남,69세,상해없음
2018041800100309,2018년 4월 18일 14시,수요일,충청남도 천안시 서북구 불당동,경상사고,0,0,1,0,차대차 - 측면충돌,안전운전불이행,건조,맑음,교차로 - 교차로안,승용,남,27세,상해없음,승용,여,47세,경상
2018041800100379,2018년 4월 18일 16시,수요일,충청남도 천안시 서북구 성환읍,경상사고,0,0,1,0,차대차 - 기타,안전운전불이행,건조,맑음,교차로 - 교차로안,승용,여,51세,상해없음,승용,남,34세,경상
2018041800100471,2018년 4월 18일 18시,수요일,충청남도 천안시 동남구 신방동,경상사고,0,0,3,0,차대차 - 측면충돌,차로위반,건조,맑음,교차로 - 교차로부근,승용,남,34세,경상,승용,남,58세,경상
2018041800100503,2018년 4월 18일 19시,수요일,충청남도 천안시 동남구 구성동,경상사고,0,0,2,0,차대차 - 측면충돌,안전운전불이행,건조,맑음,단일로 - 기타,승용,남,71세,경상,승용,남,48세,경상
2018041800100504,2018년 4월 18일 19시,수요일,충청남도 천안시 동남구 목천읍,경상사고,0,0,2,0,차대차 - 추돌,안전거리미확보,건조,맑음,교차로 - 교차로안,승합,남,34세,상해없음,승용,남,73세,경상
2018041800100600,2018년 4월 18일 22시,수요일,충청남도 천안시 서북구 직산읍,경상사고,0,0,1,0,차대차 - 추돌,안전운전불이행,건조,맑음,단일로 - 기타,승용,남,33세,상해없음,승용,남,35세,경상
2018041900100040,2018년 4월 19일 02시,목요일,충청남도 천안시 서북구 두정동,경상사고,0,0,2,1,차대차 - 측면충돌,중앙선침범,건조,맑음,교차로 - 교차로부근,이륜,남,39세,부상신고,승용,남,54세,경상
2018041900100046,2018년 4월 19일 03시,목요일,충청남도 천안시 서북구 백석동,중상사고,0,1,0,0,차대차 - 추돌,안전운전불이행,건조,맑음,교차로 - 교차로부근,승용,남,47세,상해없음,승용,여,44세,중상
2018041900100049,2018년 4월 19일 04시,목요일,충청남도 천안시 서북구 성정동,경상사고,0,0,1,0,차대차 - 측면충돌,안전운전불이행,건조,맑음,단일로 - 기타,승용,남,49세,상해없음,승용,남,32세,경상
2018041900100066,2018년 4월 19일 06시,목요일,충청남도 천안시 동남구 신방동,경상사고,0,0,1,0,차대차 - 기타,교차로운행방법위반,건조,맑음,교차로 - 교차로안,승용,남,22세,상해없음,승용,남,27세,경상
2018041900100083,2018년 4월 19일 07시,목요일,충청남도 천안시 서북구 두정동,중상사고,0,1,0,0,차대차 - 측면충돌,직진우회전진행방해,건조,맑음,교차로 - 교차로안,승용,남,30세,상해없음,자전거,남,20세,중상
2018041900100214,2018년 4월 19일 11시,목요일,충청남도 천안시 서북구 성정동,경상사고,0,0,2,0,차대차 - 추돌,안전운전불이행,건조,맑음,단일로 - 고가도로위,승용,여,21세,상해없음,승용,남,27세,경상
2018041900100235,2018년 4월 19일 12시,목요일,충청남도 천안시 동남구 원성동,중상사고,0,1,0,0,차대차 - 기타,안전운전불이행,건조,맑음,단일로 - 기타,승용,남,57세,상해없음,승용,남,30세,상해없음
2018041900100469,2018년 4월 19일 18시,목요일,충청남도 천안시 서북구 쌍용동,경상사고,0,0,1,0,차대사람 - 횡단중,안전운전불이행,건조,맑음,단일로 - 기타,화물,남,54세,상해없음,보행자,여,7세,경상
2018041900100508,2018년 4월 19일 19시,목요일,충청남도 천안시 서북구 성환읍,중상사고,0,1,2,0,차대차 - 기타,안전운전불이행,건조,맑음,단일로 - 기타,승용,여,29세,중상,승용,남,32세,경상
2018042000100109,2018년 4월 20일 08시,금요일,충청남도 천안시 동남구 대흥동,사망사고,1,0,0,0,차대사람 - 기타,안전운전불이행,건조,맑음,단일로 - 기타,승용,남,34세,상해없음,보행자,여,72세,사망
2018042000100273,2018년 4월 20일 13시,금요일,충청남도 천안시 서북구 성환읍,경상사고,0,0,1,0,차대차 - 측면충돌,직진우회전진행방해,건조,맑음,교차로 - 교차로안,건설기계,남,54세,상해없음,이륜,남,83세,경상
2018042000100274,2018년 4월 20일 13시,금요일,충청남도 천안시 서북구 두정동,경상사고,0,0,1,0,차대사람 - 보도통행중,기타,건조,맑음,단일로 - 기타,화물,남,20세,상해없음,보행자,여,7세,경상