사고번호,사고일시,요일,시군구,사고내용,사망자수,중상자수,경상자수,부상신고자수,사고유형,법규위반,노면상태,기상상태,도로형태,가해운전자 차종,가해운전자 성별,가해운전자 연령,가해운전자 상해정도,피해운전자 차종,피해운전자 성별,피해운전자 연령,피해운전자 상해정도
2018070800100007,2018년 7월 8일 00시,일요일,충청남도 천안시 서북구 성정동,경상사고,0,0,1,0,차대사람 - 횡단중,안전운전불이행,건조,맑음,단일로 - 기타,승용,남,20세,상해없음,보행자,여,24세,경상
2018070800100025,2018년 7월 8일 01시,일요일,충청남도 천안시 서북구 성정동,경상사고,0,0,1,0,차대차 - 추돌,신호위반,건조,맑음,교차로 - 교차로안,승용,남,30세,상해없음,승용,남,65세,경상
2018070800100026,2018년 7월 8일 01시,일요일,충청남도 천안시 서북구 두정동,경상사고,0,0,2,0,차대사람 - 차도통행중,안전운전불이행,건조,맑음,교차로 - 교차로안,승용,남,33세,상해없음,보행자,남,26세,경상
2018070800100027,2018년 7월 8일 01시,일요일,충청남도 천안시 서북구 백석동,경상사고,0,0,1,0,차대차 - 측면충돌,안전운전불이행,건조,맑음,교차로 - 교차로안,승용,남,26세,상해없음,승용,남,23세,경상
2018070800100042,2018년 7월 8일 04시,일요일,충청남도 천안시 서북구 백석동,경상사고,0,0,1,0,차대차 - 측면충돌,교차로운행방법위반,건조,맑음,교차로 - 교차로안,승용,남,23세,상해없음,승용,남,51세,경상
2018070800100176,2018년 7월 8일 13시,일요일,충청남도 천안시 서북구 두정동,경상사고,0,0,1,0,차대사람 - 기타,안전운전불이행,건조,맑음,교차로 - 교차로부근,승용,여,45세,상해없음,보행자,여,27세,경상
2018070800100177,2018년 7월 8일 13시,일요일,충청남도 천안시 동남구 원성동,경상사고,0,0,1,0,차대차 - 추돌,안전운전불이행,건조,맑음,단일로 - 기타,승용,남,51세,상해없음,승용,여,57세,경상
2018070800100203,2018년 7월 8일 14시,일요일,충청남도 천안시 서북구 두정동,경상사고,0,0,1,0,차대차 - 측면충돌,안전운전불이행,건조,맑음,교차로 - 교차로부근,승용,남,55세,상해없음,승용,남,38세,경상
2018070800100235,2018년 7월 8일 15시,일요일,충청남도 천안시 서북구 직산읍,중상사고,0,1,3,0,차대차 - 추돌,안전운전불이행,건조,맑음,단일로 - 기타,승용,여,25세,상해없음,승용,남,31세,중상
2018070800100275,2018년 7월 8일 16시,일요일,충청남도 천안시 동남구 광덕면,경상사고,0,0,2,0,차대차 - 측면충돌,안전운전불이행,건조,맑음,단일로 - 기타,화물,남,54세,상해없음,승용,남,28세,경상
2018070800100307,2018년 7월 8일 17시,일요일,충청남도 천안시 서북구 성정동,경상사고,0,0,1,0,차대차 - 측면충돌,교차로운행방법위반,건조,맑음,교차로 - 교차로안,승용,남,32세,상해없음,승용,남,49세,경상
2018070800100336,2018년 7월 8일 18시,일요일,충청남도 천안시 동남구 신방동,경상사고,0,0,4,0,차대차 - 측면충돌,안전운전불이행,건조,맑음,교차로 - 교차로안,화물,여,44세,경상,승용,여,34세,경상
2018070900100383,2018년 7월 9일 18시,월요일,충청남도 천안시 서북구 불당동,경상사고,0,0,1,0,차대차 - 측면충돌,안전운전불이행,건조,맑음,교차로 - 교차로안,승용,남,32세,상해없음,원동기,남,33세,경상
2018071000100074,2018년 7월 10일 06시,화요일,충청남도 천안시 서북구 두정동,중상사고,0,1,0,0,차대차 - 기타,안전운전불이행,건조,맑음,단일로 - 기타,승용,남,38세,상해없음,승합,남,42세,상해없음
2018071000100222,2018년 7월 10일 12시,화요일,충청남도 천안시 동남구 청당동,경상사고,0,0,2,0,차대차 - 기타,안전운전불이행,건조,맑음,단일로 - 기타,승용,남,59세,상해없음,승용,남,35세,경상
2018071000100253,2018년 7월 10일 13시,화요일,충청남도 천안시 동남구 병천면,중상사고,0,2,0,0,차대차 - 측면충돌,중앙선침범,건조,맑음,단일로 - 기타,승용,남,53세,중상,화물,남,39세,중상
2018071000100324,2018년 7월 10일 15시,화요일,충청남도 천안시 동남구 원성동,중상사고,0,1,0,0,차대차 - 측면충돌,안전운전불이행,건조,맑음,교차로 - 교차로안,승용,여,55세,상해없음,이륜,남,36세,중상
2018071000100569,2018년 7월 10일 22시,화요일,충청남도 천안시 동남구 신부동,경상사고,0,0,1,0,차대차 - 기타,안전운전불이행,건조,맑음,단일로 - 기타,승용,남,45세,상해없음,승용,여,29세,경상
2018071100100007,2018년 7월 11일 00시,수요일,충청남도 천안시 서북구 불당동,경상사고,0,0,1,0,차대차 - 추돌,안전운전불이행,건조,맑음,교차로 - 교차로부근,승용,남,41세,상해없음,승용,여,50세,경상
2018071100100223,2018년 7월 11일 11시,수요일,충청남도 천안시 동남구 풍세면,중상사고,0,2,0,0,차대차 - 기타,교차로운행방법위반,건조,맑음,교차로 - 교차로안,화물,남,59세,중상,승용,여,71세,중상
2018071100100460,2018년 7월 11일 18시,수요일,충청남도 천안시 서북구 성정동,경상사고,0,0,1,1,차대차 - 측면충돌,교차로운행방법위반,건조,맑음,교차로 - 교차로안,화물,남,49세,부상신고,승용,남,60세,경상
2018071100100462,2018년 7월 11일 18시,수요일,충청남도 천안시 동남구 수신면,사망사고,1,1,0,0,차대차 - 측면충돌,안전운전불이행,건조,맑음,교차로 - 교차로부근,이륜,남,74세,사망,화물,여,62세,중상
2018071100100463,2018년 7월 11일 18시,수요일,충청남도 천안시 동남구 청당동,경상사고,0,0,1,0,차대차 - 측면충돌,신호위반,건조,맑음,교차로 - 교차로안,특수,남,31세,상해없음,승용,남,38세,경상
2018071100100543,2018년 7월 11일 20시,수요일,충청남도 천안시 서북구 쌍용동,경상사고,0,0,5,0,차대차 - 측면충돌,직진우회전진행방해,건조,맑음,교차로 - 교차로안,승용,여,51세,상해없음,승용,여,39세,경상
2018071100100544,2018년 7월 11일 20시,수요일,충청남도 천안시 동남구 목천읍,중상사고,0,1,0,0,차대차 - 추돌,안전운전불이행,건조,맑음,교차로 - 교차로안,이륜,남,64세,중상,승용,여,48세,상해없음
2018071100100575,2018년 7월 11일 21시,수요일,충청남도 천안시 서북구 두정동,경상사고,0,0,1,0,차대사람 - 기타,안전운전불이행,건조,맑음,단일로 - 기타,승용,남,38세,상해없음,보행자,여,46세,경상
2018071100100576,2018년 7월 11일 21시,수요일,충청남도 천안시 서북구 쌍용동,경상사고,0,0,1,0,차대차 - 측면충돌,안전운전불이행,건조,맑음,교차로 - 교차로안,승용,남,50세,상해없음,승용,남,57세,경상
2018071100100595,2018년 7월 11일 22시,수요일,충청남도 천안시 서북구 직산읍,경상사고,0,0,2,0,차대차 - 정면충돌,중앙선침범,건조,맑음,단일로 - 기타,승용,남,30세,상해없음,승용,여,54세,경상
2018071100100596,2018년 7월 11일 22시,수요일,충청남도 천안시 서북구 쌍용동,경상사고,0,0,2,0,차대차 - 추돌,안전운전불이행,건조,맑음,단일로 - 기타,승용,남,51세,상해없음,승용,남,26세,경상
2018071200100018,2018년 7월 12일 00시,목요일,충청남도 천안시 서북구 성정동,경상사고,0,0,2,0,차대차 - 추돌,안전운전불이행,건조,맑음,교차로 - 교차로부근,승용,남,29세,상해없음,승용,여,35세,경상
2018071200100019,2018년 7월 12일 00시,목요일,충청남도 천안시 서북구 백석동,중상사고,0,1,1,0,차대차 - 추돌,안전운전불이행,건조,맑음,교차로 - 교차로안,승용,남,45세,상해없음,승용,남,31세,중상
2018071200100048,2018년 7월 12일 03시,목요일,충청남도 천안시 서북구 성정동,경상사고,0,0,3,0,차대차 - 기타,안전운전불이행,건조,맑음,단일로 - 기타,승용,남,34세,상해없음,승용,남,30세,경상
2018071200100089,2018년 7월 12일 07시,목요일,충청남도 천안시 동남구 광덕면,경상사고,0,0,1,0,차대차 - 추돌,안전운전불이행,건조,맑음,교차로 - 교차로부근,승용,남,25세,상해없음,승용,남,50세,경상
2018071200100383,2018년 7월 12일 16시,목요일,충청남도 천안시 서북구 백석동,중상사고,0,1,0,0,차대차 - 추돌,안전운전불이행,건조,맑음,교차로 - 교차로부근,승용,남,50세,기타불명,승용,남,38세,중상
2018071200100499,2018년 7월 12일 19시,목요일,충청남도 천안시 서북구 성성동,경상사고,0,0,1,0,차대차 - 추돌,안전운전불이행,건조,맑음,단일로 - 기타,승용,남,39세,상해없음,승용,남,63세,경상
2018071200100557,2018년 7월 12일 21시,목요일,충청남도 천안시 서북구 성거읍,중상사고,0,1,2,0,차대차 - 기타,안전운전불이행,건조,맑음,교차로 - 교차로부근,승용,남,32세,기타불명,승용,여,24세,경상
2018071300100007,2018년 7월 13일 00시,금요일,충청남도 천안시 동남구 신방동,경상사고,0,0,1,0,차대차 - 측면충돌,안전운전불이행,건조,맑음,주차장 - 주차장,승용,남,34세,경상,승용,남,42세,기타불명
2018071300100170,2018년 7월 13일 09시,금요일,충청남도 천안시 서북구 성환읍,경상사고,0,0,3,0,차대차 - 추돌,안전운전불이행,건조,맑음,교차로 - 교차로부근,승합,남,58세,상해없음,승용,여,69세,경상
2018071300100281,2018년 7월 13일 13시,금요일,충청남도 천안시 서북구 성성동,경상사고,0,0,1,0,차대차 - 측면충돌,교차로운행방법위반,건조,맑음,교차로 - 교차로안,화물,남,76세,상해없음,승합,남,62세,경상
2018071300100366,2018년 7월 13일 16시,금요일,충청남도 천안시 서북구 쌍용동,경상사고,0,0,1,0,차대차 - 측면충돌,차로위반,건조,맑음,단일로 - 기타,승용,남,46세,상해없음,이륜,남,35세,경상
2018071300100367,2018년 7월 13일 16시,금요일,충청남도 천안시 서북구 두정동,경상사고,0,0,1,0,차대차 - 측면충돌,교차로운행방법위반,건조,맑음,교차로 - 교차로안,이륜,남,16세,상해없음,승용,여,47세,상해없음
2018071300100368,2018년 7월 13일 16시,금요일,충청남도 천안시 서북구 백석동,경상사고,0,0,1,0,차대차 - 후진중충돌,안전운전불이행,건조,맑음,단일로 - 기타,승합,남,69세,상해없음,승용,남,66세,경상
2018071300100370,2018년 7월 13일 16시,금요일,충청남도 천안시 동남구 구성동,경상사고,0,0,1,0,차대차 - 측면충돌,안전운전불이행,건조,맑음,단일로 - 기타,승용,여,26세,상해없음,승용,남,49세,경상
2018071300100473,2018년 7월 13일 18시,금요일,충청남도 천안시 서북구 성정동,경상사고,0,0,1,0,차대차 - 측면충돌,안전운전불이행,건조,맑음,단일로 - 기타,승용,남,33세,상해없음,승용,남,59세,경상
2018071300100478,2018년 7월 13일 18시,금요일,충청남도 천안시 동남구 신부동,경상사고,0,0,1,0,차대차 - 측면충돌,안전거리미확보,건조,맑음,교차로 - 교차로안,승용,여,33세,기타불명,승용,여,35세,경상
2018071300100519,2018년 7월 13일 19시,금요일,충청남도 천안시 서북구 불당동,경상사고,0,0,1,0,차대사람 - 횡단중,안전운전불이행,건조,맑음,단일로 - 기타,승용,여,41세,상해없음,보행자,여,4세,경상
2018071300100520,2018년 7월 13일 19시,금요일,충청남도 천안시 서북구 성성동,경상사고,0,0,1,0,차대사람 - 횡단중,보행자보호의무위반,건조,맑음,교차로 - 교차로횡단보도내,이륜,남,43세,상해없음,보행자,남,41세,경상
2018071300100620,2018년 7월 13일 22시,금요일,충청남도 천안시 동남구 청수동,경상사고,0,0,1,0,차대사람 - 기타,안전운전불이행,건조,맑음,단일로 - 기타,승용,남,61세,상해없음,보행자,여,53세,경상
2018071300100651,2018년 7월 13일 23시,금요일,충청남도 천안시 동남구 목천읍,중상사고,0,1,0,0,차대사람 - 횡단중,안전운전불이행,건조,맑음,단일로 - 기타,승용,여,54세,상해없음,보행자,남,56세,중상
2018071400100021,2018년 7월 14일 01시,토요일,충청남도 천안시 서북구 성환읍,경상사고,0,0,2,0,차대차 - 측면충돌,안전운전불이행,건조,맑음,교차로 - 교차로부근,승용,남,47세,상해없음,승용,남,34세,경상
2018071400100038,2018년 7월 14일 02시,토요일,충청남도 천안시 서북구 성정동,경상사고,0,0,1,0,차대차 - 측면충돌,중앙선침범,건조,맑음,단일로 - 기타,승용,남,41세,상해없음,승용,남,57세,경상
2018071400100398,2018년 7월 14일 16시,토요일,충청남도 천안시 서북구 성환읍,경상사고,0,0,1,0,차대차 - 정면충돌,중앙선침범,건조,맑음,단일로 - 기타,승용,남,55세,상해없음,승용,남,44세,경상
2018071400100450,2018년 7월 14일 17시,토요일,충청남도 천안시 서북구 입장면,경상사고,0,0,1,0,차대차 - 추돌,안전운전불이행,건조,맑음,단일로 - 기타,승용,남,62세,상해없음,승용,여,41세,경상
2018071400100456,2018년 7월 14일 17시,토요일,충청남도 천안시 동남구 대흥동,중상사고,0,1,0,0,차대사람 - 횡단중,안전운전불이행,건조,맑음,단일로 - 기타,승용,남,62세,상해없음,보행자,남,56세,중상
2018071400100521,2018년 7월 14일 19시,토요일,충청남도 천안시 서북구 성환읍,경상사고,0,0,1,0,차대차 - 측면충돌,중앙선침범,건조,맑음,교차로 - 교차로부근,특수,남,45세,상해없음,승용,남,54세,경상
2018071400100553,2018년 7월 14일 20시,토요일,충청남도 천안시 서북구 직산읍,중상사고,0,1,0,0,차대사람 - 보도통행중,기타,건조,맑음,단일로 - 기타,승용,남,58세,상해없음,보행자,여,50세,중상
2018071400100644,2018년 7월 14일 23시,토요일,충청남도 천안시 서북구 불당동,중상사고,0,1,4,0,차대차 - 측면충돌,신호위반,건조,맑음,교차로 - 교차로안,승용,남,29세,경상,승용,남,58세,경상
2018071500100012,2018년 7월 15일 00시,일요일,충청남도 천안시 서북구 두정동,경상사고,0,0,1,0,차대사람 - 기타,안전운전불이행,건조,맑음,교차로 - 교차로부근,승용,남,23세,상해없음,보행자,여,30세,경상
2018071500100075,2018년 7월 15일 07시,일요일,충청남도 천안시 서북구 직산읍,중상사고,0,1,0,0,차대차 - 측면충돌,안전운전불이행,건조,맑음,단일로 - 기타,화물,남,41세,상해없음,이륜,남,62세,중상
2018071500100176,2018년 7월 15일 12시,일요일,충청남도 천안시 서북구 쌍용동,경상사고,0,0,1,0,차대차 - 측면충돌,중앙선침범,건조,맑음,교차로 - 교차로부근,원동기,여,24세,경상,승용,여,48세,상해없음
2018071500100325,2018년 7월 15일 17시,일요일,충청남도 천안시 서북구 두정동,경상사고,0,0,1,0,차대차 - 기타,안전운전불이행,건조,맑음,교차로 - 교차로안,승용,여,44세,상해없음,승용,여,33세,경상
2018071500100328,2018년 7월 15일 17시,일요일,충청남도 천안시 서북구 성거읍,중상사고,0,1,0,0,차량단독 - 공작물충돌,안전운전불이행,건조,맑음,단일로 - 기타,승용,남,23세,상해없음,,,,
2018071500100330,2018년 7월 15일 17시,일요일,충청남도 천안시 서북구 성거읍,중상사고,0,2,1,0,차대차 - 기타,안전운전불이행,건조,맑음,단일로 - 기타,승합,남,60세,상해없음,승용,남,57세,중상
2018071600100026,2018년 7월 16일 02시,월요일,충청남도 천안시 서북구 백석동,경상사고,0,0,2,0,차대차 - 측면충돌,안전거리미확보,건조,맑음,단일로 - 기타,승용,남,68세,경상,승용,남,60세,경상
2018071600100050,2018년 7월 16일 06시,월요일,충청남도 천안시 동남구 삼룡동,경상사고,0,0,1,0,차량단독 - 기타,안전운전불이행,건조,맑음,단일로 - 기타,승합,남,54세,상해없음,,,,
2018071600100118,2018년 7월 16일 08시,월요일,충청남도 천안시 동남구 목천읍,경상사고,0,0,1,0,차대차 - 측면충돌,안전운전불이행,건조,맑음,단일로 - 기타,이륜,남,76세,상해없음,승용,여,40세,경상
2018071600100257,2018년 7월 16일 12시,월요일,충청남도 천안시 동남구 청당동,경상사고,0,0,1,0,차대차 - 추돌,안전운전불이행,건조,맑음,단일로 - 기타,승용,여,32세,상해없음,승용,남,64세,경상
2018071600100286,2018년 7월 16일 13시,월요일,충청남도 천안시 서북구 불당동,경상사고,0,0,2,0,차대차 - 추돌,안전운전불이행,건조,맑음,교차로 - 교차로부근,승용,남,30세,상해없음,승용,남,38세,경상
2018071600100359,2018년 7월 16일 15시,월요일,충청남도 천안시 서북구 성거읍,중상사고,0,2,0,0,차대차 - 측면충돌,안전운전불이행,건조,맑음,교차로 - 교차로안,화물,남,55세,중상,승용,남,77세,중상
2018071600100497,2018년 7월 16일 18시,월요일,충청남도 천안시 서북구 불당동,경상사고,0,0,4,0,차대차 - 추돌,안전거리미확보,건조,맑음,단일로 - 기타,승용,남,41세,상해없음,승용,남,29세,경상
2018071600100500,2018년 7월 16일 18시,월요일,충청남도 천안시 동남구 목천읍,중상사고,0,1,0,0,차대차 - 측면충돌,신호위반,건조,맑음,교차로 - 교차로안,이륜,남,81세,중상,승용,여,57세,상해없음
2018071600100542,2018년 7월 16일 19시,월요일,충청남도 천안시 동남구 원성동,경상사고,0,0,1,0,차대차 - 측면충돌,안전운전불이행,건조,맑음,교차로 - 교차로안,자전거,남,7세,경상,승용,남,25세,상해없음
2018071700100171,2018년 7월 17일 09시,화요일,충청남도 천안시 동남구 봉명동,경상사고,0,0,1,0,차대사람 - 길가장자리구역통행중,안전운전불이행,건조,맑음,교차로 - 교차로안,승용,남,19세,상해없음,보행자,남,71세,경상
2018071700100208,2018년 7월 17일 10시,화요일,충청남도 천안시 동남구 성남면,경상사고,0,0,2,0,차대차 - 추돌,안전거리미확보,건조,맑음,교차로 - 교차로안,건설기계,남,51세,상해없음,화물,남,64세,경상
2018071700100247,2018년 7월 17일 11시,화요일,충청남도 천안시 동남구 병천면,경상사고,0,0,1,0,차대차 - 측면충돌,중앙선침범,건조,맑음,교차로 - 교차로부근,승용,남,59세,상해없음,승용,여,45세,경상
2018071700100284,2018년 7월 17일 12시,화요일,충청남도 천안시 서북구 직산읍,경상사고,0,0,1,0,차대차 - 기타,안전운전불이행,건조,맑음,교차로 - 교차로안,화물,남,45세,상해없음,승용,남,38세,경상
2018071700100569,2018년 7월 17일 19시,화요일,충청남도 천안시 동남구 원성동,경상사고,0,0,2,0,차대차 - 기타,교차로운행방법위반,건조,맑음,교차로 - 교차로안,승용,여,40세,상해없음,승용,남,54세,상해없음
2018071800100085,2018년 7월 18일 07시,수요일,충청남도 천안시 동남구 신부동,경상사고,0,0,1,0,차대사람 - 횡단중,보행자보호의무위반,건조,맑음,교차로 - 교차로안,승용,남,26세,상해없음,보행자,남,46세,경상
2018071800100127,2018년 7월 18일 08시,수요일,충청남도 천안시 서북구 성정동,경상사고,0,0,2,0,차대차 - 기타,안전운전불이행,건조,맑음,단일로 - 기타,승용,여,52세,상해없음,승합,남,47세,상해없음
2018071800100197,2018년 7월 18일 10시,수요일,충청남도 천안시 동남구 청당동,경상사고,0,0,3,0,차대차 - 측면충돌,안전운전불이행,건조,맑음,교차로 - 교차로부근,화물,남,45세,상해없음,승용,여,34세,경상
2018071800100281,2018년 7월 18일 13시,수요일,충청남도 천안시 동남구 북면,경상사고,0,0,1,0,차대차 - 추돌,안전운전불이행,건조,맑음,교차로 - 교차로부근,승용,여,47세,상해없음,승용,여,29세,경상
2018071800100388,2018년 7월 18일 16시,수요일,충청남도 천안시 동남구 다가동,경상사고,0,0,2,0,차대차 - 측면충돌,신호위반,건조,맑음,교차로 - 교차로안,승용,여,36세,경상,승용,여,37세,경상
2018071800100559,2018년 7월 18일 20시,수요일,충청남도 천안시 동남구 목천읍,중상사고,0,1,0,0,차대차 - 기타,안전운전불이행,건조,맑음,단일로 - 기타,승용,남,34세,상해없음,자전거,남,35세,중상
2018071900100129,2018년 7월 19일 08시,목요일,충청남도 천안시 동남구 원성동,중상사고,0,2,0,1,차대차 - 측면충돌,중앙선침범,건조,맑음,단일로 - 기타,승용,남,24세,상해없음,승합,남,74세,부상신고
2018071900100290,2018년 7월 19일 12시,목요일,충청남도 천안시 서북구 성거읍,경상사고,0,0,1,0,차대차 - 측면충돌,신호위반,건조,맑음,교차로 - 교차로안,이륜,남,80세,경상,승용,남,36세,상해없음
2018071900100327,2018년 7월 19일 13시,목요일,충청남도 천안시 동남구 청당동,경상사고,0,0,2,0,차대차 - 기타,안전거리미확보,건조,맑음,교차로 - 교차로안,승용,여,51세,상해없음,승용,남,48세,경상
2018071900100392,2018년 7월 19일 15시,목요일,충청남도 천안시 동남구 신부동,경상사고,0,0,3,0,차대차 - 측면충돌,안전운전불이행,건조,맑음,단일로 - 기타,승용,남,47세,상해없음,승용,남,43세,경상
2018071900100482,2018년 7월 19일 17시,목요일,충청남도 천안시 서북구 성정동,경상사고,0,0,1,0,차대차 - 측면충돌,교차로운행방법위반,건조,맑음,교차로 - 교차로안,화물,남,48세,상해없음,승용,여,66세,경상
2018071900100483,2018년 7월 19일 17시,목요일,충청남도 천안시 서북구 백석동,경상사고,0,0,1,0,차대차 - 측면충돌,신호위반,건조,맑음,교차로 - 교차로안,승용,남,29세,상해없음,승용,여,58세,경상
2018071900100484,2018년 7월 19일 17시,목요일,충청남도 천안시 서북구 성성동,경상사고,0,0,1,0,차대차 - 측면충돌,안전거리미확보,건조,맑음,교차로 - 교차로부근,승용,여,27세,상해없음,화물,남,33세,경상
2018071900100485,2018년 7월 19일 17시,목요일,충청남도 천안시 서북구 두정동,경상사고,0,0,1,0,차대차 - 측면충돌,안전거리미확보,건조,맑음,교차로 - 교차로부근,승용,여,29세,상해없음,승용,남,60세,경상
2018071900100487,2018년 7월 19일 17시,목요일,충청남도 천안시 동남구 쌍용동,경상사고,0,0,1,0,차대차 - 측면충돌,안전운전불이행,건조,맑음,단일로 - 기타,승용,남,73세,상해없음,승용,남,55세,경상
2018071900100541,2018년 7월 19일 18시,목요일,충청남도 천안시 서북구 부대동,경상사고,0,0,1,0,차대차 - 추돌,안전운전불이행,건조,맑음,교차로 - 교차로부근,승용,남,54세,상해없음,승용,남,43세,경상
2018071900100589,2018년 7월 19일 19시,목요일,충청남도 천안시 서북구 성정동,경상사고,0,0,1,0,차대차 - 추돌,안전거리미확보,건조,맑음,단일로 - 기타,승용,남,41세,상해없음,승용,남,20세,경상
2018071900100656,2018년 7월 19일 21시,목요일,충청남도 천안시 동남구 병천면,경상사고,0,0,1,0,차대차 - 기타,신호위반,건조,맑음,교차로 - 교차로안,화물,남,44세,상해없음,승용,남,36세,경상
2018071900100713,2018년 7월 19일 23시,목요일,충청남도 천안시 동남구 풍세면,경상사고,0,0,1,0,차량단독 - 공작물충돌,안전운전불이행,건조,맑음,단일로 - 기타,화물,남,24세,경상,,,,
2018072000100025,2018년 7월 20일 01시,금요일,충청남도 천안시 서북구 쌍용동,중상사고,0,1,0,0,차대사람 - 기타,안전운전불이행,건조,맑음,단일로 - 기타,승용,남,22세,상해없음,보행자,남,18세,중상
2018072000100181,2018년 7월 20일 09시,금요일,충청남도 천안시 서북구 백석동,중상사고,0,1,0,0,차대차 - 추돌,안전운전불이행,건조,맑음,단일로 - 기타,화물,남,55세,상해없음,승용,남,49세,중상
2018072000100183,2018년 7월 20일 09시,금요일,충청남도 천안시 동남구 신방동,경상사고,0,0,3,0,차대차 - 기타,교차로운행방법위반,건조,맑음,교차로 - 교차로안,승용,여,35세,경상,승용,남,26세,경상
2018072000100289,2018년 7월 20일 12시,금요일,충청남도 천안시 서북구 쌍용동,사망사고,1,0,0,0,차대사람 - 횡단중,안전운전불이행,건조,맑음,교차로 - 교차로횡단보도내,승용,여,43세,상해없음,보행자,여,76세,사망
2018072000100364,2018년 7월 20일 14시,금요일,충청남도 천안시 서북구 성거읍,중상사고,0,3,2,0,차대차 - 추돌,안전운전불이행,건조,맑음,단일로 - 기타,승용,남,48세,중상,승용,남,31세,경상
2018072000100411,2018년 7월 20일 15시,금요일,충청남도 천안시 서북구 백석동,경상사고,0,0,2,0,차대차 - 추돌,안전운전불이행,건조,맑음,교차로 - 교차로부근,승용,여,28세,상해없음,승용,여,49세,경상
2018072000100413,2018년 7월 20일 15시,금요일,충청남도 천안시 동남구 문화동,경상사고,0,0,1,0,차대차 - 기타,신호위반,건조,맑음,교차로 - 교차로안,승합,남,53세,상해없음,승합,남,54세,상해없음
2018072000100454,2018년 7월 20일 16시,금요일,충청남도 천안시 동남구 다가동,중상사고,0,3,4,0,차대차 - 기타,안전운전불이행,건조,맑음,교차로 - 교차로부근,승용,남,64세,중상,화물,남,49세,상해없음
2018072000100757,2018년 7월 20일 22시,금요일,충청남도 천안시 서북구 쌍용동,경상사고,0,0,1,0,차대차 - 측면충돌,신호위반,건조,맑음,교차로 - 교차로안,승용,여,44세,상해없음,승용,남,61세,경상
2018072000100786,2018년 7월 20일 23시,금요일,충청남도 천안시 서북구 성거읍,중상사고,0,2,0,0,차대차 - 기타,안전운전불이행,건조,맑음,단일로 - 기타,화물,남,60세,상해없음,승용,남,56세,중상
2018072100100014,2018년 7월 21일 00시,토요일,충청남도 천안시 동남구 성남면,경상사고,0,0,2,0,차대차 - 측면충돌,신호위반,건조,맑음,교차로 - 교차로안,승용,남,37세,경상,승용,남,59세,경상
2018072100100291,2018년 7월 21일 13시,토요일,충청남도 천안시 서북구 성정동,중상사고,0,1,0,0,차대차 - 측면충돌,안전운전불이행,건조,맑음,단일로 - 기타,승용,여,55세,상해없음,이륜,남,50세,중상
2018072100100334,2018년 7월 21일 14시,토요일,충청남도 천안시 동남구 다가동,경상사고,0,0,1,0,차대차 - 측면충돌,불법유턴,건조,맑음,단일로 - 기타,이륜,남,70세,경상,승용,남,45세,상해없음
2018072100100369,2018년 7월 21일 15시,토요일,충청남도 천안시 서북구 쌍용동,경상사고,0,0,1,0,차대차 - 측면충돌,신호위반,건조,맑음,교차로 - 교차로안,승용,여,56세,상해없음,화물,남,32세,경상
2018072100100397,2018년 7월 21일 16시,토요일,충청남도 천안시 동남구 원성동,경상사고,0,0,1,1,차대차 - 측면충돌,안전거리미확보,건조,맑음,단일로 - 기타,승용,여,43세,부상신고,승용,남,28세,경상
2018072100100398,2018년 7월 21일 16시,토요일,충청남도 천안시 동남구 신부동,중상사고,0,1,0,0,차대차 - 측면충돌,안전운전불이행,건조,맑음,단일로 - 기타,이륜,남,20세,중상,승용,남,23세,상해없음
2018072100100433,2018년 7월 21일 17시,토요일,충청남도 천안시 동남구 목천읍,경상사고,0,0,1,0,차대차 - 추돌,안전운전불이행,건조,맑음,단일로 - 기타,승용,남,61세,상해없음,승용,남,29세,상해없음
2018072100100538,2018년 7월 21일 20시,토요일,충청남도 천안시 동남구 유량동,경상사고,0,0,1,0,차대차 - 기타,안전운전불이행,건조,맑음,단일로 - 기타,승용,여,57세,상해없음,승용,남,30세,경상
2018072200100038,2018년 7월 22일 02시,일요일,충청남도 천안시 서북구 두정동,경상사고,0,0,2,0,차대차 - 기타,신호위반,건조,맑음,교차로 - 교차로안,승용,남,47세,경상,승용,남,22세,상해없음
2018072200100135,2018년 7월 22일 10시,일요일,충청남도 천안시 동남구 신방동,경상사고,0,0,1,0,차대차 - 추돌,안전운전불이행,건조,맑음,단일로 - 기타,승용,남,37세,상해없음,승용,여,23세,경상
2018072200100222,2018년 7월 22일 13시,일요일,충청남도 천안시 서북구 두정동,경상사고,0,0,1,0,차대차 - 추돌,안전거리미확보,건조,맑음,교차로 - 교차로안,승용,남,65세,상해없음,승용,남,48세,경상
2018072200100251,2018년 7월 22일 14시,일요일,충청남도 천안시 동남구 신부동,경상사고,0,0,3,0,차대차 - 기타,안전운전불이행,건조,맑음,단일로 - 기타,승용,남,26세,기타불명,화물,남,25세,경상
2018072200100290,2018년 7월 22일 15시,일요일,충청남도 천안시 서북구 두정동,중상사고,0,1,0,0,차대차 - 기타,중앙선침범,건조,맑음,단일로 - 기타,화물,남,40세,상해없음,이륜,남,20세,중상
2018072200100347,2018년 7월 22일 17시,일요일,충청남도 천안시 서북구 성정동,경상사고,0,0,1,0,차대차 - 기타,안전운전불이행,건조,맑음,단일로 - 기타,승용,남,57세,상해없음,승합,여,27세,상해없음