사고번호,사고일시,요일,시군구,사고내용,사망자수,중상자수,경상자수,부상신고자수,사고유형,법규위반,노면상태,기상상태,도로형태,가해운전자 차종,가해운전자 성별,가해운전자 연령,가해운전자 상해정도,피해운전자 차종,피해운전자 성별,피해운전자 연령,피해운전자 상해정도
2018082400100522,2018년 8월 24일 21시,금요일,충청남도 천안시 서북구 백석동,경상사고,0,0,1,0,차대차 - 추돌,안전운전불이행,건조,맑음,교차로 - 교차로부근,승용,남,31세,상해없음,승용,남,72세,경상
2018082400100597,2018년 8월 24일 23시,금요일,충청남도 천안시 동남구 원성동,중상사고,0,1,0,0,차대사람 - 기타,안전운전불이행,건조,맑음,단일로 - 기타,승용,남,38세,상해없음,보행자,남,50세,중상
2018082500100018,2018년 8월 25일 00시,토요일,충청남도 천안시 서북구 성정동,경상사고,0,0,1,0,차대차 - 기타,안전거리미확보,건조,맑음,교차로 - 교차로부근,기타불명,기타불명,미분류,기타불명,승용,남,67세,상해없음
2018082500100020,2018년 8월 25일 00시,토요일,충청남도 천안시 동남구 성남면,경상사고,0,0,2,0,차대차 - 추돌,안전운전불이행,건조,맑음,단일로 - 기타,승용,남,34세,상해없음,승용,남,19세,경상
2018082500100044,2018년 8월 25일 01시,토요일,충청남도 천안시 서북구 두정동,중상사고,0,1,0,0,차대사람 - 차도통행중,안전운전불이행,젖음/습기,흐림,단일로 - 기타,승용,여,27세,상해없음,보행자,여,25세,중상
2018082500100298,2018년 8월 25일 13시,토요일,충청남도 천안시 서북구 두정동,중상사고,0,1,3,0,차대차 - 추돌,안전운전불이행,건조,맑음,단일로 - 기타,승용,여,53세,상해없음,승용,여,37세,경상
2018082500100299,2018년 8월 25일 13시,토요일,충청남도 천안시 서북구 불당동,경상사고,0,0,1,1,차대차 - 추돌,안전운전불이행,젖음/습기,맑음,단일로 - 기타,승용,남,33세,상해없음,승용,여,49세,부상신고
2018082500100405,2018년 8월 25일 16시,토요일,충청남도 천안시 동남구 수신면,경상사고,0,0,7,0,차대차 - 추돌,안전운전불이행,젖음/습기,비,단일로 - 기타,승합,남,62세,상해없음,승합,여,55세,경상
2018082500100406,2018년 8월 25일 16시,토요일,충청남도 천안시 동남구 광덕면,중상사고,0,2,0,0,차대차 - 추돌,안전운전불이행,건조,맑음,단일로 - 터널,승용,남,24세,상해없음,승용,남,56세,중상
2018082500100544,2018년 8월 25일 21시,토요일,충청남도 천안시 서북구 성정동,경상사고,0,0,2,0,차대차 - 추돌,안전운전불이행,건조,맑음,교차로 - 교차로안,승용,남,43세,상해없음,승용,남,31세,경상
2018082600100063,2018년 8월 26일 02시,일요일,충청남도 천안시 서북구 성정동,경상사고,0,0,3,0,차대차 - 기타,안전운전불이행,건조,맑음,교차로 - 교차로안,승용,여,23세,상해없음,승용,남,64세,경상
2018082600100103,2018년 8월 26일 05시,일요일,충청남도 천안시 서북구 신당동,경상사고,0,0,1,0,차대차 - 추돌,안전운전불이행,건조,맑음,교차로 - 교차로부근,승용,여,41세,상해없음,승용,남,41세,경상
2018082600100198,2018년 8월 26일 12시,일요일,충청남도 천안시 동남구 다가동,사망사고,1,0,0,0,차대사람 - 보도통행중,신호위반,젖음/습기,비,교차로 - 교차로횡단보도내,승용,남,58세,상해없음,보행자,여,8세,사망
2018082600100341,2018년 8월 26일 17시,일요일,충청남도 천안시 동남구 청당동,경상사고,0,0,2,0,차대차 - 추돌,안전운전불이행,건조,맑음,단일로 - 기타,승용,여,55세,상해없음,승용,여,43세,경상
2018082600100460,2018년 8월 26일 21시,일요일,충청남도 천안시 서북구 두정동,중상사고,0,1,0,0,차대사람 - 횡단중,보행자보호의무위반,젖음/습기,비,단일로 - 기타,이륜,남,20세,상해없음,보행자,여,22세,중상
2018082600100461,2018년 8월 26일 21시,일요일,충청남도 천안시 서북구 성정동,중상사고,0,1,0,0,차대사람 - 횡단중,안전운전불이행,젖음/습기,비,단일로 - 기타,승용,남,24세,상해없음,보행자,남,60세,중상
2018082600100462,2018년 8월 26일 21시,일요일,충청남도 천안시 서북구 쌍용동,경상사고,0,0,1,0,차대차 - 추돌,안전운전불이행,건조,맑음,단일로 - 기타,승용,남,35세,상해없음,승용,남,31세,경상
2018082700100078,2018년 8월 27일 06시,월요일,충청남도 천안시 서북구 불당동,경상사고,0,0,1,0,차대차 - 추돌,신호위반,건조,맑음,교차로 - 교차로안,승용,남,39세,기타불명,승용,여,52세,경상
2018082700100178,2018년 8월 27일 09시,월요일,충청남도 천안시 서북구 백석동,경상사고,0,0,2,0,차대차 - 기타,안전운전불이행,젖음/습기,비,교차로 - 교차로부근,기타불명,기타불명,미분류,기타불명,승용,남,61세,경상
2018082700100182,2018년 8월 27일 09시,월요일,충청남도 천안시 동남구 신부동,경상사고,0,0,1,0,차대차 - 측면충돌,안전운전불이행,건조,맑음,단일로 - 기타,승용,여,39세,경상,특수,남,49세,상해없음
2018082700100413,2018년 8월 27일 16시,월요일,충청남도 천안시 서북구 성정동,경상사고,0,0,1,0,차대사람 - 기타,보행자보호의무위반,건조,맑음,단일로 - 기타,승용,남,28세,상해없음,보행자,여,37세,경상
2018082700100443,2018년 8월 27일 17시,월요일,충청남도 천안시 동남구 구성동,중상사고,0,1,0,0,차대사람 - 횡단중,보행자보호의무위반,건조,맑음,단일로 - 기타,승용,여,67세,상해없음,보행자,남,10세,중상
2018082700100444,2018년 8월 27일 17시,월요일,충청남도 천안시 동남구 영성동,중상사고,0,1,0,0,차대사람 - 기타,안전운전불이행,건조,맑음,단일로 - 기타,승용,여,51세,상해없음,보행자,남,89세,중상
2018082700100490,2018년 8월 27일 18시,월요일,충청남도 천안시 서북구 차암동,경상사고,0,0,1,0,차대차 - 기타,불법유턴,건조,맑음,교차로 - 교차로안,승용,남,37세,상해없음,이륜,남,33세,경상
2018082700100491,2018년 8월 27일 18시,월요일,충청남도 천안시 서북구 쌍용동,중상사고,0,1,0,0,차대차 - 기타,안전운전불이행,젖음/습기,흐림,단일로 - 기타,승용,남,59세,상해없음,승용,여,44세,중상
2018082700100492,2018년 8월 27일 18시,월요일,충청남도 천안시 서북구 쌍용동,경상사고,0,0,1,0,차대사람 - 차도통행중,안전운전불이행,젖음/습기,흐림,교차로 - 교차로안,승합,남,20세,상해없음,보행자,여,65세,경상
2018082800100011,2018년 8월 28일 00시,화요일,충청남도 천안시 서북구 쌍용동,경상사고,0,0,1,0,차대차 - 추돌,안전거리미확보,젖음/습기,비,교차로 - 교차로부근,승용,남,40세,상해없음,승용,남,43세,경상
2018082800100031,2018년 8월 28일 02시,화요일,충청남도 천안시 서북구 불당동,경상사고,0,0,1,0,차대차 - 측면충돌,신호위반,건조,맑음,교차로 - 교차로안,승용,여,44세,상해없음,승용,남,25세,경상
2018082800100084,2018년 8월 28일 07시,화요일,충청남도 천안시 동남구 안서동,중상사고,0,1,0,0,차대차 - 측면충돌,안전운전불이행,젖음/습기,맑음,단일로 - 기타,승용,남,25세,상해없음,이륜,남,57세,중상
2018082800100285,2018년 8월 28일 14시,화요일,충청남도 천안시 서북구 입장면,사망사고,1,2,6,0,차대차 - 추돌,안전운전불이행,젖음/습기,비,단일로 - 기타,화물,남,47세,중상,승용,여,42세,중상
2018082800100313,2018년 8월 28일 15시,화요일,충청남도 천안시 서북구 두정동,경상사고,0,0,1,0,차대차 - 측면충돌,안전운전불이행,젖음/습기,흐림,교차로 - 교차로안,승용,남,35세,상해없음,이륜,남,25세,경상
2018082800100402,2018년 8월 28일 17시,화요일,충청남도 천안시 서북구 쌍용동,경상사고,0,0,1,0,차대차 - 측면충돌,신호위반,건조,맑음,교차로 - 교차로부근,승용,남,67세,상해없음,이륜,남,20세,경상
2018082800100403,2018년 8월 28일 17시,화요일,충청남도 천안시 서북구 불당동,경상사고,0,0,1,0,차대차 - 측면충돌,신호위반,건조,맑음,교차로 - 교차로안,승용,여,42세,상해없음,승용,남,39세,경상
2018082800100527,2018년 8월 28일 20시,화요일,충청남도 천안시 서북구 성환읍,경상사고,0,0,1,0,차대차 - 정면충돌,중앙선침범,건조,맑음,단일로 - 기타,승용,남,51세,상해없음,승용,남,24세,경상
2018082800100577,2018년 8월 28일 21시,화요일,충청남도 천안시 서북구 쌍용동,중상사고,0,1,0,0,차대차 - 측면충돌,신호위반,건조,맑음,교차로 - 교차로안,승용,남,36세,상해없음,승용,여,29세,중상
2018082900100009,2018년 8월 29일 00시,수요일,충청남도 천안시 서북구 성환읍,중상사고,0,1,1,0,차대차 - 정면충돌,교차로운행방법위반,건조,맑음,교차로 - 교차로안,승용,남,50세,상해없음,승용,남,53세,중상
2018082900100040,2018년 8월 29일 03시,수요일,충청남도 천안시 서북구 성정동,중상사고,0,1,0,0,차대차 - 기타,신호위반,건조,맑음,교차로 - 교차로부근,이륜,남,63세,중상,승용,여,38세,상해없음
2018082900100108,2018년 8월 29일 08시,수요일,충청남도 천안시 동남구 신부동,경상사고,0,0,2,0,차대차 - 측면충돌,안전운전불이행,건조,맑음,단일로 - 기타,승용,남,19세,경상,승용,여,26세,상해없음
2018082900100320,2018년 8월 29일 15시,수요일,충청남도 천안시 서북구 백석동,중상사고,0,1,0,0,차대차 - 측면충돌,신호위반,건조,맑음,단일로 - 기타,승용,여,50세,상해없음,자전거,남,83세,중상
2018083000100084,2018년 8월 30일 07시,목요일,충청남도 천안시 동남구 신방동,경상사고,0,0,1,0,차대차 - 측면충돌,안전운전불이행,건조,맑음,단일로 - 기타,화물,남,47세,상해없음,승용,남,42세,경상
2018083000100316,2018년 8월 30일 15시,목요일,충청남도 천안시 서북구 성거읍,중상사고,0,1,0,0,차대사람 - 기타,안전운전불이행,젖음/습기,비,교차로 - 교차로안,승용,여,33세,상해없음,보행자,여,33세,중상
2018083000100351,2018년 8월 30일 16시,목요일,충청남도 천안시 서북구 성거읍,경상사고,0,0,2,0,차대차 - 기타,안전거리미확보,젖음/습기,비,교차로 - 교차로부근,승용,여,67세,상해없음,화물,남,43세,경상
2018083000100385,2018년 8월 30일 17시,목요일,충청남도 천안시 서북구 불당동,중상사고,0,1,1,0,차대차 - 기타,안전운전불이행,건조,맑음,교차로 - 교차로안,승용,여,42세,상해없음,건설기계,남,62세,상해없음
2018083000100432,2018년 8월 30일 18시,목요일,충청남도 천안시 서북구 성환읍,중상사고,0,1,0,0,차대차 - 기타,불법유턴,젖음/습기,비,교차로 - 교차로부근,승용,남,44세,상해없음,승용,남,47세,중상
2018083000100433,2018년 8월 30일 18시,목요일,충청남도 천안시 동남구 신부동,경상사고,0,0,1,0,차대차 - 정면충돌,교차로운행방법위반,젖음/습기,비,교차로 - 교차로안,승용,남,61세,상해없음,이륜,남,24세,경상
2018083000100512,2018년 8월 30일 20시,목요일,충청남도 천안시 서북구 두정동,경상사고,0,0,1,0,차대차 - 기타,기타,건조,맑음,교차로 - 교차로부근,승용,여,39세,상해없음,이륜,남,54세,경상
2018083000100514,2018년 8월 30일 20시,목요일,충청남도 천안시 동남구 신방동,경상사고,0,0,2,0,차대차 - 추돌,안전운전불이행,젖음/습기,흐림,단일로 - 기타,승용,남,64세,상해없음,승용,남,29세,경상
2018083000100570,2018년 8월 30일 22시,목요일,충청남도 천안시 서북구 쌍용동,경상사고,0,0,1,0,차대차 - 기타,신호위반,건조,맑음,교차로 - 교차로안,승용,남,31세,상해없음,승용,여,58세,경상
2018083000100597,2018년 8월 30일 23시,목요일,충청남도 천안시 동남구 봉명동,중상사고,0,1,3,0,차대차 - 기타,중앙선침범,젖음/습기,비,단일로 - 기타,승용,남,36세,상해없음,승용,남,38세,상해없음
2018083100100039,2018년 8월 31일 02시,금요일,충청남도 천안시 서북구 직산읍,경상사고,0,0,2,0,차대차 - 측면충돌,안전운전불이행,젖음/습기,비,교차로 - 교차로안,승용,남,47세,상해없음,승용,남,49세,경상
2018083100100040,2018년 8월 31일 02시,금요일,충청남도 천안시 서북구 두정동,경상사고,0,0,2,0,차대차 - 기타,안전운전불이행,젖음/습기,비,단일로 - 기타,승용,남,21세,상해없음,승용,남,30세,경상
2018083100100073,2018년 8월 31일 05시,금요일,충청남도 천안시 동남구 신부동,경상사고,0,0,1,0,차대차 - 추돌,안전운전불이행,젖음/습기,비,단일로 - 기타,승용,남,37세,상해없음,화물,남,47세,경상
2018083100100100,2018년 8월 31일 07시,금요일,충청남도 천안시 동남구 목천읍,경상사고,0,0,2,0,차대차 - 측면충돌,안전운전불이행,젖음/습기,비,단일로 - 기타,승용,여,44세,상해없음,승용,남,38세,경상
2018083100100122,2018년 8월 31일 08시,금요일,충청남도 천안시 서북구 성성동,경상사고,0,0,1,0,차대차 - 측면충돌,신호위반,젖음/습기,비,교차로 - 교차로안,승용,남,28세,상해없음,승용,여,46세,경상
2018083100100188,2018년 8월 31일 10시,금요일,충청남도 천안시 서북구 성환읍,경상사고,0,0,1,0,차대차 - 측면충돌,중앙선침범,젖음/습기,흐림,단일로 - 기타,이륜,남,76세,경상,승용,남,71세,상해없음
2018083100100343,2018년 8월 31일 15시,금요일,충청남도 천안시 동남구 신부동,경상사고,0,0,2,0,차대차 - 기타,기타,건조,맑음,단일로 - 기타,화물,남,30세,상해없음,승용,여,49세,경상
2018083100100344,2018년 8월 31일 15시,금요일,충청남도 천안시 동남구 구성동,경상사고,0,0,1,0,차대차 - 추돌,안전운전불이행,건조,맑음,기타 - 기타,화물,남,55세,상해없음,승용,남,42세,경상
2018083100100457,2018년 8월 31일 18시,금요일,충청남도 천안시 서북구 쌍용동,경상사고,0,0,1,0,차대차 - 기타,안전거리미확보,건조,맑음,단일로 - 기타,승용,남,35세,상해없음,승용,남,35세,경상
2018083100100537,2018년 8월 31일 20시,금요일,충청남도 천안시 동남구 원성동,경상사고,0,0,1,0,차대사람 - 기타,안전운전불이행,건조,맑음,단일로 - 기타,승용,남,61세,상해없음,보행자,남,53세,경상
2018083100100643,2018년 8월 31일 23시,금요일,충청남도 천안시 서북구 백석동,경상사고,0,0,2,0,차대차 - 추돌,안전운전불이행,건조,맑음,단일로 - 기타,승용,남,32세,상해없음,승용,남,36세,경상
2018090100100109,2018년 9월 1일 06시,토요일,충청남도 천안시 동남구 북면,중상사고,0,1,0,0,차대사람 - 기타,안전운전불이행,건조,맑음,단일로 - 기타,승용,남,27세,상해없음,보행자,남,71세,중상
2018090100100125,2018년 9월 1일 07시,토요일,충청남도 천안시 동남구 구성동,경상사고,0,0,1,0,차대사람 - 기타,보행자보호의무위반,건조,맑음,단일로 - 기타,승합,남,58세,상해없음,보행자,남,49세,경상
2018090100100141,2018년 9월 1일 08시,토요일,충청남도 천안시 동남구 신방동,경상사고,0,0,2,0,차대차 - 측면충돌,안전운전불이행,건조,맑음,교차로 - 교차로안,승용,남,54세,상해없음,승용,남,37세,경상
2018090100100157,2018년 9월 1일 09시,토요일,충청남도 천안시 동남구 쌍용동,중상사고,0,1,0,0,차대차 - 기타,차로위반,건조,맑음,단일로 - 기타,승용,남,35세,상해없음,승용,여,46세,중상
2018090100100249,2018년 9월 1일 12시,토요일,충청남도 천안시 서북구 직산읍,경상사고,0,0,1,0,차대차 - 측면충돌,안전운전불이행,건조,맑음,교차로 - 교차로부근,기타불명,기타불명,미분류,기타불명,승용,남,49세,경상
2018090100100320,2018년 9월 1일 14시,토요일,충청남도 천안시 동남구 신방동,경상사고,0,0,3,0,차대차 - 측면충돌,신호위반,건조,맑음,단일로 - 기타,승용,남,55세,상해없음,승용,남,51세,경상
2018090100100402,2018년 9월 1일 16시,토요일,충청남도 천안시 서북구 입장면,사망사고,1,0,0,0,차대차 - 측면충돌,안전운전불이행,건조,맑음,교차로 - 교차로안,화물,남,68세,상해없음,이륜,남,34세,사망
2018090100100443,2018년 9월 1일 17시,토요일,충청남도 천안시 서북구 두정동,경상사고,0,0,1,0,차대차 - 측면충돌,안전운전불이행,건조,맑음,교차로 - 교차로안,이륜,남,19세,상해없음,승용,남,28세,경상
2018090100100469,2018년 9월 1일 18시,토요일,충청남도 천안시 서북구 성거읍,경상사고,0,0,1,0,차대차 - 추돌,안전거리미확보,건조,맑음,교차로 - 교차로부근,승용,남,28세,상해없음,승용,남,28세,경상
2018090100100538,2018년 9월 1일 20시,토요일,충청남도 천안시 서북구 두정동,경상사고,0,0,2,0,차대차 - 측면충돌,안전운전불이행,건조,맑음,교차로 - 교차로안,승용,남,50세,기타불명,승용,여,28세,경상
2018090200100010,2018년 9월 2일 00시,일요일,충청남도 천안시 서북구 쌍용동,경상사고,0,0,1,0,차대사람 - 차도통행중,안전운전불이행,건조,맑음,단일로 - 기타,이륜,남,17세,상해없음,보행자,남,43세,경상
2018090200100040,2018년 9월 2일 02시,일요일,충청남도 천안시 서북구 두정동,중상사고,0,1,0,0,차량단독 - 기타,안전운전불이행,건조,맑음,단일로 - 기타,원동기,남,43세,중상,,,,
2018090200100042,2018년 9월 2일 02시,일요일,충청남도 천안시 동남구 신방동,중상사고,0,2,0,0,차량단독 - 공작물충돌,안전운전불이행,건조,맑음,단일로 - 기타,승용,남,28세,중상,,,,
2018090200100073,2018년 9월 2일 06시,일요일,충청남도 천안시 동남구 삼룡동,경상사고,0,0,3,0,차대차 - 기타,안전운전불이행,건조,맑음,단일로 - 기타,승용,남,56세,경상,승용,남,35세,경상
2018090200100142,2018년 9월 2일 10시,일요일,충청남도 천안시 서북구 성정동,경상사고,0,0,2,0,차대차 - 측면충돌,안전거리미확보,건조,맑음,교차로 - 교차로부근,승용,남,73세,상해없음,승용,남,32세,경상
2018090200100373,2018년 9월 2일 19시,일요일,충청남도 천안시 동남구 신부동,경상사고,0,0,3,0,차대차 - 측면충돌,중앙선침범,건조,맑음,단일로 - 기타,승용,여,31세,상해없음,승합,남,55세,경상
2018090300100024,2018년 9월 3일 04시,월요일,충청남도 천안시 서북구 성거읍,사망사고,1,0,0,0,차대사람 - 횡단중,과속,건조,맑음,교차로 - 교차로안,승용,남,56세,상해없음,보행자,여,71세,사망
2018090300100338,2018년 9월 3일 15시,월요일,충청남도 천안시 동남구 봉명동,중상사고,0,1,0,0,차대사람 - 보도통행중,보행자보호의무위반,건조,맑음,교차로 - 교차로횡단보도내,승용,여,49세,상해없음,보행자,여,72세,중상
2018090300100386,2018년 9월 3일 16시,월요일,충청남도 천안시 동남구 원성동,중상사고,0,1,0,0,차대차 - 측면충돌,교차로운행방법위반,건조,맑음,교차로 - 교차로안,승용,여,26세,상해없음,자전거,여,10세,중상
2018090300100467,2018년 9월 3일 18시,월요일,충청남도 천안시 서북구 불당동,경상사고,0,0,1,0,차대차 - 측면충돌,안전운전불이행,건조,흐림,단일로 - 기타,승용,여,40세,상해없음,승용,남,42세,경상
2018090300100468,2018년 9월 3일 18시,월요일,충청남도 천안시 서북구 차암동,중상사고,0,1,0,0,차대차 - 기타,신호위반,젖음/습기,비,교차로 - 교차로안,승합,남,56세,상해없음,이륜,남,18세,중상
2018090300100469,2018년 9월 3일 18시,월요일,충청남도 천안시 서북구 직산읍,경상사고,0,0,6,1,차대차 - 측면충돌,중앙선침범,젖음/습기,비,단일로 - 기타,승합,남,52세,상해없음,승용,남,27세,경상
2018090300100525,2018년 9월 3일 19시,월요일,충청남도 천안시 서북구 쌍용동,중상사고,0,1,0,0,차대사람 - 횡단중,신호위반,젖음/습기,비,교차로 - 교차로횡단보도내,승용,여,31세,상해없음,보행자,남,48세,중상
2018090300100570,2018년 9월 3일 20시,월요일,충청남도 천안시 서북구 불당동,경상사고,0,0,1,0,차대차 - 측면충돌,중앙선침범,젖음/습기,비,단일로 - 기타,승용,남,73세,상해없음,승용,남,46세,경상
2018090300100600,2018년 9월 3일 21시,월요일,충청남도 천안시 서북구 두정동,경상사고,0,0,1,0,차대차 - 측면충돌,안전운전불이행,젖음/습기,비,교차로 - 교차로안,승용,남,37세,상해없음,승용,남,26세,경상
2018090300100631,2018년 9월 3일 22시,월요일,충청남도 천안시 서북구 두정동,경상사고,0,0,3,0,차대차 - 정면충돌,중앙선침범,젖음/습기,비,단일로 - 기타,승용,남,42세,상해없음,승용,남,43세,경상
2018090300100666,2018년 9월 3일 23시,월요일,충청남도 천안시 서북구 쌍용동,경상사고,0,0,1,0,차대차 - 추돌,안전운전불이행,젖음/습기,비,교차로 - 교차로안,승용,남,30세,상해없음,이륜,남,33세,경상
2018090400100011,2018년 9월 4일 00시,화요일,충청남도 천안시 동남구 구성동,경상사고,0,0,1,0,차대차 - 추돌,안전운전불이행,젖음/습기,비,기타 - 기타,승용,남,43세,상해없음,화물,남,47세,경상
2018090400100106,2018년 9월 4일 08시,화요일,충청남도 천안시 서북구 쌍용동,경상사고,0,0,2,0,차대차 - 추돌,안전운전불이행,건조,맑음,단일로 - 기타,승용,남,34세,상해없음,승용,여,47세,경상
2018090400100180,2018년 9월 4일 10시,화요일,충청남도 천안시 서북구 신당동,중상사고,0,3,0,0,차대차 - 측면충돌,중앙선침범,건조,맑음,교차로 - 교차로부근,화물,남,48세,상해없음,화물,남,35세,중상
2018090400100297,2018년 9월 4일 14시,화요일,충청남도 천안시 동남구 구성동,경상사고,0,0,1,0,차대사람 - 횡단중,보행자보호의무위반,건조,맑음,교차로 - 교차로횡단보도내,승용,남,54세,상해없음,보행자,남,7세,경상
2018090400100610,2018년 9월 4일 23시,화요일,충청남도 천안시 동남구 안서동,경상사고,0,0,1,0,차대사람 - 차도통행중,안전운전불이행,건조,맑음,단일로 - 기타,승용,여,26세,상해없음,보행자,여,21세,경상
2018090500100299,2018년 9월 5일 13시,수요일,충청남도 천안시 서북구 성정동,경상사고,0,0,1,0,차대차 - 측면충돌,안전운전불이행,건조,맑음,교차로 - 교차로부근,이륜,남,32세,경상,화물,남,33세,상해없음
2018090500100329,2018년 9월 5일 14시,수요일,충청남도 천안시 동남구 영성동,중상사고,0,1,0,0,차대차 - 측면충돌,안전운전불이행,건조,맑음,단일로 - 기타,승용,여,59세,상해없음,승용,여,50세,중상
2018090500100403,2018년 9월 5일 16시,수요일,충청남도 천안시 동남구 광덕면,경상사고,0,0,1,0,차대차 - 기타,안전운전불이행,건조,맑음,교차로 - 교차로안,화물,남,60세,상해없음,개인형이동수단(PM),여,77세,경상
2018090500100625,2018년 9월 5일 21시,수요일,충청남도 천안시 서북구 성정동,경상사고,0,0,1,0,차대차 - 기타,안전거리미확보,건조,맑음,단일로 - 기타,승용,남,52세,상해없음,이륜,남,25세,경상
2018090500100680,2018년 9월 5일 23시,수요일,충청남도 천안시 서북구 성정동,경상사고,0,0,1,0,차대사람 - 기타,안전운전불이행,건조,맑음,교차로 - 교차로부근,승용,남,25세,상해없음,보행자,남,27세,경상
2018090600100099,2018년 9월 6일 08시,목요일,충청남도 천안시 서북구 불당동,경상사고,0,0,1,0,차대차 - 추돌,안전운전불이행,건조,맑음,교차로 - 교차로안,승용,남,52세,상해없음,승용,여,28세,경상
2018090600100100,2018년 9월 6일 08시,목요일,충청남도 천안시 서북구 쌍용동,경상사고,0,0,1,0,차대차 - 기타,신호위반,건조,맑음,교차로 - 교차로안,승합,남,63세,상해없음,자전거,남,48세,경상
2018090600100133,2018년 9월 6일 09시,목요일,충청남도 천안시 서북구 성정동,경상사고,0,0,2,0,차대차 - 측면충돌,중앙선침범,건조,맑음,단일로 - 기타,화물,남,55세,상해없음,승용,여,33세,경상
2018090600100135,2018년 9월 6일 09시,목요일,충청남도 천안시 동남구 동면,중상사고,0,2,0,0,차대사람 - 기타,안전운전불이행,건조,맑음,단일로 - 기타,승용,남,78세,중상,보행자,여,80세,상해없음
2018090600100304,2018년 9월 6일 15시,목요일,충청남도 천안시 동남구 신부동,중상사고,0,1,0,0,차대차 - 기타,중앙선침범,건조,맑음,단일로 - 기타,승용,남,47세,상해없음,이륜,남,24세,중상
2018090700100108,2018년 9월 7일 07시,금요일,충청남도 천안시 동남구 목천읍,중상사고,0,1,0,0,차대차 - 정면충돌,안전운전불이행,건조,맑음,교차로 - 교차로부근,승용,여,58세,상해없음,승용,남,34세,중상
2018090700100146,2018년 9월 7일 08시,금요일,충청남도 천안시 서북구 직산읍,경상사고,0,0,1,1,차대차 - 측면충돌,교차로운행방법위반,건조,맑음,교차로 - 교차로안,화물,남,33세,부상신고,승용,남,35세,경상
2018090700100301,2018년 9월 7일 12시,금요일,충청남도 천안시 서북구 쌍용동,경상사고,0,0,1,0,차대차 - 추돌,안전운전불이행,건조,맑음,교차로 - 교차로부근,승용,남,51세,상해없음,승용,남,48세,경상
2018090700100329,2018년 9월 7일 13시,금요일,충청남도 천안시 동남구 성남면,사망사고,1,0,0,0,차대사람 - 기타,안전운전불이행,건조,맑음,교차로 - 교차로부근,건설기계,남,50세,상해없음,보행자,여,49세,사망
2018090700100330,2018년 9월 7일 13시,금요일,충청남도 천안시 동남구 청당동,경상사고,0,0,1,0,차대차 - 측면충돌,안전거리미확보,건조,맑음,단일로 - 기타,화물,남,61세,상해없음,승용,여,54세,경상
2018090700100403,2018년 9월 7일 15시,금요일,충청남도 천안시 서북구 직산읍,경상사고,0,0,1,0,차대차 - 추돌,안전운전불이행,건조,맑음,단일로 - 기타,화물,남,36세,상해없음,승용,여,37세,경상
2018090700100438,2018년 9월 7일 16시,금요일,충청남도 천안시 동남구 신부동,경상사고,0,0,2,0,차대차 - 측면충돌,직진우회전진행방해,건조,맑음,교차로 - 교차로안,승용,여,39세,상해없음,이륜,남,37세,경상
2018090700100579,2018년 9월 7일 19시,금요일,충청남도 천안시 동남구 용곡동,중상사고,0,1,0,0,차대차 - 측면충돌,직진우회전진행방해,건조,맑음,교차로 - 교차로안,승용,남,58세,상해없음,승용,남,49세,중상
2018090700100705,2018년 9월 7일 23시,금요일,충청남도 천안시 서북구 불당동,경상사고,0,0,1,0,차대차 - 기타,안전운전불이행,건조,맑음,단일로 - 기타,승용,남,24세,경상,승용,남,43세,상해없음
2018090800100040,2018년 9월 8일 01시,토요일,충청남도 천안시 서북구 두정동,경상사고,0,0,1,0,차대차 - 측면충돌,안전운전불이행,건조,맑음,단일로 - 기타,이륜,남,16세,상해없음,승용,남,28세,경상
2018090800100041,2018년 9월 8일 01시,토요일,충청남도 천안시 동남구 신부동,중상사고,0,2,0,0,차량단독 - 공작물충돌,안전운전불이행,건조,맑음,단일로 - 지하차도(도로)내,이륜,남,16세,중상,,,,
2018090800100169,2018년 9월 8일 09시,토요일,충청남도 천안시 서북구 두정동,중상사고,0,1,0,0,차대차 - 기타,안전운전불이행,건조,맑음,교차로 - 교차로안,승용,여,29세,상해없음,자전거,남,59세,중상
2018090800100170,2018년 9월 8일 09시,토요일,충청남도 천안시 서북구 백석동,경상사고,0,0,1,0,차대차 - 기타,안전운전불이행,건조,맑음,교차로 - 교차로안,승용,남,25세,상해없음,승용,남,21세,경상
2018090800100202,2018년 9월 8일 10시,토요일,충청남도 천안시 서북구 신당동,경상사고,0,0,2,0,차대차 - 추돌,안전거리미확보,건조,맑음,단일로 - 기타,승용,남,28세,상해없음,승용,남,26세,경상
2018090800100203,2018년 9월 8일 10시,토요일,충청남도 천안시 서북구 입장면,중상사고,0,2,13,0,차대차 - 추돌,안전거리미확보,건조,맑음,기타 - 기타,승합,남,52세,상해없음,승합,남,53세,경상
2018090800100368,2018년 9월 8일 14시,토요일,충청남도 천안시 동남구 목천읍,경상사고,0,0,3,0,차대차 - 측면충돌,교차로운행방법위반,건조,맑음,교차로 - 교차로부근,승용,남,58세,상해없음,승용,여,46세,경상
2018090800100401,2018년 9월 8일 15시,토요일,충청남도 천안시 동남구 사직동,경상사고,0,0,1,0,차대차 - 측면충돌,안전운전불이행,건조,맑음,단일로 - 기타,승용,남,71세,상해없음,화물,남,53세,경상
2018090800100639,2018년 9월 8일 22시,토요일,충청남도 천안시 동남구 구성동,경상사고,0,0,5,0,차대차 - 기타,안전운전불이행,건조,맑음,단일로 - 기타,승용,남,54세,상해없음,승용,여,51세,경상