사고번호,사고일시,요일,시군구,사고내용,사망자수,중상자수,경상자수,부상신고자수,사고유형,법규위반,노면상태,기상상태,도로형태,가해운전자 차종,가해운전자 성별,가해운전자 연령,가해운전자 상해정도,피해운전자 차종,피해운전자 성별,피해운전자 연령,피해운전자 상해정도
2018090900100022,2018년 9월 9일 01시,일요일,충청남도 천안시 서북구 성정동,경상사고,0,0,1,0,차대차 - 측면충돌,교차로운행방법위반,건조,맑음,교차로 - 교차로안,승용,여,26세,상해없음,승용,남,43세,경상
2018090900100179,2018년 9월 9일 11시,일요일,충청남도 천안시 서북구 입장면,사망사고,1,0,0,0,차량단독 - 기타,안전운전불이행,건조,맑음,단일로 - 기타,이륜,남,37세,사망,,,,
2018090900100269,2018년 9월 9일 14시,일요일,충청남도 천안시 서북구 성정동,중상사고,0,1,0,0,차대사람 - 횡단중,안전운전불이행,건조,맑음,단일로 - 기타,승합,남,37세,상해없음,보행자,여,55세,중상
2018090900100270,2018년 9월 9일 14시,일요일,충청남도 천안시 서북구 두정동,경상사고,0,0,1,0,차대차 - 측면충돌,교차로운행방법위반,건조,맑음,교차로 - 교차로안,승용,남,29세,상해없음,원동기,남,39세,경상
2018090900100271,2018년 9월 9일 14시,일요일,충청남도 천안시 동남구 청수동,경상사고,0,0,4,0,차대차 - 추돌,안전운전불이행,건조,맑음,단일로 - 기타,화물,남,56세,상해없음,승용,여,25세,경상
2018090900100310,2018년 9월 9일 15시,일요일,충청남도 천안시 서북구 불당동,경상사고,0,0,1,0,차대차 - 측면충돌,교차로운행방법위반,건조,맑음,교차로 - 교차로안,승용,여,52세,상해없음,이륜,남,46세,경상
2018090900100341,2018년 9월 9일 16시,일요일,충청남도 천안시 동남구 신방동,경상사고,0,0,1,0,차대차 - 추돌,안전운전불이행,건조,맑음,단일로 - 기타,승용,여,33세,상해없음,승용,남,39세,상해없음
2018090900100376,2018년 9월 9일 17시,일요일,충청남도 천안시 서북구 성정동,중상사고,0,1,0,0,차대사람 - 횡단중,안전운전불이행,건조,맑음,교차로 - 교차로안,승용,남,54세,상해없음,보행자,여,66세,중상
2018090900100377,2018년 9월 9일 17시,일요일,충청남도 천안시 서북구 입장면,경상사고,0,0,6,0,차대차 - 추돌,안전운전불이행,건조,맑음,교차로 - 교차로부근,승용,남,38세,상해없음,승용,남,61세,상해없음
2018090900100514,2018년 9월 9일 22시,일요일,충청남도 천안시 동남구 신방동,중상사고,0,1,0,0,차대차 - 측면충돌,안전운전불이행,건조,맑음,교차로 - 교차로안,이륜,남,42세,중상,승용,여,28세,상해없음
2018091000100035,2018년 9월 10일 04시,월요일,충청남도 천안시 서북구 성정동,사망사고,1,0,0,0,차대사람 - 횡단중,안전운전불이행,건조,맑음,단일로 - 기타,승용,남,23세,상해없음,보행자,남,60세,사망
2018091000100369,2018년 9월 10일 14시,월요일,충청남도 천안시 서북구 두정동,중상사고,0,1,0,0,차대차 - 기타,안전운전불이행,건조,맑음,단일로 - 기타,승합,남,59세,상해없음,이륜,남,17세,상해없음
2018091000100459,2018년 9월 10일 16시,월요일,충청남도 천안시 동남구 목천읍,경상사고,0,0,3,0,차대차 - 측면충돌,직진우회전진행방해,건조,맑음,교차로 - 교차로안,승용,남,27세,경상,화물,여,52세,경상
2018091000100612,2018년 9월 10일 19시,월요일,충청남도 천안시 서북구 직산읍,경상사고,0,0,1,0,차대차 - 측면충돌,안전운전불이행,건조,맑음,교차로 - 교차로부근,이륜,남,22세,경상,승용,남,43세,상해없음
2018091000100613,2018년 9월 10일 19시,월요일,충청남도 천안시 서북구 백석동,경상사고,0,0,3,0,차대차 - 측면충돌,직진우회전진행방해,건조,맑음,교차로 - 교차로안,승용,남,28세,경상,승용,남,40세,경상
2018091000100614,2018년 9월 10일 19시,월요일,충청남도 천안시 동남구 신부동,경상사고,0,0,1,0,차대차 - 추돌,안전운전불이행,건조,맑음,단일로 - 교량,승용,여,56세,상해없음,승용,남,23세,경상
2018091100100017,2018년 9월 11일 01시,화요일,충청남도 천안시 서북구 성거읍,중상사고,0,1,0,0,차대차 - 측면충돌,중앙선침범,건조,맑음,단일로 - 기타,화물,남,38세,상해없음,승용,남,27세,중상
2018091100100079,2018년 9월 11일 07시,화요일,충청남도 천안시 동남구 풍세면,경상사고,0,0,1,0,차대차 - 측면충돌,중앙선침범,건조,맑음,단일로 - 기타,화물,남,46세,상해없음,승용,남,31세,경상
2018091100100154,2018년 9월 11일 09시,화요일,충청남도 천안시 서북구 백석동,경상사고,0,0,1,0,차대차 - 측면충돌,안전운전불이행,건조,맑음,교차로 - 교차로안,승용,여,60세,상해없음,승용,남,32세,경상
2018091100100273,2018년 9월 11일 13시,화요일,충청남도 천안시 서북구 두정동,경상사고,0,0,1,0,차대차 - 측면충돌,직진우회전진행방해,건조,맑음,교차로 - 교차로안,승용,남,19세,상해없음,승용,남,39세,경상
2018091100100307,2018년 9월 11일 14시,화요일,충청남도 천안시 서북구 성거읍,경상사고,0,0,2,0,차대차 - 추돌,안전운전불이행,건조,맑음,교차로 - 교차로부근,승용,여,58세,상해없음,승용,여,35세,경상
2018091100100333,2018년 9월 11일 15시,화요일,충청남도 천안시 동남구 영성동,경상사고,0,0,1,0,차대차 - 측면충돌,안전운전불이행,건조,맑음,교차로 - 교차로안,승용,남,64세,상해없음,이륜,남,49세,경상
2018091100100367,2018년 9월 11일 16시,화요일,충청남도 천안시 동남구 원성동,중상사고,0,1,1,0,차대차 - 측면충돌,안전운전불이행,건조,맑음,교차로 - 교차로안,화물,남,61세,상해없음,승용,여,35세,경상
2018091100100409,2018년 9월 11일 17시,화요일,충청남도 천안시 동남구 신부동,사망사고,1,0,0,0,차량단독 - 기타,안전운전불이행,건조,맑음,단일로 - 기타,이륜,남,75세,사망,,,,
2018091100100410,2018년 9월 11일 17시,화요일,충청남도 천안시 동남구 영성동,경상사고,0,0,1,0,차대사람 - 기타,안전운전불이행,건조,맑음,단일로 - 기타,승용,남,62세,상해없음,보행자,남,49세,경상
2018091200100054,2018년 9월 12일 05시,수요일,충청남도 천안시 동남구 풍세면,경상사고,0,0,2,0,차대차 - 측면충돌,신호위반,건조,맑음,교차로 - 교차로안,승용,남,71세,경상,승합,남,41세,경상
2018091200100137,2018년 9월 12일 08시,수요일,충청남도 천안시 서북구 성정동,경상사고,0,0,1,0,차대차 - 기타,안전거리미확보,건조,맑음,단일로 - 기타,승용,남,29세,상해없음,이륜,남,48세,경상
2018091200100273,2018년 9월 12일 11시,수요일,충청남도 천안시 서북구 입장면,경상사고,0,0,1,0,차대사람 - 횡단중,안전운전불이행,건조,맑음,단일로 - 기타,이륜,남,68세,상해없음,보행자,남,59세,경상
2018091200100346,2018년 9월 12일 13시,수요일,충청남도 천안시 서북구 입장면,경상사고,0,0,1,0,차대차 - 측면충돌,교차로운행방법위반,건조,맑음,교차로 - 교차로안,승용,남,73세,상해없음,승용,여,47세,경상
2018091200100349,2018년 9월 12일 13시,수요일,충청남도 천안시 동남구 광덕면,경상사고,0,0,1,0,차대차 - 측면충돌,중앙선침범,건조,맑음,단일로 - 기타,승용,남,45세,상해없음,화물,남,44세,경상
2018091200100467,2018년 9월 12일 16시,수요일,충청남도 천안시 서북구 업성동,중상사고,0,1,0,0,차대사람 - 기타,안전운전불이행,건조,맑음,단일로 - 기타,화물,남,25세,상해없음,보행자,남,36세,중상
2018091200100517,2018년 9월 12일 17시,수요일,충청남도 천안시 서북구 신당동,경상사고,0,0,1,0,차대차 - 측면충돌,신호위반,건조,맑음,교차로 - 교차로안,승용,남,54세,상해없음,화물,남,48세,경상
2018091200100572,2018년 9월 12일 18시,수요일,충청남도 천안시 서북구 성정동,경상사고,0,0,1,0,차대차 - 추돌,안전운전불이행,건조,맑음,교차로 - 교차로부근,원동기,남,32세,상해없음,원동기,남,21세,경상
2018091200100620,2018년 9월 12일 19시,수요일,충청남도 천안시 동남구 신방동,경상사고,0,0,1,0,차대차 - 기타,안전운전불이행,건조,맑음,교차로 - 교차로안,이륜,남,61세,경상,승용,남,45세,상해없음
2018091300100042,2018년 9월 13일 03시,목요일,충청남도 천안시 서북구 불당동,경상사고,0,0,1,0,차대차 - 측면충돌,중앙선침범,건조,맑음,단일로 - 기타,승용,남,37세,상해없음,승용,남,32세,경상
2018091300100089,2018년 9월 13일 07시,목요일,충청남도 천안시 동남구 성남면,경상사고,0,0,1,0,차대차 - 추돌,교차로운행방법위반,건조,맑음,교차로 - 교차로부근,이륜,여,56세,경상,화물,남,51세,상해없음
2018091300100124,2018년 9월 13일 08시,목요일,충청남도 천안시 동남구 풍세면,경상사고,0,0,2,0,차대차 - 측면충돌,중앙선침범,건조,맑음,교차로 - 교차로부근,화물,남,59세,경상,승용,남,18세,경상
2018091300100165,2018년 9월 13일 09시,목요일,충청남도 천안시 서북구 성정동,중상사고,0,1,0,0,차대차 - 기타,안전운전불이행,건조,맑음,기타 - 기타,자전거,남,24세,중상,승용,여,37세,상해없음
2018091300100353,2018년 9월 13일 15시,목요일,충청남도 천안시 서북구 성정동,경상사고,0,0,1,0,차대사람 - 기타,안전운전불이행,건조,맑음,교차로 - 교차로부근,승용,여,58세,상해없음,보행자,남,51세,경상
2018091300100354,2018년 9월 13일 15시,목요일,충청남도 천안시 동남구 용곡동,경상사고,0,0,1,0,차대사람 - 횡단중,보행자보호의무위반,건조,맑음,교차로 - 교차로횡단보도내,화물,남,49세,상해없음,보행자,여,25세,경상
2018091300100448,2018년 9월 13일 17시,목요일,충청남도 천안시 서북구 쌍용동,경상사고,0,0,1,0,차대차 - 추돌,안전운전불이행,건조,맑음,단일로 - 기타,승용,남,55세,상해없음,승용,여,29세,경상
2018091300100594,2018년 9월 13일 20시,목요일,충청남도 천안시 서북구 백석동,경상사고,0,0,1,0,차대차 - 측면충돌,교차로운행방법위반,건조,맑음,교차로 - 교차로안,승용,남,50세,상해없음,이륜,남,56세,경상
2018091300100621,2018년 9월 13일 21시,목요일,충청남도 천안시 동남구 삼룡동,중상사고,0,1,0,0,차대차 - 측면충돌,신호위반,건조,맑음,교차로 - 교차로횡단보도내,승합,남,58세,상해없음,자전거,여,76세,중상
2018091300100693,2018년 9월 13일 23시,목요일,충청남도 천안시 서북구 백석동,경상사고,0,0,1,0,차대차 - 추돌,안전운전불이행,건조,맑음,교차로 - 교차로부근,승용,여,26세,상해없음,승용,남,61세,경상
2018091300100694,2018년 9월 13일 23시,목요일,충청남도 천안시 서북구 두정동,경상사고,0,0,1,0,차대차 - 측면충돌,안전운전불이행,건조,맑음,단일로 - 기타,승용,남,23세,상해없음,승용,여,47세,경상
2018091400100116,2018년 9월 14일 07시,금요일,충청남도 천안시 서북구 두정동,경상사고,0,0,2,0,차대차 - 기타,차로위반,건조,맑음,단일로 - 기타,승용,남,27세,상해없음,승용,여,52세,경상
2018091400100148,2018년 9월 14일 08시,금요일,충청남도 천안시 동남구 신부동,경상사고,0,0,1,0,차대사람 - 기타,안전운전불이행,젖음/습기,비,단일로 - 기타,승용,남,36세,상해없음,보행자,여,11세,경상
2018091400100195,2018년 9월 14일 09시,금요일,충청남도 천안시 동남구 영성동,경상사고,0,0,1,0,차대차 - 기타,안전운전불이행,건조,맑음,단일로 - 기타,승용,남,49세,상해없음,이륜,남,67세,경상
2018091400100227,2018년 9월 14일 10시,금요일,충청남도 천안시 서북구 성정동,경상사고,0,0,3,0,차대차 - 추돌,안전운전불이행,건조,맑음,교차로 - 교차로부근,승용,남,25세,상해없음,승용,남,49세,경상
2018091400100289,2018년 9월 14일 12시,금요일,충청남도 천안시 서북구 성환읍,경상사고,0,0,3,0,차대차 - 추돌,안전거리미확보,젖음/습기,비,단일로 - 기타,승용,여,55세,상해없음,화물,남,70세,상해없음
2018091400100427,2018년 9월 14일 16시,금요일,충청남도 천안시 동남구 광덕면,중상사고,0,2,0,0,차대차 - 측면충돌,중앙선침범,건조,맑음,단일로 - 기타,승용,남,70세,상해없음,승용,여,49세,중상
2018091400100470,2018년 9월 14일 17시,금요일,충청남도 천안시 서북구 신당동,경상사고,0,0,1,0,차대차 - 추돌,안전운전불이행,젖음/습기,비,교차로 - 교차로부근,승용,남,67세,상해없음,승용,남,52세,경상
2018091400100515,2018년 9월 14일 18시,금요일,충청남도 천안시 서북구 성정동,중상사고,0,1,0,0,차대사람 - 차도통행중,안전운전불이행,건조,맑음,단일로 - 기타,이륜,남,67세,상해없음,보행자,여,74세,중상
2018091400100564,2018년 9월 14일 19시,금요일,충청남도 천안시 서북구 신당동,중상사고,0,1,0,0,차대차 - 기타,불법유턴,젖음/습기,비,교차로 - 교차로부근,이륜,남,45세,중상,승용,남,61세,상해없음
2018091400100565,2018년 9월 14일 19시,금요일,충청남도 천안시 서북구 쌍용동,경상사고,0,0,2,0,차대차 - 기타,신호위반,젖음/습기,비,교차로 - 교차로안,이륜,남,21세,경상,이륜,남,57세,경상
2018091400100569,2018년 9월 14일 19시,금요일,충청남도 천안시 동남구 삼룡동,중상사고,0,1,0,0,차대사람 - 기타,보행자보호의무위반,젖음/습기,맑음,단일로 - 기타,승용,남,52세,상해없음,보행자,남,58세,중상
2018091400100619,2018년 9월 14일 20시,금요일,충청남도 천안시 서북구 두정동,경상사고,0,0,1,0,차대사람 - 차도통행중,안전운전불이행,젖음/습기,비,단일로 - 기타,승용,남,37세,상해없음,보행자,여,37세,경상
2018091400100620,2018년 9월 14일 20시,금요일,충청남도 천안시 서북구 두정동,경상사고,0,0,1,0,차대차 - 추돌,안전거리미확보,젖음/습기,비,교차로 - 교차로부근,승용,남,38세,상해없음,승용,여,22세,경상
2018091400100622,2018년 9월 14일 20시,금요일,충청남도 천안시 동남구 신부동,경상사고,0,0,3,0,차대차 - 측면충돌,교차로운행방법위반,젖음/습기,비,교차로 - 교차로안,승용,남,76세,상해없음,화물,여,41세,경상
2018091400100668,2018년 9월 14일 21시,금요일,충청남도 천안시 서북구 두정동,중상사고,0,1,0,0,차대차 - 기타,기타,젖음/습기,비,단일로 - 기타,이륜,남,36세,중상,승합,남,20세,상해없음
2018091400100669,2018년 9월 14일 21시,금요일,충청남도 천안시 서북구 성정동,경상사고,0,0,2,0,차대차 - 추돌,안전운전불이행,젖음/습기,흐림,교차로 - 교차로부근,승용,남,28세,상해없음,승용,남,26세,경상
2018091400100708,2018년 9월 14일 22시,금요일,충청남도 천안시 동남구 청당동,경상사고,0,0,1,0,차대차 - 기타,안전운전불이행,건조,맑음,단일로 - 기타,기타불명,기타불명,미분류,기타불명,화물,남,47세,경상
2018091400100744,2018년 9월 14일 23시,금요일,충청남도 천안시 서북구 두정동,경상사고,0,0,1,0,차대사람 - 횡단중,신호위반,건조,맑음,교차로 - 교차로안,승용,남,57세,상해없음,보행자,여,33세,경상
2018091500100028,2018년 9월 15일 01시,토요일,충청남도 천안시 서북구 불당동,경상사고,0,0,1,0,차대차 - 추돌,안전운전불이행,건조,맑음,교차로 - 교차로안,승용,남,30세,상해없음,승용,남,18세,경상
2018091500100029,2018년 9월 15일 01시,토요일,충청남도 천안시 서북구 두정동,경상사고,0,0,1,0,차대차 - 추돌,안전운전불이행,건조,맑음,단일로 - 고가도로위,승용,남,35세,상해없음,화물,남,44세,경상
2018091500100203,2018년 9월 15일 10시,토요일,충청남도 천안시 서북구 성환읍,경상사고,0,0,1,0,차대사람 - 횡단중,안전운전불이행,젖음/습기,비,교차로 - 교차로안,승용,여,68세,상해없음,보행자,여,71세,경상
2018091500100464,2018년 9월 15일 17시,토요일,충청남도 천안시 서북구 백석동,경상사고,0,0,2,0,차대차 - 추돌,안전운전불이행,젖음/습기,비,단일로 - 기타,승용,남,69세,상해없음,승용,남,27세,경상
2018091500100593,2018년 9월 15일 21시,토요일,충청남도 천안시 서북구 직산읍,경상사고,0,0,1,0,차대사람 - 기타,안전운전불이행,젖음/습기,흐림,단일로 - 기타,승용,남,36세,상해없음,보행자,여,74세,경상
2018091500100594,2018년 9월 15일 21시,토요일,충청남도 천안시 서북구 두정동,경상사고,0,0,1,0,차대차 - 측면충돌,기타,건조,맑음,교차로 - 교차로부근,승용,남,70세,상해없음,원동기,남,49세,경상
2018091600100024,2018년 9월 16일 01시,일요일,충청남도 천안시 서북구 성정동,경상사고,0,0,2,0,차대차 - 측면충돌,안전운전불이행,건조,맑음,교차로 - 교차로안,화물,남,38세,상해없음,승용,남,41세,경상
2018091600100025,2018년 9월 16일 01시,일요일,충청남도 천안시 동남구 원성동,중상사고,0,1,3,0,차대차 - 측면충돌,안전운전불이행,건조,맑음,교차로 - 교차로부근,승용,남,63세,중상,승용,남,26세,경상
2018091600100093,2018년 9월 16일 06시,일요일,충청남도 천안시 서북구 쌍용동,중상사고,0,1,2,0,차대차 - 측면충돌,신호위반,건조,맑음,교차로 - 교차로안,이륜,남,18세,경상,승용,남,71세,경상
2018091600100122,2018년 9월 16일 08시,일요일,충청남도 천안시 서북구 성환읍,경상사고,0,0,1,0,차대차 - 측면충돌,신호위반,젖음/습기,비,교차로 - 교차로안,승합,남,58세,상해없음,승용,여,34세,경상
2018091600100169,2018년 9월 16일 10시,일요일,충청남도 천안시 동남구 수신면,중상사고,0,1,0,0,차대차 - 측면충돌,안전운전불이행,젖음/습기,맑음,단일로 - 기타,이륜,남,79세,중상,승용,남,38세,상해없음
2018091600100212,2018년 9월 16일 12시,일요일,충청남도 천안시 동남구 병천면,경상사고,0,0,2,0,차대차 - 추돌,안전운전불이행,건조,흐림,단일로 - 기타,승용,남,75세,상해없음,승용,남,33세,경상
2018091600100445,2018년 9월 16일 19시,일요일,충청남도 천안시 동남구 구성동,중상사고,0,1,0,0,차대차 - 측면충돌,안전운전불이행,건조,맑음,교차로 - 교차로부근,승용,여,57세,상해없음,이륜,남,51세,중상
2018091700100241,2018년 9월 17일 12시,월요일,충청남도 천안시 서북구 성환읍,경상사고,0,0,2,0,차대차 - 기타,안전거리미확보,건조,맑음,교차로 - 교차로안,화물,남,29세,상해없음,승용,남,31세,경상
2018091700100242,2018년 9월 17일 12시,월요일,충청남도 천안시 서북구 불당동,경상사고,0,0,1,0,차대차 - 기타,안전거리미확보,건조,맑음,교차로 - 교차로부근,승용,여,27세,상해없음,건설기계,남,63세,경상
2018091700100310,2018년 9월 17일 14시,월요일,충청남도 천안시 동남구 풍세면,중상사고,0,1,0,0,차대차 - 측면충돌,신호위반,건조,맑음,교차로 - 교차로안,건설기계,남,52세,상해없음,화물,남,75세,중상
2018091700100396,2018년 9월 17일 16시,월요일,충청남도 천안시 서북구 불당동,경상사고,0,0,1,0,차대차 - 기타,신호위반,건조,맑음,교차로 - 교차로안,승용,여,50세,상해없음,승용,여,37세,경상
2018091700100444,2018년 9월 17일 17시,월요일,충청남도 천안시 동남구 성남면,중상사고,0,1,1,0,차대차 - 측면충돌,안전운전불이행,건조,맑음,기타 - 기타,승용,남,40세,기타불명,화물,남,61세,중상
2018091800100138,2018년 9월 18일 08시,화요일,충청남도 천안시 동남구 성남면,중상사고,0,1,0,0,차대차 - 측면충돌,안전운전불이행,건조,맑음,단일로 - 기타,승용,여,42세,상해없음,자전거,남,68세,중상
2018091800100316,2018년 9월 18일 13시,화요일,충청남도 천안시 동남구 신방동,경상사고,0,0,1,0,차대차 - 기타,안전운전불이행,건조,맑음,교차로 - 교차로부근,자전거,남,43세,경상,화물,남,51세,상해없음
2018091800100445,2018년 9월 18일 16시,화요일,충청남도 천안시 서북구 성성동,경상사고,0,0,1,0,차대사람 - 횡단중,보행자보호의무위반,건조,맑음,교차로 - 교차로부근,승용,여,21세,상해없음,보행자,남,32세,경상
2018091800100576,2018년 9월 18일 19시,화요일,충청남도 천안시 동남구 유량동,중상사고,0,1,0,0,차대차 - 기타,교차로운행방법위반,건조,맑음,교차로 - 교차로부근,승용,남,41세,상해없음,자전거,남,72세,중상
2018091900100198,2018년 9월 19일 10시,수요일,충청남도 천안시 동남구 청당동,경상사고,0,0,2,0,차대차 - 측면충돌,신호위반,건조,맑음,교차로 - 교차로안,승용,여,34세,경상,승합,남,47세,경상
2018091900100263,2018년 9월 19일 12시,수요일,충청남도 천안시 서북구 입장면,경상사고,0,0,1,0,차대차 - 기타,안전운전불이행,건조,맑음,교차로 - 교차로안,농기계,남,70세,상해없음,이륜,남,81세,경상
2018091900100355,2018년 9월 19일 15시,수요일,충청남도 천안시 서북구 신당동,중상사고,0,1,0,0,차대사람 - 기타,안전운전불이행,건조,맑음,교차로 - 교차로안,승용,여,49세,상해없음,보행자,여,69세,중상
2018091900100496,2018년 9월 19일 18시,수요일,충청남도 천안시 서북구 성정동,중상사고,0,1,0,0,차대차 - 측면충돌,기타,건조,맑음,교차로 - 교차로안,이륜,남,32세,중상,승용,남,36세,상해없음
2018091900100546,2018년 9월 19일 19시,수요일,충청남도 천안시 서북구 불당동,경상사고,0,0,2,0,차대차 - 측면충돌,안전운전불이행,건조,맑음,교차로 - 교차로안,이륜,남,38세,경상,승용,여,31세,경상
2018091900100547,2018년 9월 19일 19시,수요일,충청남도 천안시 동남구 안서동,경상사고,0,0,1,1,차대차 - 측면충돌,안전거리미확보,건조,맑음,단일로 - 기타,승용,여,42세,상해없음,이륜,남,18세,경상
2018091900100548,2018년 9월 19일 19시,수요일,충청남도 천안시 동남구 청당동,경상사고,0,0,1,0,차대차 - 측면충돌,안전운전불이행,건조,맑음,교차로 - 교차로부근,승합,남,52세,상해없음,승용,남,44세,상해없음
2018091900100624,2018년 9월 19일 21시,수요일,충청남도 천안시 서북구 두정동,중상사고,0,1,0,0,차대차 - 측면충돌,신호위반,건조,맑음,교차로 - 교차로안,개인형이동수단(PM),남,50세,중상,승용,남,45세,상해없음
2018091900100626,2018년 9월 19일 21시,수요일,충청남도 천안시 동남구 청당동,경상사고,0,0,1,0,차대차 - 측면충돌,안전운전불이행,건조,맑음,단일로 - 기타,이륜,남,38세,경상,승용,여,55세,상해없음
2018091900100689,2018년 9월 19일 23시,수요일,충청남도 천안시 동남구 안서동,경상사고,0,0,2,0,차량단독 - 기타,안전운전불이행,건조,맑음,단일로 - 기타,승용,남,36세,상해없음,,,,
2018092000100106,2018년 9월 20일 07시,목요일,충청남도 천안시 동남구 청당동,경상사고,0,0,1,0,차대차 - 추돌,안전거리미확보,건조,맑음,교차로 - 교차로부근,승합,남,51세,상해없음,승용,남,59세,경상
2018092000100524,2018년 9월 20일 18시,목요일,충청남도 천안시 서북구 성정동,중상사고,0,1,0,0,차대차 - 측면충돌,안전거리미확보,건조,맑음,단일로 - 기타,승용,남,49세,상해없음,이륜,남,27세,중상
2018092000100716,2018년 9월 20일 22시,목요일,충청남도 천안시 동남구 사직동,중상사고,0,1,0,0,차대사람 - 기타,안전운전불이행,건조,맑음,단일로 - 기타,승용,여,30세,상해없음,보행자,남,52세,중상
2018092100100015,2018년 9월 21일 00시,금요일,충청남도 천안시 동남구 사직동,경상사고,0,0,1,0,차대사람 - 기타,안전운전불이행,건조,맑음,단일로 - 기타,승용,남,57세,기타불명,보행자,남,29세,경상
2018092100100036,2018년 9월 21일 01시,금요일,충청남도 천안시 서북구 두정동,경상사고,0,0,1,0,차대사람 - 보도통행중,안전운전불이행,건조,맑음,기타 - 기타,승용,남,32세,상해없음,보행자,남,24세,경상
2018092100100048,2018년 9월 21일 02시,금요일,충청남도 천안시 서북구 불당동,경상사고,0,0,2,0,차대차 - 기타,신호위반,젖음/습기,비,교차로 - 교차로안,승용,남,50세,상해없음,승용,남,36세,경상
2018092100100057,2018년 9월 21일 03시,금요일,충청남도 천안시 서북구 두정동,경상사고,0,0,1,0,차대사람 - 기타,안전운전불이행,젖음/습기,비,교차로 - 교차로안,승용,남,42세,상해없음,보행자,남,24세,경상
2018092100100156,2018년 9월 21일 08시,금요일,충청남도 천안시 서북구 불당동,경상사고,0,0,1,0,차대차 - 기타,안전거리미확보,젖음/습기,비,교차로 - 교차로부근,승용,여,57세,상해없음,승용,남,30세,경상
2018092100100201,2018년 9월 21일 09시,금요일,충청남도 천안시 서북구 성거읍,사망사고,1,0,0,0,차대사람 - 횡단중,과속,젖음/습기,비,단일로 - 기타,승용,남,19세,상해없음,보행자,여,73세,사망
2018092100100202,2018년 9월 21일 09시,금요일,충청남도 천안시 서북구 쌍용동,경상사고,0,0,1,0,차대차 - 측면충돌,교차로운행방법위반,젖음/습기,비,교차로 - 교차로안,승용,여,58세,상해없음,승용,여,48세,경상
2018092100100285,2018년 9월 21일 11시,금요일,충청남도 천안시 동남구 봉명동,중상사고,0,1,0,0,차대사람 - 횡단중,보행자보호의무위반,건조,흐림,교차로 - 교차로부근,승용,여,45세,상해없음,보행자,여,75세,중상
2018092100100407,2018년 9월 21일 14시,금요일,충청남도 천안시 서북구 불당동,경상사고,0,0,1,0,차대차 - 기타,안전운전불이행,건조,맑음,교차로 - 교차로안,승용,여,34세,기타불명,이륜,남,19세,경상
2018092100100410,2018년 9월 21일 14시,금요일,충청남도 천안시 동남구 신방동,경상사고,0,0,1,0,차대차 - 추돌,안전운전불이행,젖음/습기,흐림,단일로 - 기타,승용,여,59세,상해없음,자전거,남,16세,경상
2018092100100502,2018년 9월 21일 16시,금요일,충청남도 천안시 서북구 두정동,경상사고,0,0,1,0,차대차 - 측면충돌,안전운전불이행,건조,맑음,단일로 - 기타,화물,남,63세,상해없음,승용,남,37세,경상
2018092100100505,2018년 9월 21일 16시,금요일,충청남도 천안시 동남구 사직동,중상사고,0,1,0,0,차대사람 - 차도통행중,안전운전불이행,건조,맑음,단일로 - 기타,승용,여,45세,상해없음,보행자,남,72세,중상
2018092100100506,2018년 9월 21일 16시,금요일,충청남도 천안시 동남구 병천면,경상사고,0,0,1,0,차대사람 - 차도통행중,안전운전불이행,건조,맑음,교차로 - 교차로안,화물,남,48세,상해없음,보행자,여,75세,경상
2018092100100568,2018년 9월 21일 17시,금요일,충청남도 천안시 서북구 쌍용동,경상사고,0,0,1,0,차대차 - 기타,기타,건조,맑음,단일로 - 기타,승용,남,64세,상해없음,원동기,남,28세,경상
2018092100100849,2018년 9월 21일 23시,금요일,충청남도 천안시 서북구 성정동,중상사고,0,1,0,0,차대사람 - 횡단중,안전운전불이행,건조,맑음,교차로 - 교차로안,승용,남,64세,상해없음,보행자,남,26세,중상
2018092100100850,2018년 9월 21일 23시,금요일,충청남도 천안시 서북구 두정동,경상사고,0,0,1,0,차대차 - 측면충돌,안전운전불이행,건조,맑음,단일로 - 기타,승용,여,27세,상해없음,원동기,남,53세,경상
2018092200100146,2018년 9월 22일 08시,토요일,충청남도 천안시 동남구 구성동,중상사고,0,1,0,0,차대사람 - 횡단중,안전운전불이행,건조,맑음,교차로 - 교차로부근,승용,남,29세,상해없음,보행자,여,87세,중상
2018092200100198,2018년 9월 22일 10시,토요일,충청남도 천안시 동남구 원성동,경상사고,0,0,1,0,차대차 - 추돌,안전운전불이행,건조,맑음,단일로 - 기타,승합,남,42세,상해없음,승합,남,53세,상해없음
2018092200100232,2018년 9월 22일 11시,토요일,충청남도 천안시 동남구 원성동,경상사고,0,0,1,0,차대차 - 추돌,안전운전불이행,건조,맑음,교차로 - 교차로부근,승용,남,52세,상해없음,승용,여,53세,경상
2018092200100269,2018년 9월 22일 12시,토요일,충청남도 천안시 서북구 성거읍,중상사고,0,1,0,0,차대차 - 정면충돌,신호위반,건조,맑음,교차로 - 교차로안,승용,남,74세,상해없음,이륜,남,36세,중상
2018092200100270,2018년 9월 22일 12시,토요일,충청남도 천안시 동남구 병천면,경상사고,0,0,1,0,차대차 - 측면충돌,안전운전불이행,건조,맑음,단일로 - 기타,승용,남,47세,상해없음,승용,남,37세,경상