사고번호,사고일시,요일,시군구,사고내용,사망자수,중상자수,경상자수,부상신고자수,사고유형,법규위반,노면상태,기상상태,도로형태,가해운전자 차종,가해운전자 성별,가해운전자 연령,가해운전자 상해정도,피해운전자 차종,피해운전자 성별,피해운전자 연령,피해운전자 상해정도
2018100900100477,2018년 10월 9일 21시,화요일,충청남도 천안시 동남구 병천면,중상사고,0,1,0,0,차대차 - 측면충돌,안전운전불이행,건조,맑음,교차로 - 교차로안,이륜,남,66세,상해없음,자전거,남,44세,중상
2018101000100036,2018년 10월 10일 05시,수요일,충청남도 천안시 서북구 쌍용동,경상사고,0,0,1,0,차대사람 - 횡단중,안전운전불이행,건조,맑음,교차로 - 교차로부근,승용,남,56세,상해없음,보행자,남,47세,경상
2018101000100093,2018년 10월 10일 08시,수요일,충청남도 천안시 동남구 목천읍,중상사고,0,1,0,0,차대사람 - 차도통행중,안전운전불이행,건조,맑음,단일로 - 기타,승용,남,46세,상해없음,보행자,남,6세,중상
2018101000100310,2018년 10월 10일 15시,수요일,충청남도 천안시 동남구 원성동,중상사고,0,1,0,0,차대사람 - 기타,안전운전불이행,건조,맑음,단일로 - 기타,이륜,남,34세,상해없음,보행자,남,13세,중상
2018101000100426,2018년 10월 10일 18시,수요일,충청남도 천안시 서북구 성정동,경상사고,0,0,2,0,차대차 - 측면충돌,안전운전불이행,건조,맑음,단일로 - 기타,승용,남,27세,상해없음,승용,남,37세,경상
2018101000100465,2018년 10월 10일 19시,수요일,충청남도 천안시 서북구 불당동,중상사고,0,1,0,0,차대차 - 측면충돌,신호위반,건조,맑음,교차로 - 교차로안,승용,여,28세,상해없음,화물,남,31세,중상
2018101000100467,2018년 10월 10일 19시,수요일,충청남도 천안시 서북구 두정동,경상사고,0,0,2,0,차대차 - 추돌,안전운전불이행,건조,맑음,단일로 - 기타,승용,여,35세,상해없음,승용,남,43세,경상
2018101000100496,2018년 10월 10일 20시,수요일,충청남도 천안시 동남구 청당동,경상사고,0,0,2,0,차대차 - 측면충돌,신호위반,건조,맑음,교차로 - 교차로안,승용,남,49세,상해없음,승용,여,44세,경상
2018101000100551,2018년 10월 10일 22시,수요일,충청남도 천안시 서북구 성정동,경상사고,0,0,4,0,차대차 - 추돌,안전운전불이행,건조,맑음,교차로 - 교차로부근,승용,여,57세,상해없음,승용,남,23세,경상
2018101100100076,2018년 10월 11일 07시,목요일,충청남도 천안시 서북구 불당동,중상사고,0,1,0,0,차대차 - 기타,안전운전불이행,건조,맑음,단일로 - 기타,승용,남,34세,상해없음,자전거,여,23세,중상
2018101100100105,2018년 10월 11일 08시,목요일,충청남도 천안시 서북구 불당동,경상사고,0,0,2,0,차대차 - 기타,안전거리미확보,건조,맑음,단일로 - 기타,기타불명,기타불명,미분류,기타불명,승용,여,56세,경상
2018101100100147,2018년 10월 11일 09시,목요일,충청남도 천안시 동남구 안서동,중상사고,0,1,0,0,차대사람 - 횡단중,안전운전불이행,건조,맑음,교차로 - 교차로부근,개인형이동수단(PM),남,23세,상해없음,보행자,여,64세,중상
2018101100100327,2018년 10월 11일 15시,목요일,충청남도 천안시 서북구 쌍용동,중상사고,0,1,0,0,차대차 - 기타,안전운전불이행,건조,맑음,교차로 - 교차로부근,승합,남,40세,상해없음,특수,남,56세,중상
2018101100100367,2018년 10월 11일 16시,목요일,충청남도 천안시 동남구 광덕면,중상사고,0,1,0,0,차대차 - 측면충돌,안전운전불이행,건조,맑음,단일로 - 기타,승용,남,69세,상해없음,자전거,남,48세,중상
2018101100100462,2018년 10월 11일 18시,목요일,충청남도 천안시 서북구 신당동,경상사고,0,0,2,0,차대차 - 기타,신호위반,건조,맑음,교차로 - 교차로안,화물,남,58세,상해없음,승용,남,36세,경상
2018101100100596,2018년 10월 11일 22시,목요일,충청남도 천안시 서북구 불당동,경상사고,0,0,1,0,차대차 - 기타,신호위반,건조,맑음,교차로 - 교차로안,승용,여,28세,상해없음,이륜,남,51세,경상
2018101100100597,2018년 10월 11일 22시,목요일,충청남도 천안시 동남구 다가동,중상사고,0,1,0,0,차대차 - 측면충돌,신호위반,건조,맑음,단일로 - 기타,이륜,남,51세,중상,승용,여,45세,상해없음
2018101200100034,2018년 10월 12일 03시,금요일,충청남도 천안시 동남구 대흥동,경상사고,0,0,4,0,차대차 - 기타,안전운전불이행,건조,맑음,교차로 - 교차로안,승합,남,39세,상해없음,승용,남,60세,경상
2018101200100048,2018년 10월 12일 05시,금요일,충청남도 천안시 동남구 북면,중상사고,0,1,0,0,차대차 - 기타,안전운전불이행,건조,맑음,단일로 - 기타,승용,남,65세,상해없음,이륜,남,33세,중상
2018101200100083,2018년 10월 12일 07시,금요일,충청남도 천안시 서북구 성정동,중상사고,0,1,0,0,차대차 - 측면충돌,안전운전불이행,건조,맑음,단일로 - 기타,승용,여,28세,상해없음,자전거,남,50세,중상
2018101200100084,2018년 10월 12일 07시,금요일,충청남도 천안시 서북구 쌍용동,경상사고,0,0,1,0,차량단독 - 기타,기타,건조,맑음,단일로 - 기타,승합,남,57세,상해없음,,,,
2018101200100085,2018년 10월 12일 07시,금요일,충청남도 천안시 동남구 용곡동,경상사고,0,0,2,0,차대차 - 측면충돌,직진우회전진행방해,건조,맑음,교차로 - 교차로안,승용,남,63세,경상,승용,여,40세,경상
2018101200100123,2018년 10월 12일 08시,금요일,충청남도 천안시 서북구 성거읍,중상사고,0,1,0,0,차대차 - 측면충돌,직진우회전진행방해,건조,맑음,교차로 - 교차로안,승용,여,44세,상해없음,이륜,남,42세,중상
2018101200100124,2018년 10월 12일 08시,금요일,충청남도 천안시 서북구 성정동,경상사고,0,0,1,0,차대사람 - 기타,안전운전불이행,건조,맑음,교차로 - 교차로안,승용,남,27세,상해없음,보행자,여,27세,경상
2018101200100300,2018년 10월 12일 13시,금요일,충청남도 천안시 서북구 직산읍,중상사고,0,1,0,0,차대차 - 추돌,안전운전불이행,건조,맑음,단일로 - 기타,화물,남,25세,상해없음,승용,남,51세,중상
2018101200100301,2018년 10월 12일 13시,금요일,충청남도 천안시 서북구 직산읍,경상사고,0,0,1,0,차대사람 - 기타,안전운전불이행,건조,맑음,단일로 - 기타,승용,남,27세,상해없음,보행자,남,25세,경상
2018101200100303,2018년 10월 12일 13시,금요일,충청남도 천안시 동남구 신방동,경상사고,0,0,2,0,차대차 - 측면충돌,차로위반,건조,맑음,단일로 - 기타,승용,여,40세,경상,승용,여,38세,경상
2018101200100382,2018년 10월 12일 15시,금요일,충청남도 천안시 서북구 불당동,중상사고,0,1,0,0,차대사람 - 횡단중,안전운전불이행,건조,맑음,단일로 - 기타,승용,여,41세,상해없음,보행자,남,15세,중상
2018101200100656,2018년 10월 12일 21시,금요일,충청남도 천안시 동남구 신부동,경상사고,0,0,2,0,차대차 - 기타,안전운전불이행,건조,맑음,교차로 - 교차로안,승용,남,39세,상해없음,승용,여,19세,경상
2018101200100713,2018년 10월 12일 23시,금요일,충청남도 천안시 동남구 신방동,중상사고,0,1,0,0,차대차 - 기타,중앙선침범,건조,맑음,단일로 - 기타,승합,남,36세,상해없음,원동기,남,48세,중상
2018101300100189,2018년 10월 13일 10시,토요일,충청남도 천안시 서북구 업성동,중상사고,0,1,0,0,차대차 - 측면충돌,안전운전불이행,건조,맑음,단일로 - 기타,화물,남,56세,상해없음,승용,남,28세,중상
2018101300100233,2018년 10월 13일 11시,토요일,충청남도 천안시 동남구 청당동,경상사고,0,0,1,1,차대차 - 측면충돌,신호위반,건조,맑음,교차로 - 교차로안,승용,여,51세,부상신고,승용,남,42세,경상
2018101300100349,2018년 10월 13일 14시,토요일,충청남도 천안시 서북구 불당동,경상사고,0,0,3,0,차대차 - 측면충돌,안전운전불이행,건조,맑음,단일로 - 기타,승용,남,65세,기타불명,승용,여,36세,경상
2018101300100482,2018년 10월 13일 18시,토요일,충청남도 천안시 서북구 백석동,경상사고,0,0,1,0,차대사람 - 기타,안전운전불이행,건조,맑음,단일로 - 기타,승용,남,62세,상해없음,보행자,여,21세,경상
2018101400100097,2018년 10월 14일 08시,일요일,충청남도 천안시 동남구 신부동,경상사고,0,0,1,0,차대차 - 측면충돌,차로위반,건조,맑음,단일로 - 기타,승용,남,61세,상해없음,승용,여,56세,경상
2018101400100144,2018년 10월 14일 11시,일요일,충청남도 천안시 동남구 광덕면,경상사고,0,0,5,0,차대차 - 추돌,안전거리미확보,건조,맑음,단일로 - 터널,승용,남,35세,상해없음,승용,남,57세,경상
2018101400100250,2018년 10월 14일 15시,일요일,충청남도 천안시 동남구 병천면,경상사고,0,0,1,0,차대차 - 기타,안전운전불이행,건조,맑음,교차로 - 교차로안,승용,남,54세,상해없음,자전거,남,23세,경상
2018101400100281,2018년 10월 14일 16시,일요일,충청남도 천안시 서북구 입장면,사망사고,1,0,0,0,차량단독 - 공작물충돌,안전운전불이행,건조,맑음,단일로 - 기타,이륜,남,31세,사망,,,,
2018101400100282,2018년 10월 14일 16시,일요일,충청남도 천안시 서북구 성환읍,중상사고,0,1,0,0,차대차 - 기타,안전운전불이행,건조,맑음,교차로 - 교차로부근,승용,여,74세,상해없음,자전거,남,73세,중상
2018101400100342,2018년 10월 14일 18시,일요일,충청남도 천안시 서북구 성정동,경상사고,0,0,2,0,차대사람 - 횡단중,신호위반,건조,맑음,단일로 - 기타,승합,남,52세,상해없음,보행자,남,27세,경상
2018101400100349,2018년 10월 14일 18시,일요일,충청남도 천안시 동남구 유량동,중상사고,0,1,0,0,차대차 - 측면충돌,안전운전불이행,건조,맑음,교차로 - 교차로횡단보도내,자전거,남,74세,중상,승용,여,45세,상해없음
2018101400100350,2018년 10월 14일 18시,일요일,충청남도 천안시 서북구 입장면,경상사고,0,0,1,0,차대차 - 추돌,안전거리미확보,건조,맑음,기타 - 기타,승용,여,41세,상해없음,승용,남,34세,경상
2018101400100383,2018년 10월 14일 19시,일요일,충청남도 천안시 동남구 구성동,경상사고,0,0,1,0,차대차 - 측면충돌,신호위반,건조,맑음,교차로 - 교차로안,이륜,남,37세,경상,화물,남,58세,상해없음
2018101500100064,2018년 10월 15일 07시,월요일,충청남도 천안시 동남구 목천읍,경상사고,0,0,2,0,차대차 - 측면충돌,안전운전불이행,건조,맑음,교차로 - 교차로안,승용,남,25세,상해없음,화물,남,57세,경상
2018101500100097,2018년 10월 15일 08시,월요일,충청남도 천안시 서북구 직산읍,경상사고,0,0,2,0,차대차 - 후진중충돌,안전운전불이행,건조,맑음,교차로 - 교차로부근,화물,남,76세,상해없음,화물,남,42세,경상
2018101500100098,2018년 10월 15일 08시,월요일,충청남도 천안시 서북구 성정동,경상사고,0,0,1,0,차대차 - 측면충돌,신호위반,건조,맑음,교차로 - 교차로안,승용,여,35세,상해없음,화물,남,43세,경상
2018101500100193,2018년 10월 15일 11시,월요일,충청남도 천안시 서북구 직산읍,중상사고,0,1,0,0,차대차 - 측면충돌,안전운전불이행,건조,맑음,교차로 - 교차로안,화물,남,40세,상해없음,화물,남,43세,중상
2018101500100195,2018년 10월 15일 11시,월요일,충청남도 천안시 동남구 신부동,경상사고,0,0,1,0,차대차 - 기타,안전운전불이행,건조,맑음,단일로 - 기타,화물,남,53세,상해없음,승용,남,21세,경상
2018101500100244,2018년 10월 15일 13시,월요일,충청남도 천안시 동남구 광덕면,경상사고,0,0,1,0,차대차 - 기타,안전운전불이행,건조,맑음,단일로 - 기타,승합,남,24세,상해없음,승용,남,36세,경상
2018101500100390,2018년 10월 15일 17시,월요일,충청남도 천안시 동남구 신부동,경상사고,0,0,1,0,차대차 - 추돌,안전거리미확보,건조,맑음,단일로 - 기타,이륜,남,32세,경상,승합,남,61세,상해없음
2018101500100483,2018년 10월 15일 19시,월요일,충청남도 천안시 서북구 불당동,중상사고,0,1,0,0,차대차 - 측면충돌,신호위반,건조,맑음,교차로 - 교차로안,이륜,남,51세,중상,승용,남,62세,상해없음
2018101500100484,2018년 10월 15일 19시,월요일,충청남도 천안시 서북구 성환읍,경상사고,0,0,3,0,차대차 - 측면충돌,신호위반,건조,맑음,교차로 - 교차로안,승용,여,47세,경상,승용,남,54세,경상
2018101500100525,2018년 10월 15일 20시,월요일,충청남도 천안시 서북구 쌍용동,경상사고,0,0,1,0,차대사람 - 기타,안전운전불이행,건조,맑음,단일로 - 기타,기타불명,기타불명,미분류,기타불명,보행자,여,56세,경상
2018101600100071,2018년 10월 16일 07시,화요일,충청남도 천안시 서북구 입장면,경상사고,0,0,1,0,차대차 - 측면충돌,신호위반,건조,맑음,교차로 - 교차로부근,건설기계,남,62세,상해없음,승용,남,57세,경상
2018101600100363,2018년 10월 16일 16시,화요일,충청남도 천안시 서북구 백석동,중상사고,0,1,0,0,차량단독 - 기타,신호위반,건조,맑음,교차로 - 교차로안,승합,남,59세,상해없음,,,,
2018101600100452,2018년 10월 16일 18시,화요일,충청남도 천안시 서북구 불당동,중상사고,0,1,0,0,차대차 - 측면충돌,중앙선침범,건조,맑음,교차로 - 교차로부근,승용,남,63세,상해없음,이륜,남,23세,중상
2018101600100455,2018년 10월 16일 18시,화요일,충청남도 천안시 동남구 목천읍,경상사고,0,0,1,0,차대차 - 측면충돌,안전거리미확보,건조,맑음,단일로 - 기타,승용,남,26세,상해없음,승용,남,22세,경상
2018101600100514,2018년 10월 16일 19시,화요일,충청남도 천안시 동남구 신방동,경상사고,0,0,1,0,차대차 - 측면충돌,신호위반,건조,맑음,교차로 - 교차로부근,승용,남,39세,상해없음,승용,여,25세,경상
2018101700100021,2018년 10월 17일 02시,수요일,충청남도 천안시 서북구 두정동,경상사고,0,0,1,0,차대차 - 측면충돌,신호위반,건조,맑음,교차로 - 교차로안,승용,남,20세,상해없음,승용,남,41세,경상
2018101700100023,2018년 10월 17일 02시,수요일,충청남도 천안시 동남구 신부동,경상사고,0,0,2,0,차대차 - 측면충돌,안전운전불이행,건조,맑음,단일로 - 기타,승용,남,25세,경상,승용,남,60세,경상
2018101700100032,2018년 10월 17일 03시,수요일,충청남도 천안시 서북구 불당동,경상사고,0,0,5,0,차대차 - 정면충돌,신호위반,건조,맑음,단일로 - 기타,승용,남,27세,상해없음,승용,남,33세,경상
2018101700100100,2018년 10월 17일 08시,수요일,충청남도 천안시 서북구 백석동,경상사고,0,0,1,0,차대차 - 추돌,안전운전불이행,건조,맑음,단일로 - 기타,승용,여,37세,상해없음,승용,남,37세,경상
2018101700100146,2018년 10월 17일 09시,수요일,충청남도 천안시 동남구 봉명동,중상사고,0,1,0,0,차대차 - 추돌,안전거리미확보,건조,맑음,교차로 - 교차로부근,이륜,남,32세,중상,승합,남,54세,상해없음
2018101700100166,2018년 10월 17일 10시,수요일,충청남도 천안시 동남구 봉명동,경상사고,0,0,2,0,차대차 - 추돌,안전운전불이행,건조,맑음,교차로 - 교차로부근,승용,남,30세,기타불명,승용,남,67세,경상
2018101700100415,2018년 10월 17일 16시,수요일,충청남도 천안시 서북구 성정동,경상사고,0,0,1,0,차대사람 - 차도통행중,안전운전불이행,건조,맑음,단일로 - 기타,승용,여,64세,상해없음,보행자,남,56세,경상
2018101700100648,2018년 10월 17일 22시,수요일,충청남도 천안시 서북구 성정동,사망사고,1,0,0,0,차량단독 - 기타,안전운전불이행,건조,맑음,단일로 - 기타,이륜,남,26세,사망,,,,
2018101800100013,2018년 10월 18일 00시,목요일,충청남도 천안시 서북구 두정동,경상사고,0,0,1,0,차대차 - 기타,직진우회전진행방해,건조,맑음,교차로 - 교차로안,승용,남,25세,상해없음,승용,남,37세,경상
2018101800100162,2018년 10월 18일 09시,목요일,충청남도 천안시 서북구 직산읍,경상사고,0,0,1,0,차대차 - 측면충돌,중앙선침범,건조,맑음,단일로 - 기타,사륜오토바이(ATV),남,77세,경상,승용,여,42세,기타불명
2018101800100196,2018년 10월 18일 10시,목요일,충청남도 천안시 서북구 성정동,경상사고,0,0,1,0,차대사람 - 차도통행중,안전운전불이행,건조,맑음,단일로 - 기타,승용,남,36세,상해없음,보행자,남,57세,경상
2018101800100224,2018년 10월 18일 11시,목요일,충청남도 천안시 동남구 원성동,경상사고,0,0,3,0,차대차 - 추돌,안전거리미확보,건조,맑음,단일로 - 기타,승용,남,59세,상해없음,승용,남,28세,경상
2018101800100258,2018년 10월 18일 12시,목요일,충청남도 천안시 서북구 성정동,경상사고,0,0,1,0,차대차 - 측면충돌,안전거리미확보,건조,맑음,교차로 - 교차로안,승용,여,59세,상해없음,승용,남,56세,상해없음
2018101800100282,2018년 10월 18일 13시,목요일,충청남도 천안시 서북구 불당동,중상사고,0,1,1,0,차대차 - 추돌,안전거리미확보,건조,맑음,단일로 - 기타,승용,남,29세,경상,화물,여,40세,중상
2018101800100606,2018년 10월 18일 20시,목요일,충청남도 천안시 서북구 불당동,경상사고,0,0,1,0,차대사람 - 기타,안전운전불이행,건조,맑음,단일로 - 기타,승용,여,39세,상해없음,보행자,여,26세,경상
2018101900100015,2018년 10월 19일 00시,금요일,충청남도 천안시 서북구 쌍용동,경상사고,0,0,1,0,차대차 - 추돌,안전운전불이행,건조,맑음,교차로 - 교차로부근,승용,남,43세,상해없음,승용,남,29세,경상
2018101900100029,2018년 10월 19일 01시,금요일,충청남도 천안시 서북구 백석동,경상사고,0,0,2,0,차대차 - 추돌,안전운전불이행,건조,맑음,교차로 - 교차로부근,승용,남,30세,상해없음,화물,남,29세,경상
2018101900100048,2018년 10월 19일 04시,금요일,충청남도 천안시 서북구 성성동,중상사고,0,1,0,0,차대차 - 측면충돌,안전운전불이행,건조,맑음,교차로 - 교차로안,이륜,남,18세,상해없음,화물,남,21세,상해없음
2018101900100383,2018년 10월 19일 14시,금요일,충청남도 천안시 서북구 성정동,경상사고,0,0,1,0,차대사람 - 기타,안전운전불이행,건조,맑음,기타 - 기타,승용,남,65세,상해없음,보행자,남,60세,경상
2018101900100424,2018년 10월 19일 15시,금요일,충청남도 천안시 동남구 영성동,경상사고,0,0,2,0,차대차 - 측면충돌,신호위반,건조,맑음,교차로 - 교차로부근,화물,남,66세,상해없음,승용,여,32세,경상
2018101900100522,2018년 10월 19일 17시,금요일,충청남도 천안시 서북구 백석동,중상사고,0,1,0,0,차대차 - 측면충돌,안전운전불이행,건조,맑음,단일로 - 기타,화물,남,25세,상해없음,이륜,남,38세,중상
2018101900100525,2018년 10월 19일 17시,금요일,충청남도 천안시 동남구 동면,경상사고,0,0,2,0,차대차 - 측면충돌,중앙선침범,건조,맑음,단일로 - 기타,승용,남,39세,상해없음,승용,남,58세,경상
2018101900100590,2018년 10월 19일 18시,금요일,충청남도 천안시 서북구 와촌동,경상사고,0,0,1,0,차대사람 - 횡단중,보행자보호의무위반,건조,맑음,교차로 - 교차로부근,화물,남,44세,상해없음,보행자,여,22세,경상
2018101900100652,2018년 10월 19일 19시,금요일,충청남도 천안시 서북구 두정동,경상사고,0,0,1,0,차대차 - 측면충돌,신호위반,건조,맑음,단일로 - 기타,이륜,남,27세,경상,승용,남,53세,상해없음
2018101900100654,2018년 10월 19일 19시,금요일,충청남도 천안시 동남구 신부동,경상사고,0,0,1,0,차대차 - 측면충돌,안전거리미확보,건조,맑음,단일로 - 기타,화물,남,68세,상해없음,승용,남,59세,경상
2018101900100699,2018년 10월 19일 20시,금요일,충청남도 천안시 서북구 쌍용동,경상사고,0,0,1,0,차대차 - 정면충돌,중앙선침범,건조,맑음,단일로 - 기타,승용,남,25세,상해없음,승용,여,54세,경상
2018101900100700,2018년 10월 19일 20시,금요일,충청남도 천안시 동남구 신부동,경상사고,0,0,1,0,차대차 - 측면충돌,안전운전불이행,건조,맑음,교차로 - 교차로안,화물,남,50세,상해없음,승용,남,28세,경상
2018101900100740,2018년 10월 19일 21시,금요일,충청남도 천안시 서북구 불당동,경상사고,0,0,1,0,차대차 - 추돌,안전운전불이행,건조,맑음,교차로 - 교차로부근,승용,남,28세,상해없음,화물,남,53세,경상
2018101900100794,2018년 10월 19일 23시,금요일,충청남도 천안시 동남구 북면,경상사고,0,0,3,0,차대차 - 측면충돌,중앙선침범,건조,맑음,단일로 - 기타,승용,남,46세,상해없음,승용,남,50세,경상
2018102000100023,2018년 10월 20일 01시,토요일,충청남도 천안시 서북구 쌍용동,경상사고,0,0,3,0,차대차 - 추돌,안전운전불이행,건조,맑음,교차로 - 교차로안,승용,여,42세,상해없음,승용,남,55세,경상
2018102000100086,2018년 10월 20일 05시,토요일,충청남도 천안시 서북구 두정동,경상사고,0,0,1,0,차대사람 - 기타,안전운전불이행,건조,맑음,단일로 - 기타,승용,남,51세,상해없음,보행자,남,23세,경상
2018102000100222,2018년 10월 20일 10시,토요일,충청남도 천안시 동남구 삼룡동,중상사고,0,1,0,0,차대차 - 측면충돌,안전운전불이행,건조,맑음,교차로 - 교차로안,승용,남,46세,상해없음,화물,남,55세,중상
2018102000100256,2018년 10월 20일 11시,토요일,충청남도 천안시 서북구 쌍용동,경상사고,0,0,2,0,차대차 - 추돌,교차로운행방법위반,건조,맑음,교차로 - 교차로안,승용,남,65세,상해없음,승용,남,23세,경상
2018102000100296,2018년 10월 20일 12시,토요일,충청남도 천안시 동남구 목천읍,경상사고,0,0,3,0,차대차 - 측면충돌,안전거리미확보,건조,맑음,단일로 - 기타,승용,남,61세,상해없음,승용,남,33세,경상
2018102000100297,2018년 10월 20일 12시,토요일,충청남도 천안시 동남구 원성동,경상사고,0,0,1,0,차대차 - 측면충돌,안전운전불이행,건조,맑음,교차로 - 교차로안,승용,남,52세,상해없음,승용,여,60세,경상
2018102000100343,2018년 10월 20일 13시,토요일,충청남도 천안시 동남구 사직동,경상사고,0,0,1,0,차대사람 - 기타,안전운전불이행,건조,맑음,교차로 - 교차로안,화물,남,49세,상해없음,보행자,여,73세,경상
2018102000100386,2018년 10월 20일 14시,토요일,충청남도 천안시 서북구 백석동,중상사고,0,1,0,0,차대사람 - 횡단중,안전운전불이행,건조,맑음,교차로 - 교차로부근,승용,남,57세,상해없음,보행자,여,71세,중상
2018102000100388,2018년 10월 20일 14시,토요일,충청남도 천안시 동남구 영성동,경상사고,0,0,1,0,차대차 - 측면충돌,안전운전불이행,건조,맑음,단일로 - 기타,승용,여,54세,상해없음,자전거,남,71세,경상
2018102000100650,2018년 10월 20일 19시,토요일,충청남도 천안시 서북구 성거읍,사망사고,1,0,0,0,차대사람 - 횡단중,안전운전불이행,건조,맑음,단일로 - 기타,화물,남,66세,상해없음,보행자,여,78세,사망
2018102000100684,2018년 10월 20일 20시,토요일,충청남도 천안시 동남구 신방동,중상사고,0,1,0,0,차대차 - 기타,중앙선침범,건조,맑음,단일로 - 기타,승용,남,32세,상해없음,이륜,남,42세,중상
2018102100100026,2018년 10월 21일 01시,일요일,충청남도 천안시 동남구 봉명동,경상사고,0,0,3,0,차대차 - 측면충돌,안전운전불이행,건조,맑음,단일로 - 기타,승용,남,46세,상해없음,승용,여,27세,경상
2018102100100118,2018년 10월 21일 09시,일요일,충청남도 천안시 동남구 신방동,중상사고,0,1,0,0,차대차 - 측면충돌,신호위반,건조,맑음,교차로 - 교차로안,화물,남,45세,상해없음,승용,남,41세,중상
2018102100100409,2018년 10월 21일 18시,일요일,충청남도 천안시 서북구 성환읍,사망사고,1,0,0,0,차대차 - 추돌,안전운전불이행,건조,맑음,단일로 - 기타,승용,남,30세,사망,건설기계,남,46세,상해없음
2018102100100457,2018년 10월 21일 19시,일요일,충청남도 천안시 서북구 두정동,경상사고,0,0,1,0,차대차 - 측면충돌,안전운전불이행,건조,맑음,교차로 - 교차로안,승용,여,30세,상해없음,이륜,남,20세,경상
2018102100100458,2018년 10월 21일 19시,일요일,충청남도 천안시 서북구 입장면,경상사고,0,0,2,0,차대차 - 추돌,안전운전불이행,건조,맑음,기타 - 기타,승합,남,55세,상해없음,승용,남,50세,경상
2018102100100523,2018년 10월 21일 21시,일요일,충청남도 천안시 서북구 성정동,경상사고,0,0,2,0,차대차 - 측면충돌,안전운전불이행,건조,맑음,단일로 - 기타,승용,남,24세,상해없음,승용,남,58세,경상
2018102200100043,2018년 10월 22일 06시,월요일,충청남도 천안시 서북구 성정동,중상사고,0,1,0,0,차대사람 - 횡단중,안전운전불이행,건조,맑음,교차로 - 교차로안,승용,여,43세,상해없음,보행자,여,81세,중상
2018102200100091,2018년 10월 22일 08시,월요일,충청남도 천안시 서북구 불당동,경상사고,0,0,1,0,차대차 - 기타,안전거리미확보,건조,맑음,단일로 - 기타,승용,남,49세,상해없음,화물,남,22세,경상
2018102200100124,2018년 10월 22일 09시,월요일,충청남도 천안시 동남구 봉명동,경상사고,0,0,1,0,차대사람 - 횡단중,안전운전불이행,건조,맑음,교차로 - 교차로안,승용,남,59세,상해없음,보행자,여,67세,경상
2018102200100197,2018년 10월 22일 11시,월요일,충청남도 천안시 서북구 성정동,경상사고,0,0,1,0,차대차 - 측면충돌,신호위반,건조,맑음,교차로 - 교차로안,승용,여,37세,상해없음,이륜,남,19세,경상
2018102200100345,2018년 10월 22일 16시,월요일,충청남도 천안시 서북구 성정동,경상사고,0,0,1,0,차대사람 - 기타,안전운전불이행,건조,맑음,단일로 - 기타,승용,여,30세,상해없음,보행자,남,62세,경상
2018102200100445,2018년 10월 22일 18시,월요일,충청남도 천안시 동남구 신부동,중상사고,0,1,0,0,차대사람 - 보도통행중,신호위반,건조,맑음,교차로 - 교차로부근,승용,여,42세,상해없음,보행자,여,33세,중상
2018102200100446,2018년 10월 22일 18시,월요일,충청남도 천안시 동남구 삼룡동,경상사고,0,0,2,1,차대차 - 추돌,안전운전불이행,건조,맑음,교차로 - 교차로부근,승용,남,33세,부상신고,승용,여,63세,경상
2018102200100503,2018년 10월 22일 19시,월요일,충청남도 천안시 서북구 성거읍,중상사고,0,1,0,0,차대차 - 기타,중앙선침범,건조,맑음,교차로 - 교차로부근,승용,여,53세,상해없음,이륜,남,36세,중상
2018102200100529,2018년 10월 22일 20시,월요일,충청남도 천안시 서북구 두정동,경상사고,0,0,1,0,차대차 - 기타,안전운전불이행,건조,맑음,교차로 - 교차로안,승용,남,70세,상해없음,승용,남,49세,경상
2018102300100077,2018년 10월 23일 07시,화요일,충청남도 천안시 동남구 용곡동,경상사고,0,0,1,0,차대차 - 측면충돌,안전운전불이행,건조,맑음,교차로 - 교차로부근,승용,남,57세,상해없음,승용,남,35세,경상
2018102300100153,2018년 10월 23일 09시,화요일,충청남도 천안시 동남구 성남면,경상사고,0,0,2,0,차대차 - 측면충돌,교차로운행방법위반,젖음/습기,흐림,교차로 - 교차로안,승용,남,49세,상해없음,화물,남,70세,경상
2018102300100222,2018년 10월 23일 11시,화요일,충청남도 천안시 서북구 성환읍,경상사고,0,0,1,0,차대차 - 기타,중앙선침범,건조,맑음,주차장 - 주차장,화물,남,68세,상해없음,이륜,남,69세,경상
2018102300100330,2018년 10월 23일 15시,화요일,충청남도 천안시 동남구 청당동,경상사고,0,0,1,0,차대사람 - 기타,안전운전불이행,건조,맑음,기타 - 기타,승용,여,39세,상해없음,보행자,남,42세,경상
2018102300100401,2018년 10월 23일 17시,화요일,충청남도 천안시 동남구 목천읍,중상사고,0,1,0,0,차대차 - 추돌,안전운전불이행,젖음/습기,흐림,단일로 - 기타,이륜,남,15세,중상,승용,남,69세,상해없음
2018102300100458,2018년 10월 23일 18시,화요일,충청남도 천안시 서북구 성성동,중상사고,0,1,0,0,차대차 - 측면충돌,안전운전불이행,건조,맑음,교차로 - 교차로횡단보도내,승용,남,39세,상해없음,개인형이동수단(PM),남,35세,중상