사고번호,사고일시,요일,시군구,사고내용,사망자수,중상자수,경상자수,부상신고자수,사고유형,법규위반,노면상태,기상상태,도로형태,가해운전자 차종,가해운전자 성별,가해운전자 연령,가해운전자 상해정도,피해운전자 차종,피해운전자 성별,피해운전자 연령,피해운전자 상해정도
2018102300100515,2018년 10월 23일 19시,화요일,충청남도 천안시 서북구 성거읍,경상사고,0,0,1,1,차대사람 - 횡단중,안전운전불이행,건조,맑음,교차로 - 교차로안,승용,여,54세,상해없음,보행자,여,6세,경상
2018102400100022,2018년 10월 24일 03시,수요일,충청남도 천안시 서북구 쌍용동,경상사고,0,0,1,0,차대차 - 추돌,안전운전불이행,건조,맑음,교차로 - 교차로부근,승용,여,37세,상해없음,승용,남,44세,경상
2018102400100120,2018년 10월 24일 08시,수요일,충청남도 천안시 서북구 쌍용동,경상사고,0,0,1,0,차대차 - 측면충돌,안전운전불이행,건조,맑음,단일로 - 기타,승용,남,71세,상해없음,승용,여,46세,경상
2018102400100173,2018년 10월 24일 09시,수요일,충청남도 천안시 동남구 문화동,중상사고,0,2,1,0,차대차 - 추돌,안전운전불이행,건조,맑음,교차로 - 교차로부근,승용,남,65세,상해없음,승용,남,49세,중상
2018102400100174,2018년 10월 24일 09시,수요일,충청남도 천안시 동남구 병천면,중상사고,0,1,0,0,차대차 - 기타,안전운전불이행,건조,맑음,교차로 - 교차로안,농기계,남,72세,중상,승용,여,61세,상해없음
2018102400100207,2018년 10월 24일 10시,수요일,충청남도 천안시 동남구 다가동,중상사고,0,1,0,0,차대사람 - 횡단중,보행자보호의무위반,건조,맑음,단일로 - 기타,승용,남,61세,상해없음,보행자,여,78세,중상
2018102400100440,2018년 10월 24일 16시,수요일,충청남도 천안시 서북구 백석동,경상사고,0,0,1,0,차대차 - 측면충돌,교차로운행방법위반,건조,맑음,교차로 - 교차로안,승용,남,27세,상해없음,화물,남,51세,경상
2018102500100087,2018년 10월 25일 07시,목요일,충청남도 천안시 동남구 신부동,경상사고,0,0,1,0,차대차 - 기타,안전운전불이행,건조,맑음,교차로 - 교차로안,승합,남,50세,상해없음,승용,여,32세,경상
2018102500100177,2018년 10월 25일 09시,목요일,충청남도 천안시 동남구 신부동,중상사고,0,2,7,0,차대차 - 측면충돌,안전운전불이행,건조,맑음,단일로 - 기타,화물,남,43세,상해없음,승합,남,59세,경상
2018102500100178,2018년 10월 25일 09시,목요일,충청남도 천안시 동남구 청수동,경상사고,0,0,1,0,차대차 - 측면충돌,교차로운행방법위반,건조,맑음,교차로 - 교차로부근,승용,여,63세,상해없음,승용,여,65세,경상
2018102500100394,2018년 10월 25일 15시,목요일,충청남도 천안시 서북구 신당동,경상사고,0,0,1,0,차대차 - 기타,신호위반,건조,맑음,단일로 - 기타,승용,여,53세,상해없음,화물,남,67세,상해없음
2018102500100540,2018년 10월 25일 18시,목요일,충청남도 천안시 서북구 쌍용동,경상사고,0,0,1,0,차대차 - 정면충돌,신호위반,건조,맑음,교차로 - 교차로안,승용,여,34세,상해없음,승용,남,32세,경상
2018102500100541,2018년 10월 25일 18시,목요일,충청남도 천안시 서북구 성환읍,경상사고,0,0,1,0,차대차 - 정면충돌,안전운전불이행,건조,맑음,교차로 - 교차로안,승용,남,25세,상해없음,승용,남,42세,경상
2018102500100601,2018년 10월 25일 19시,목요일,충청남도 천안시 서북구 두정동,경상사고,0,0,1,0,차대차 - 측면충돌,차로위반,건조,맑음,단일로 - 기타,승용,남,62세,상해없음,승용,여,50세,경상
2018102500100603,2018년 10월 25일 19시,목요일,충청남도 천안시 동남구 신방동,경상사고,0,0,4,0,차대차 - 측면충돌,신호위반,건조,맑음,교차로 - 교차로부근,승용,남,52세,상해없음,승용,여,42세,경상
2018102500100635,2018년 10월 25일 20시,목요일,충청남도 천안시 서북구 성환읍,경상사고,0,0,3,0,차대차 - 정면충돌,안전운전불이행,건조,맑음,교차로 - 교차로안,승용,남,37세,상해없음,승합,여,45세,경상
2018102500100662,2018년 10월 25일 21시,목요일,충청남도 천안시 서북구 성정동,경상사고,0,0,1,0,차대차 - 기타,안전운전불이행,건조,맑음,교차로 - 교차로안,승용,남,57세,상해없음,승용,남,47세,경상
2018102600100075,2018년 10월 26일 06시,금요일,충청남도 천안시 서북구 백석동,중상사고,0,1,1,0,차대차 - 측면충돌,신호위반,젖음/습기,비,교차로 - 교차로안,승용,남,50세,상해없음,승용,남,50세,경상
2018102600100091,2018년 10월 26일 07시,금요일,충청남도 천안시 서북구 성정동,경상사고,0,0,1,0,차대차 - 추돌,안전운전불이행,건조,맑음,교차로 - 교차로부근,승용,남,24세,상해없음,승용,남,31세,경상
2018102600100203,2018년 10월 26일 11시,금요일,충청남도 천안시 동남구 대흥동,경상사고,0,0,1,0,차대사람 - 길가장자리구역통행중,안전운전불이행,건조,맑음,기타 - 기타,기타불명,기타불명,미분류,기타불명,보행자,남,47세,경상
2018102600100305,2018년 10월 26일 14시,금요일,충청남도 천안시 동남구 목천읍,중상사고,0,2,0,0,차량단독 - 기타,안전운전불이행,젖음/습기,비,단일로 - 기타,승합,남,55세,상해없음,,,,
2018102600100382,2018년 10월 26일 16시,금요일,충청남도 천안시 서북구 쌍용동,경상사고,0,0,2,0,차대차 - 측면충돌,중앙선침범,건조,맑음,단일로 - 기타,승용,여,57세,경상,화물,남,66세,경상
2018102600100467,2018년 10월 26일 18시,금요일,충청남도 천안시 서북구 성정동,경상사고,0,0,1,0,차대차 - 측면충돌,안전운전불이행,건조,맑음,교차로 - 교차로안,승용,여,48세,상해없음,이륜,남,21세,경상
2018102600100468,2018년 10월 26일 18시,금요일,충청남도 천안시 서북구 성정동,경상사고,0,0,1,0,차대사람 - 기타,안전운전불이행,건조,맑음,교차로 - 교차로안,승용,남,21세,상해없음,보행자,남,57세,경상
2018102600100474,2018년 10월 26일 18시,금요일,충청남도 천안시 동남구 구성동,중상사고,0,1,0,0,차대사람 - 횡단중,보행자보호의무위반,젖음/습기,비,단일로 - 기타,승용,여,43세,기타불명,보행자,남,47세,중상
2018102600100558,2018년 10월 26일 19시,금요일,충청남도 천안시 동남구 봉명동,중상사고,0,1,4,0,차대차 - 기타,안전운전불이행,젖음/습기,흐림,단일로 - 기타,승용,남,68세,상해없음,승용,남,58세,경상
2018102600100559,2018년 10월 26일 19시,금요일,충청남도 천안시 동남구 청당동,경상사고,0,0,4,0,차대차 - 측면충돌,직진우회전진행방해,건조,맑음,교차로 - 교차로안,승용,남,43세,경상,승용,여,55세,경상
2018102600100643,2018년 10월 26일 21시,금요일,충청남도 천안시 서북구 백석동,경상사고,0,0,1,0,차대차 - 측면충돌,안전운전불이행,건조,맑음,단일로 - 기타,승용,남,31세,상해없음,승용,여,24세,경상
2018102600100672,2018년 10월 26일 22시,금요일,충청남도 천안시 서북구 쌍용동,중상사고,0,1,0,0,차대차 - 정면충돌,신호위반,건조,맑음,교차로 - 교차로안,승용,남,49세,상해없음,이륜,남,33세,중상
2018102600100673,2018년 10월 26일 22시,금요일,충청남도 천안시 서북구 불당동,중상사고,0,1,0,0,차대사람 - 횡단중,신호위반,건조,맑음,교차로 - 교차로횡단보도내,승용,남,22세,상해없음,보행자,남,39세,중상
2018102700100029,2018년 10월 27일 01시,토요일,충청남도 천안시 서북구 성정동,경상사고,0,0,1,0,차대차 - 추돌,안전운전불이행,젖음/습기,비,단일로 - 기타,승용,남,32세,상해없음,승용,남,67세,경상
2018102700100030,2018년 10월 27일 01시,토요일,충청남도 천안시 동남구 신방동,경상사고,0,0,1,0,차대차 - 측면충돌,불법유턴,젖음/습기,비,단일로 - 기타,승용,남,50세,상해없음,승용,여,54세,경상
2018102700100146,2018년 10월 27일 08시,토요일,충청남도 천안시 동남구 광덕면,중상사고,0,4,2,1,차대차 - 추돌,안전운전불이행,건조,맑음,단일로 - 터널,승합,남,56세,상해없음,승용,남,73세,중상
2018102700100214,2018년 10월 27일 10시,토요일,충청남도 천안시 서북구 성환읍,경상사고,0,0,1,0,차대차 - 측면충돌,교차로운행방법위반,젖음/습기,비,교차로 - 교차로안,승용,남,58세,상해없음,승용,남,50세,경상
2018102700100310,2018년 10월 27일 13시,토요일,충청남도 천안시 동남구 대흥동,경상사고,0,0,1,0,차대사람 - 차도통행중,안전운전불이행,건조,맑음,단일로 - 기타,승용,여,52세,상해없음,보행자,남,18세,경상
2018102700100480,2018년 10월 27일 17시,토요일,충청남도 천안시 서북구 쌍용동,중상사고,0,2,0,1,차대차 - 측면충돌,안전운전불이행,건조,맑음,교차로 - 교차로안,승용,여,45세,부상신고,화물,남,25세,중상
2018102800100024,2018년 10월 28일 01시,일요일,충청남도 천안시 서북구 성정동,중상사고,0,1,1,0,차대사람 - 횡단중,보행자보호의무위반,건조,맑음,단일로 - 기타,승용,남,51세,상해없음,보행자,남,29세,경상
2018102800100025,2018년 10월 28일 01시,일요일,충청남도 천안시 동남구 오룡동,경상사고,0,0,1,0,차대차 - 측면충돌,안전운전불이행,건조,맑음,교차로 - 교차로부근,승용,남,64세,상해없음,이륜,남,14세,경상
2018102800100026,2018년 10월 28일 01시,일요일,충청남도 천안시 동남구 유량동,경상사고,0,0,1,0,차량단독 - 공작물충돌,기타,건조,맑음,단일로 - 기타,승용,남,34세,경상,,,,
2018102800100102,2018년 10월 28일 07시,일요일,충청남도 천안시 서북구 성거읍,경상사고,0,0,1,0,차대차 - 측면충돌,중앙선침범,건조,맑음,단일로 - 기타,건설기계,남,36세,상해없음,이륜,남,50세,경상
2018102800100275,2018년 10월 28일 14시,일요일,충청남도 천안시 동남구 다가동,경상사고,0,0,1,0,차대사람 - 차도통행중,안전운전불이행,젖음/습기,맑음,단일로 - 기타,승용,여,52세,상해없음,보행자,여,65세,경상
2018102800100296,2018년 10월 28일 15시,일요일,충청남도 천안시 동남구 다가동,경상사고,0,0,1,0,차대차 - 측면충돌,신호위반,젖음/습기,맑음,교차로 - 교차로안,화물,남,31세,상해없음,승용,남,65세,경상
2018102800100447,2018년 10월 28일 19시,일요일,충청남도 천안시 동남구 다가동,경상사고,0,0,1,0,차대사람 - 기타,안전운전불이행,건조,맑음,단일로 - 기타,승용,여,54세,상해없음,보행자,남,46세,경상
2018102800100475,2018년 10월 28일 20시,일요일,충청남도 천안시 서북구 성정동,중상사고,0,1,0,0,차대사람 - 횡단중,안전운전불이행,건조,맑음,교차로 - 교차로부근,승용,남,49세,상해없음,보행자,남,64세,중상
2018102900100035,2018년 10월 29일 05시,월요일,충청남도 천안시 서북구 두정동,중상사고,0,1,1,0,차대차 - 측면충돌,교차로운행방법위반,젖음/습기,비,교차로 - 교차로안,원동기,남,31세,중상,승용,남,32세,경상
2018102900100203,2018년 10월 29일 10시,월요일,충청남도 천안시 서북구 불당동,경상사고,0,0,2,0,차대차 - 기타,안전운전불이행,건조,맑음,교차로 - 교차로안,승용,여,33세,상해없음,승용,남,31세,경상
2018102900100379,2018년 10월 29일 15시,월요일,충청남도 천안시 서북구 백석동,경상사고,0,0,7,0,차대차 - 측면충돌,신호위반,건조,맑음,교차로 - 교차로안,화물,남,62세,상해없음,승용,남,45세,경상
2018102900100425,2018년 10월 29일 16시,월요일,충청남도 천안시 동남구 봉명동,중상사고,0,1,1,0,차대차 - 측면충돌,신호위반,건조,맑음,교차로 - 교차로안,이륜,남,65세,중상,승용,남,63세,경상
2018102900100463,2018년 10월 29일 17시,월요일,충청남도 천안시 서북구 성성동,경상사고,0,0,1,0,차대차 - 기타,안전운전불이행,건조,맑음,단일로 - 기타,화물,남,49세,상해없음,개인형이동수단(PM),남,34세,경상
2018102900100465,2018년 10월 29일 17시,월요일,충청남도 천안시 동남구 안서동,경상사고,0,0,1,0,차대사람 - 기타,안전운전불이행,건조,맑음,단일로 - 기타,승용,여,48세,상해없음,보행자,여,25세,경상
2018102900100587,2018년 10월 29일 19시,월요일,충청남도 천안시 서북구 백석동,경상사고,0,0,2,0,차대차 - 기타,안전운전불이행,건조,맑음,단일로 - 기타,승용,여,27세,상해없음,승용,남,34세,경상
2018102900100681,2018년 10월 29일 23시,월요일,충청남도 천안시 서북구 두정동,경상사고,0,0,2,0,차대차 - 기타,차로위반,건조,맑음,단일로 - 기타,승용,여,51세,상해없음,승용,남,27세,경상
2018103000100020,2018년 10월 30일 01시,화요일,충청남도 천안시 동남구 청당동,경상사고,0,0,1,0,차대차 - 추돌,안전운전불이행,건조,맑음,단일로 - 기타,승용,남,37세,상해없음,승용,여,28세,경상
2018103000100036,2018년 10월 30일 03시,화요일,충청남도 천안시 동남구 풍세면,중상사고,0,1,0,0,차대차 - 기타,안전운전불이행,건조,맑음,단일로 - 기타,화물,남,42세,상해없음,화물,남,61세,중상
2018103000100210,2018년 10월 30일 10시,화요일,충청남도 천안시 서북구 부대동,경상사고,0,0,2,0,차대차 - 기타,안전거리미확보,건조,맑음,단일로 - 기타,특수,남,40세,상해없음,승용,남,21세,경상
2018103000100276,2018년 10월 30일 12시,화요일,충청남도 천안시 서북구 직산읍,중상사고,0,1,0,0,차대사람 - 기타,안전운전불이행,건조,맑음,단일로 - 기타,승용,여,30세,상해없음,보행자,남,84세,중상
2018103000100468,2018년 10월 30일 17시,화요일,충청남도 천안시 서북구 두정동,경상사고,0,0,1,0,차대차 - 추돌,안전운전불이행,건조,맑음,교차로 - 교차로부근,승용,여,53세,상해없음,승용,여,49세,경상
2018103000100519,2018년 10월 30일 18시,화요일,충청남도 천안시 서북구 쌍용동,경상사고,0,0,1,0,차대차 - 기타,안전운전불이행,건조,맑음,단일로 - 기타,승합,남,62세,상해없음,승용,여,26세,경상
2018103000100522,2018년 10월 30일 18시,화요일,충청남도 천안시 동남구 북면,경상사고,0,0,1,0,차대차 - 추돌,안전거리미확보,건조,맑음,단일로 - 기타,승용,남,55세,상해없음,승용,남,40세,경상
2018103000100619,2018년 10월 30일 20시,화요일,충청남도 천안시 서북구 직산읍,경상사고,0,0,1,0,차대차 - 추돌,안전운전불이행,건조,맑음,교차로 - 교차로부근,승합,여,39세,상해없음,화물,남,36세,경상
2018103000100620,2018년 10월 30일 20시,화요일,충청남도 천안시 동남구 신방동,경상사고,0,0,2,0,차대차 - 기타,신호위반,건조,맑음,교차로 - 교차로안,승용,남,42세,상해없음,승용,여,39세,경상
2018103100100011,2018년 10월 31일 00시,수요일,충청남도 천안시 서북구 성환읍,경상사고,0,0,1,0,차대차 - 기타,안전운전불이행,건조,맑음,단일로 - 기타,승용,남,42세,상해없음,승용,남,35세,경상
2018103100100044,2018년 10월 31일 04시,수요일,충청남도 천안시 동남구 신부동,중상사고,0,2,0,0,차대차 - 기타,안전운전불이행,건조,맑음,단일로 - 터널,승용,남,25세,상해없음,이륜,여,54세,중상
2018103100100118,2018년 10월 31일 08시,수요일,충청남도 천안시 동남구 신방동,경상사고,0,0,3,0,차대차 - 측면충돌,안전운전불이행,건조,맑음,단일로 - 기타,승용,남,46세,상해없음,승용,여,39세,경상
2018103100100189,2018년 10월 31일 10시,수요일,충청남도 천안시 서북구 직산읍,경상사고,0,0,1,0,차대차 - 측면충돌,안전운전불이행,건조,맑음,교차로 - 교차로부근,화물,남,52세,상해없음,승용,남,44세,경상
2018103100100192,2018년 10월 31일 10시,수요일,충청남도 천안시 동남구 북면,경상사고,0,0,1,0,차대차 - 기타,안전운전불이행,건조,맑음,교차로 - 교차로부근,승용,남,64세,상해없음,승용,남,54세,상해없음
2018103100100226,2018년 10월 31일 11시,수요일,충청남도 천안시 서북구 성환읍,경상사고,0,0,1,0,차대차 - 기타,교차로운행방법위반,건조,맑음,교차로 - 교차로부근,화물,남,72세,상해없음,승용,여,42세,경상
2018103100100294,2018년 10월 31일 13시,수요일,충청남도 천안시 서북구 두정동,경상사고,0,0,1,0,차대차 - 측면충돌,안전운전불이행,건조,맑음,단일로 - 기타,승용,남,31세,상해없음,승용,여,40세,경상
2018103100100326,2018년 10월 31일 14시,수요일,충청남도 천안시 동남구 삼룡동,경상사고,0,0,1,0,차대차 - 측면충돌,안전운전불이행,건조,맑음,교차로 - 교차로부근,승용,남,48세,상해없음,승용,남,70세,경상
2018103100100353,2018년 10월 31일 15시,수요일,충청남도 천안시 서북구 성거읍,중상사고,0,1,0,0,차대차 - 측면충돌,교차로운행방법위반,건조,맑음,교차로 - 교차로안,승합,남,38세,상해없음,기타불명,여,60세,중상
2018103100100570,2018년 10월 31일 19시,수요일,충청남도 천안시 서북구 쌍용동,경상사고,0,0,1,0,차대차 - 추돌,안전거리미확보,건조,맑음,단일로 - 터널,화물,남,23세,상해없음,승용,여,39세,경상
2018103100100628,2018년 10월 31일 21시,수요일,충청남도 천안시 동남구 신방동,경상사고,0,0,1,0,차대차 - 측면충돌,직진우회전진행방해,건조,맑음,교차로 - 교차로안,승용,남,69세,상해없음,승용,여,26세,경상
2018103100100651,2018년 10월 31일 22시,수요일,충청남도 천안시 서북구 성성동,중상사고,0,2,0,0,차대차 - 기타,중앙선침범,건조,맑음,단일로 - 기타,승용,남,21세,상해없음,승용,남,45세,중상
2018103100100652,2018년 10월 31일 22시,수요일,충청남도 천안시 서북구 불당동,중상사고,0,1,0,0,차대차 - 측면충돌,신호위반,건조,맑음,교차로 - 교차로안,화물,남,43세,상해없음,승용,남,35세,상해없음
2018103100100653,2018년 10월 31일 22시,수요일,충청남도 천안시 서북구 성정동,중상사고,0,1,0,0,차대차 - 측면충돌,교차로운행방법위반,건조,맑음,교차로 - 교차로안,승용,여,40세,상해없음,이륜,남,21세,중상
2018103100100654,2018년 10월 31일 22시,수요일,충청남도 천안시 동남구 목천읍,경상사고,0,0,1,0,차대차 - 측면충돌,안전운전불이행,건조,맑음,주차장 - 주차장,승용,남,38세,상해없음,승용,남,29세,경상
2018110100100035,2018년 11월 1일 03시,목요일,충청남도 천안시 서북구 백석동,중상사고,0,1,1,0,차대차 - 측면충돌,안전운전불이행,건조,맑음,교차로 - 교차로안,승용,남,21세,중상,화물,남,36세,경상
2018110100100123,2018년 11월 1일 08시,목요일,충청남도 천안시 동남구 안서동,경상사고,0,0,1,0,차대사람 - 기타,안전운전불이행,건조,맑음,단일로 - 기타,승용,여,40세,상해없음,보행자,남,19세,경상
2018110100100271,2018년 11월 1일 12시,목요일,충청남도 천안시 서북구 차암동,중상사고,0,1,0,0,차대차 - 기타,직진우회전진행방해,건조,맑음,교차로 - 교차로안,승용,여,49세,상해없음,승용,남,40세,중상
2018110100100377,2018년 11월 1일 15시,목요일,충청남도 천안시 서북구 불당동,경상사고,0,0,1,0,차대차 - 기타,안전거리미확보,건조,맑음,교차로 - 교차로부근,승용,여,29세,상해없음,승합,여,49세,경상
2018110100100380,2018년 11월 1일 15시,목요일,충청남도 천안시 동남구 삼룡동,경상사고,0,0,2,0,차대차 - 추돌,안전운전불이행,건조,맑음,단일로 - 기타,승용,남,45세,상해없음,승용,여,57세,경상
2018110100100570,2018년 11월 1일 19시,목요일,충청남도 천안시 동남구 구성동,중상사고,0,2,0,0,차대사람 - 기타,신호위반,건조,맑음,단일로 - 기타,승용,남,66세,상해없음,보행자,여,42세,중상
2018110100100603,2018년 11월 1일 20시,목요일,충청남도 천안시 서북구 쌍용동,경상사고,0,0,2,0,차대차 - 측면충돌,신호위반,건조,맑음,교차로 - 교차로안,승용,여,49세,상해없음,승용,남,70세,경상
2018110100100637,2018년 11월 1일 21시,목요일,충청남도 천안시 서북구 쌍용동,경상사고,0,0,1,0,차대사람 - 보도통행중,기타,건조,맑음,단일로 - 기타,승용,남,51세,상해없음,보행자,남,48세,경상
2018110200100020,2018년 11월 2일 01시,금요일,충청남도 천안시 서북구 성정동,중상사고,0,1,0,0,차대차 - 기타,안전거리미확보,건조,맑음,교차로 - 교차로부근,이륜,남,29세,중상,승용,남,28세,상해없음
2018110200100071,2018년 11월 2일 06시,금요일,충청남도 천안시 서북구 불당동,사망사고,1,1,0,0,차대차 - 측면충돌,신호위반,건조,흐림,교차로 - 교차로안,화물,남,67세,사망,승용,남,41세,중상
2018110200100072,2018년 11월 2일 06시,금요일,충청남도 천안시 서북구 직산읍,경상사고,0,0,1,0,차대차 - 측면충돌,교차로운행방법위반,건조,맑음,교차로 - 교차로안,농기계,남,85세,상해없음,승용,남,55세,경상
2018110200100082,2018년 11월 2일 07시,금요일,충청남도 천안시 서북구 성거읍,중상사고,0,1,1,0,차대차 - 추돌,과속,건조,맑음,단일로 - 기타,승용,남,56세,경상,승용,남,72세,중상
2018110200100083,2018년 11월 2일 07시,금요일,충청남도 천안시 서북구 성환읍,사망사고,1,0,0,0,차대차 - 측면충돌,중앙선침범,건조,맑음,교차로 - 교차로부근,승용,여,58세,상해없음,원동기,여,63세,사망
2018110200100132,2018년 11월 2일 08시,금요일,충청남도 천안시 서북구 성거읍,경상사고,0,0,1,0,차대차 - 추돌,안전운전불이행,건조,맑음,단일로 - 기타,승용,남,35세,상해없음,화물,남,57세,경상
2018110200100601,2018년 11월 2일 18시,금요일,충청남도 천안시 서북구 불당동,경상사고,0,0,4,0,차대차 - 측면충돌,교차로운행방법위반,건조,맑음,단일로 - 기타,승용,여,43세,상해없음,승용,남,41세,경상
2018110200100804,2018년 11월 2일 22시,금요일,충청남도 천안시 서북구 두정동,경상사고,0,0,1,0,차대차 - 기타,기타,건조,맑음,단일로 - 기타,승용,남,60세,상해없음,이륜,남,27세,경상
2018110200100833,2018년 11월 2일 23시,금요일,충청남도 천안시 동남구 신부동,경상사고,0,0,2,0,차대차 - 추돌,안전운전불이행,건조,맑음,교차로 - 교차로부근,승합,남,63세,상해없음,승용,여,45세,경상
2018110300100045,2018년 11월 3일 02시,토요일,충청남도 천안시 동남구 목천읍,경상사고,0,0,2,0,차대차 - 측면충돌,중앙선침범,건조,맑음,단일로 - 기타,승용,남,26세,상해없음,승용,남,45세,경상
2018110300100267,2018년 11월 3일 12시,토요일,충청남도 천안시 서북구 입장면,경상사고,0,0,1,0,차대차 - 추돌,안전거리미확보,건조,맑음,교차로 - 교차로부근,건설기계,남,52세,상해없음,승용,여,57세,경상
2018110300100383,2018년 11월 3일 15시,토요일,충청남도 천안시 서북구 두정동,경상사고,0,0,1,0,차대사람 - 보도통행중,기타,건조,맑음,교차로 - 교차로부근,화물,남,21세,상해없음,보행자,여,25세,경상
2018110300100385,2018년 11월 3일 15시,토요일,충청남도 천안시 동남구 성남면,경상사고,0,0,3,0,차대차 - 후진중충돌,안전운전불이행,건조,맑음,기타 - 기타,승용,여,62세,상해없음,승용,남,24세,경상
2018110300100420,2018년 11월 3일 16시,토요일,충청남도 천안시 서북구 두정동,경상사고,0,0,1,0,차대차 - 기타,신호위반,건조,맑음,교차로 - 교차로안,승용,남,50세,상해없음,승용,남,25세,경상
2018110300100422,2018년 11월 3일 16시,토요일,충청남도 천안시 동남구 신부동,경상사고,0,0,2,0,차대차 - 추돌,안전운전불이행,건조,맑음,교차로 - 교차로부근,승용,남,57세,상해없음,승용,여,31세,경상
2018110300100515,2018년 11월 3일 18시,토요일,충청남도 천안시 동남구 청수동,경상사고,0,0,2,0,차대차 - 측면충돌,안전운전불이행,건조,맑음,단일로 - 기타,승용,남,32세,상해없음,승용,여,45세,경상
2018110300100626,2018년 11월 3일 22시,토요일,충청남도 천안시 서북구 두정동,중상사고,0,1,0,0,차대차 - 측면충돌,차로위반,건조,맑음,단일로 - 기타,승용,남,41세,상해없음,이륜,남,26세,중상
2018110400100039,2018년 11월 4일 02시,일요일,충청남도 천안시 서북구 두정동,경상사고,0,0,1,0,차대사람 - 기타,안전운전불이행,건조,맑음,교차로 - 교차로안,화물,남,28세,상해없음,보행자,남,18세,경상
2018110400100229,2018년 11월 4일 13시,일요일,충청남도 천안시 동남구 목천읍,중상사고,0,1,2,0,차대차 - 추돌,안전거리미확보,건조,맑음,단일로 - 기타,승용,남,71세,상해없음,승용,남,35세,중상
2018110400100523,2018년 11월 4일 22시,일요일,충청남도 천안시 서북구 불당동,경상사고,0,0,1,0,차대차 - 추돌,안전운전불이행,건조,맑음,교차로 - 교차로부근,승용,남,25세,상해없음,승용,남,36세,경상
2018110500100158,2018년 11월 5일 09시,월요일,충청남도 천안시 동남구 용곡동,중상사고,0,1,0,0,차대차 - 측면충돌,교차로운행방법위반,건조,맑음,교차로 - 교차로안,승용,남,37세,상해없음,이륜,여,53세,중상
2018110500100199,2018년 11월 5일 10시,월요일,충청남도 천안시 동남구 목천읍,경상사고,0,0,1,0,차대차 - 기타,안전운전불이행,건조,맑음,단일로 - 기타,화물,남,58세,상해없음,승합,남,47세,상해없음
2018110500100237,2018년 11월 5일 11시,월요일,충청남도 천안시 서북구 성정동,경상사고,0,0,2,0,차대차 - 측면충돌,안전운전불이행,건조,맑음,교차로 - 교차로안,승용,남,50세,경상,승용,여,54세,경상
2018110500100309,2018년 11월 5일 13시,월요일,충청남도 천안시 서북구 성환읍,경상사고,0,0,1,0,차대차 - 추돌,안전운전불이행,건조,맑음,단일로 - 기타,이륜,남,18세,경상,화물,남,50세,상해없음
2018110500100310,2018년 11월 5일 13시,월요일,충청남도 천안시 서북구 성정동,경상사고,0,0,1,0,차대차 - 측면충돌,안전운전불이행,건조,맑음,단일로 - 기타,승합,남,53세,상해없음,승합,남,58세,상해없음
2018110500100344,2018년 11월 5일 14시,월요일,충청남도 천안시 서북구 쌍용동,경상사고,0,0,3,0,차대차 - 측면충돌,안전운전불이행,건조,맑음,교차로 - 교차로안,승용,남,61세,경상,승용,남,54세,경상
2018110500100422,2018년 11월 5일 16시,월요일,충청남도 천안시 동남구 영성동,중상사고,0,1,0,0,차대차 - 후진중충돌,안전운전불이행,건조,맑음,단일로 - 기타,승용,남,51세,상해없음,자전거,남,62세,중상
2018110500100423,2018년 11월 5일 16시,월요일,충청남도 천안시 동남구 목천읍,경상사고,0,0,1,0,차대사람 - 보도통행중,기타,건조,맑음,기타 - 기타,화물,남,42세,상해없음,보행자,여,32세,경상
2018110600100063,2018년 11월 6일 07시,화요일,충청남도 천안시 동남구 신부동,경상사고,0,0,1,0,차대차 - 측면충돌,안전운전불이행,건조,맑음,단일로 - 기타,화물,남,54세,상해없음,승용,남,56세,경상
2018110600100102,2018년 11월 6일 08시,화요일,충청남도 천안시 서북구 성거읍,경상사고,0,0,3,0,차대차 - 추돌,안전거리미확보,건조,맑음,단일로 - 기타,승용,남,37세,상해없음,승용,남,38세,경상
2018110600100144,2018년 11월 6일 09시,화요일,충청남도 천안시 서북구 쌍용동,중상사고,0,1,0,0,차대사람 - 차도통행중,안전운전불이행,건조,맑음,교차로 - 교차로부근,승용,남,23세,상해없음,보행자,여,32세,중상
2018110600100176,2018년 11월 6일 10시,화요일,충청남도 천안시 동남구 목천읍,경상사고,0,0,2,0,차대차 - 측면충돌,안전운전불이행,건조,맑음,교차로 - 교차로안,승용,여,35세,경상,승용,남,51세,경상
2018110600100243,2018년 11월 6일 12시,화요일,충청남도 천안시 서북구 성환읍,중상사고,0,1,0,0,차대차 - 추돌,안전거리미확보,건조,맑음,단일로 - 기타,화물,남,25세,상해없음,자전거,남,71세,중상
2018110600100245,2018년 11월 6일 12시,화요일,충청남도 천안시 동남구 목천읍,경상사고,0,0,1,0,차대사람 - 기타,안전운전불이행,건조,맑음,단일로 - 기타,승용,남,72세,상해없음,보행자,여,56세,경상
2018110600100457,2018년 11월 6일 18시,화요일,충청남도 천안시 서북구 쌍용동,경상사고,0,0,1,0,차대사람 - 횡단중,안전운전불이행,건조,맑음,단일로 - 기타,승용,여,41세,상해없음,보행자,남,13세,경상