사고번호,사고일시,요일,시군구,사고내용,사망자수,중상자수,경상자수,부상신고자수,사고유형,법규위반,노면상태,기상상태,도로형태,가해운전자 차종,가해운전자 성별,가해운전자 연령,가해운전자 상해정도,피해운전자 차종,피해운전자 성별,피해운전자 연령,피해운전자 상해정도
2018112100100616,2018년 11월 21일 23시,수요일,충청남도 천안시 동남구 병천면,경상사고,0,0,1,0,차량단독 - 공작물충돌,안전운전불이행,건조,맑음,교차로 - 교차로안,승용,남,26세,경상,,,,
2018112200100130,2018년 11월 22일 08시,목요일,충청남도 천안시 서북구 성거읍,중상사고,0,1,0,1,차대사람 - 횡단중,안전운전불이행,건조,맑음,단일로 - 기타,이륜,남,68세,부상신고,보행자,여,68세,중상
2018112200100131,2018년 11월 22일 08시,목요일,충청남도 천안시 서북구 차암동,경상사고,0,0,1,0,차대차 - 추돌,안전운전불이행,건조,맑음,교차로 - 교차로부근,승용,남,31세,상해없음,승용,여,30세,경상
2018112200100180,2018년 11월 22일 09시,목요일,충청남도 천안시 서북구 성정동,중상사고,0,1,0,0,차대차 - 측면충돌,직진우회전진행방해,건조,맑음,교차로 - 교차로안,승용,여,37세,상해없음,원동기,남,54세,중상
2018112200100219,2018년 11월 22일 10시,목요일,충청남도 천안시 동남구 삼룡동,경상사고,0,0,2,0,차대차 - 측면충돌,안전운전불이행,건조,맑음,단일로 - 기타,화물,남,38세,상해없음,승용,남,50세,경상
2018112200100220,2018년 11월 22일 10시,목요일,충청남도 천안시 동남구 영성동,경상사고,0,0,1,0,차대사람 - 횡단중,안전운전불이행,건조,맑음,교차로 - 교차로안,승용,여,49세,상해없음,보행자,남,65세,경상
2018112200100315,2018년 11월 22일 13시,목요일,충청남도 천안시 동남구 풍세면,경상사고,0,0,1,0,차대차 - 추돌,안전운전불이행,건조,맑음,단일로 - 기타,화물,남,44세,상해없음,승용,여,34세,경상
2018112200100355,2018년 11월 22일 14시,목요일,충청남도 천안시 동남구 구성동,경상사고,0,0,1,0,차대차 - 기타,안전운전불이행,건조,맑음,기타 - 기타,승용,남,32세,상해없음,승용,남,28세,경상
2018112200100392,2018년 11월 22일 15시,목요일,충청남도 천안시 서북구 성거읍,경상사고,0,0,3,0,차대차 - 측면충돌,안전운전불이행,건조,맑음,단일로 - 기타,승용,여,42세,상해없음,승합,남,30세,경상
2018112200100530,2018년 11월 22일 18시,목요일,충청남도 천안시 서북구 두정동,경상사고,0,0,1,0,차대차 - 측면충돌,안전거리미확보,건조,흐림,단일로 - 기타,화물,남,52세,상해없음,승용,남,33세,경상
2018112200100534,2018년 11월 22일 18시,목요일,충청남도 천안시 동남구 목천읍,경상사고,0,0,1,0,차대차 - 측면충돌,안전거리미확보,건조,맑음,기타 - 기타,기타불명,기타불명,기타불명,기타불명,승용,남,24세,경상
2018112300100373,2018년 11월 23일 15시,금요일,충청남도 천안시 서북구 성거읍,경상사고,0,0,2,3,차대차 - 추돌,안전운전불이행,건조,맑음,단일로 - 기타,승용,남,76세,상해없음,승용,여,41세,부상신고
2018112300100413,2018년 11월 23일 16시,금요일,충청남도 천안시 서북구 백석동,경상사고,0,0,2,0,차대차 - 측면충돌,중앙선침범,건조,흐림,단일로 - 기타,승용,남,67세,상해없음,승용,남,55세,경상
2018112300100415,2018년 11월 23일 16시,금요일,충청남도 천안시 동남구 봉명동,경상사고,0,0,1,0,차대사람 - 횡단중,안전운전불이행,건조,맑음,교차로 - 교차로횡단보도내,승용,남,50세,상해없음,보행자,남,64세,경상
2018112300100416,2018년 11월 23일 16시,금요일,충청남도 천안시 동남구 봉명동,중상사고,0,1,0,0,차대차 - 측면충돌,기타,건조,맑음,기타 - 기타,원동기,남,81세,중상,승용,남,55세,상해없음
2018112300100676,2018년 11월 23일 21시,금요일,충청남도 천안시 서북구 쌍용동,경상사고,0,0,1,0,차대사람 - 기타,안전운전불이행,건조,맑음,단일로 - 기타,기타불명,기타불명,미분류,기타불명,보행자,남,46세,경상
2018112400100020,2018년 11월 24일 00시,토요일,충청남도 천안시 동남구 목천읍,경상사고,0,0,3,0,차대차 - 측면충돌,신호위반,건조,맑음,교차로 - 교차로안,승용,남,42세,경상,승용,남,50세,경상
2018112400100118,2018년 11월 24일 06시,토요일,충청남도 천안시 동남구 병천면,중상사고,0,1,0,0,차대사람 - 기타,안전운전불이행,건조,흐림,교차로 - 교차로부근,승용,여,54세,상해없음,보행자,여,55세,중상
2018112400100181,2018년 11월 24일 08시,토요일,충청남도 천안시 서북구 불당동,중상사고,0,1,1,0,차대차 - 추돌,안전운전불이행,젖음/습기,비,교차로 - 교차로부근,승용,여,47세,상해없음,승용,여,56세,중상
2018112400100391,2018년 11월 24일 14시,토요일,충청남도 천안시 동남구 안서동,경상사고,0,0,1,0,차대차 - 추돌,안전거리미확보,건조,맑음,단일로 - 기타,승용,남,71세,상해없음,승용,여,52세,경상
2018112400100525,2018년 11월 24일 18시,토요일,충청남도 천안시 동남구 봉명동,경상사고,0,0,2,0,차대차 - 측면충돌,안전운전불이행,건조,맑음,교차로 - 교차로안,승용,남,25세,상해없음,승용,남,46세,경상
2018112400100679,2018년 11월 24일 22시,토요일,충청남도 천안시 서북구 백석동,중상사고,0,2,1,0,차대차 - 추돌,안전거리미확보,건조,맑음,교차로 - 교차로부근,승용,남,54세,경상,승용,남,31세,중상
2018112500100065,2018년 11월 25일 06시,일요일,충청남도 천안시 서북구 두정동,경상사고,0,0,1,0,차대차 - 측면충돌,차로위반,건조,맑음,단일로 - 기타,승용,남,66세,상해없음,승용,남,24세,경상
2018112500100078,2018년 11월 25일 07시,일요일,충청남도 천안시 서북구 쌍용동,경상사고,0,0,1,0,차대차 - 기타,신호위반,건조,맑음,교차로 - 교차로안,승용,남,62세,상해없음,승용,남,59세,경상
2018112500100184,2018년 11월 25일 13시,일요일,충청남도 천안시 동남구 오룡동,경상사고,0,0,2,0,차대차 - 측면충돌,안전운전불이행,건조,맑음,교차로 - 교차로안,승용,여,52세,상해없음,승용,남,30세,경상
2018112500100234,2018년 11월 25일 15시,일요일,충청남도 천안시 서북구 두정동,중상사고,0,1,0,0,차대차 - 측면충돌,안전운전불이행,건조,맑음,단일로 - 기타,승용,남,67세,상해없음,이륜,남,26세,중상
2018112500100265,2018년 11월 25일 16시,일요일,충청남도 천안시 서북구 성정동,경상사고,0,0,1,0,차대차 - 측면충돌,교차로운행방법위반,건조,맑음,교차로 - 교차로안,승용,여,50세,상해없음,이륜,남,54세,경상
2018112500100388,2018년 11월 25일 20시,일요일,충청남도 천안시 서북구 성정동,경상사고,0,0,1,0,차대사람 - 기타,안전운전불이행,건조,맑음,단일로 - 기타,승용,여,24세,상해없음,보행자,여,75세,경상
2018112500100389,2018년 11월 25일 20시,일요일,충청남도 천안시 서북구 입장면,중상사고,0,1,9,0,차대차 - 추돌,안전거리미확보,건조,맑음,기타 - 기타,승용,남,24세,기타불명,승합,남,54세,상해없음
2018112500100404,2018년 11월 25일 21시,일요일,충청남도 천안시 서북구 입장면,경상사고,0,0,2,0,차대차 - 추돌,안전거리미확보,건조,맑음,기타 - 기타,승용,남,27세,상해없음,승용,여,28세,경상
2018112600100038,2018년 11월 26일 04시,월요일,충청남도 천안시 서북구 두정동,경상사고,0,0,1,0,차대사람 - 기타,안전운전불이행,건조,맑음,교차로 - 교차로안,승용,남,33세,상해없음,보행자,남,34세,경상
2018112600100172,2018년 11월 26일 09시,월요일,충청남도 천안시 서북구 성정동,경상사고,0,0,1,0,차대차 - 기타,안전운전불이행,건조,맑음,교차로 - 교차로안,승용,여,47세,상해없음,이륜,남,27세,경상
2018112600100174,2018년 11월 26일 09시,월요일,충청남도 천안시 동남구 목천읍,중상사고,0,1,0,0,차대사람 - 기타,안전운전불이행,건조,맑음,교차로 - 교차로안,승용,남,84세,상해없음,보행자,여,90세 이상,중상
2018112600100333,2018년 11월 26일 14시,월요일,충청남도 천안시 동남구 원성동,경상사고,0,0,1,0,차대차 - 기타,안전운전불이행,건조,맑음,교차로 - 교차로안,자전거,남,13세,경상,승용,남,36세,상해없음
2018112600100334,2018년 11월 26일 14시,월요일,충청남도 천안시 동남구 봉명동,경상사고,0,0,1,0,차대사람 - 길가장자리구역통행중,안전운전불이행,건조,맑음,단일로 - 기타,승용,여,39세,상해없음,보행자,남,11세,경상
2018112600100368,2018년 11월 26일 15시,월요일,충청남도 천안시 동남구 원성동,중상사고,0,1,0,0,차대차 - 측면충돌,교차로운행방법위반,건조,맑음,교차로 - 교차로안,이륜,남,26세,중상,승용,남,52세,상해없음
2018112600100513,2018년 11월 26일 18시,월요일,충청남도 천안시 서북구 쌍용동,경상사고,0,0,1,0,차대차 - 추돌,안전운전불이행,건조,맑음,교차로 - 교차로부근,승용,남,25세,상해없음,승용,남,24세,경상
2018112600100514,2018년 11월 26일 18시,월요일,충청남도 천안시 서북구 쌍용동,중상사고,0,1,0,0,차대차 - 추돌,안전운전불이행,건조,맑음,단일로 - 기타,승용,남,40세,상해없음,승용,남,54세,중상
2018112600100557,2018년 11월 26일 19시,월요일,충청남도 천안시 서북구 성정동,경상사고,0,0,1,0,차대차 - 측면충돌,안전운전불이행,건조,맑음,단일로 - 기타,이륜,남,17세,경상,승용,남,57세,상해없음
2018112600100588,2018년 11월 26일 20시,월요일,충청남도 천안시 서북구 불당동,경상사고,0,0,3,0,차대차 - 추돌,안전운전불이행,건조,맑음,단일로 - 기타,승용,남,28세,경상,승용,남,28세,경상
2018112600100638,2018년 11월 26일 22시,월요일,충청남도 천안시 서북구 두정동,경상사고,0,0,2,0,차대차 - 측면충돌,안전운전불이행,건조,맑음,교차로 - 교차로안,승용,남,25세,상해없음,승용,남,58세,경상
2018112600100649,2018년 11월 26일 23시,월요일,충청남도 천안시 서북구 두정동,사망사고,1,0,0,0,차량단독 - 공작물충돌,안전운전불이행,건조,맑음,단일로 - 기타,승용,남,31세,사망,,,,
2018112700100004,2018년 11월 27일 00시,화요일,충청남도 천안시 서북구 직산읍,경상사고,0,0,2,0,차대차 - 기타,신호위반,건조,맑음,교차로 - 교차로안,승용,남,27세,상해없음,승용,남,50세,경상
2018112700100023,2018년 11월 27일 02시,화요일,충청남도 천안시 서북구 성정동,경상사고,0,0,1,0,차대차 - 추돌,안전운전불이행,건조,맑음,단일로 - 기타,승용,여,33세,상해없음,승용,남,27세,경상
2018112700100041,2018년 11월 27일 05시,화요일,충청남도 천안시 서북구 쌍용동,경상사고,0,0,1,0,차대차 - 추돌,안전운전불이행,건조,맑음,단일로 - 기타,승용,남,44세,상해없음,승용,여,55세,경상
2018112700100209,2018년 11월 27일 11시,화요일,충청남도 천안시 서북구 백석동,경상사고,0,0,1,0,차대차 - 측면충돌,교차로운행방법위반,건조,맑음,교차로 - 교차로안,승용,남,66세,상해없음,승용,남,43세,경상
2018112700100211,2018년 11월 27일 11시,화요일,충청남도 천안시 동남구 청수동,경상사고,0,0,1,0,차대차 - 추돌,안전거리미확보,건조,맑음,교차로 - 교차로부근,승용,남,56세,상해없음,승용,남,80세,경상
2018112700100293,2018년 11월 27일 14시,화요일,충청남도 천안시 동남구 광덕면,중상사고,0,1,4,0,차대차 - 측면충돌,안전운전불이행,건조,맑음,단일로 - 기타,승용,여,68세,상해없음,승용,남,52세,경상
2018112700100399,2018년 11월 27일 17시,화요일,충청남도 천안시 동남구 청당동,경상사고,0,0,1,0,차대차 - 측면충돌,안전운전불이행,건조,맑음,단일로 - 기타,특수,남,57세,상해없음,승용,여,23세,경상
2018112700100449,2018년 11월 27일 18시,화요일,충청남도 천안시 동남구 구룡동,중상사고,0,1,0,0,차대사람 - 횡단중,보행자보호의무위반,건조,맑음,교차로 - 교차로횡단보도내,승용,여,42세,상해없음,보행자,여,14세,중상
2018112700100530,2018년 11월 27일 20시,화요일,충청남도 천안시 서북구 성정동,경상사고,0,0,1,0,차대차 - 기타,안전운전불이행,건조,맑음,교차로 - 교차로부근,승합,남,43세,상해없음,이륜,남,24세,경상
2018112800100222,2018년 11월 28일 11시,수요일,충청남도 천안시 서북구 성정동,중상사고,0,1,0,0,차대차 - 기타,신호위반,건조,맑음,교차로 - 교차로안,승용,남,59세,상해없음,이륜,남,40세,중상
2018112800100325,2018년 11월 28일 14시,수요일,충청남도 천안시 동남구 목천읍,경상사고,0,0,1,0,차대차 - 추돌,안전거리미확보,건조,맑음,단일로 - 기타,승용,남,27세,상해없음,승용,남,62세,경상
2018112800100350,2018년 11월 28일 15시,수요일,충청남도 천안시 서북구 불당동,경상사고,0,0,2,0,차대차 - 기타,신호위반,건조,맑음,교차로 - 교차로안,승용,여,61세,상해없음,승용,여,31세,경상
2018112800100386,2018년 11월 28일 16시,수요일,충청남도 천안시 서북구 성정동,경상사고,0,0,1,0,차대차 - 기타,기타,건조,맑음,단일로 - 기타,화물,남,38세,상해없음,자전거,남,61세,경상
2018112800100389,2018년 11월 28일 16시,수요일,충청남도 천안시 동남구 오룡동,중상사고,0,1,1,0,차대사람 - 횡단중,안전운전불이행,건조,맑음,단일로 - 기타,이륜,여,53세,상해없음,보행자,여,70세,경상
2018112800100425,2018년 11월 28일 17시,수요일,충청남도 천안시 서북구 불당동,경상사고,0,0,1,0,차대차 - 측면충돌,안전거리미확보,건조,맑음,단일로 - 기타,이륜,남,77세,경상,화물,남,34세,상해없음
2018112800100426,2018년 11월 28일 17시,수요일,충청남도 천안시 서북구 성정동,경상사고,0,0,1,0,차대차 - 측면충돌,직진우회전진행방해,건조,맑음,교차로 - 교차로안,승용,남,32세,상해없음,이륜,남,44세,경상
2018112800100427,2018년 11월 28일 17시,수요일,충청남도 천안시 서북구 백석동,중상사고,0,1,0,0,차대사람 - 횡단중,보행자보호의무위반,건조,맑음,단일로 - 기타,승용,여,30세,상해없음,보행자,여,71세,중상
2018112800100551,2018년 11월 28일 20시,수요일,충청남도 천안시 서북구 성성동,경상사고,0,0,1,0,차대차 - 추돌,안전운전불이행,건조,맑음,단일로 - 기타,화물,남,25세,상해없음,승용,남,29세,경상
2018112800100552,2018년 11월 28일 20시,수요일,충청남도 천안시 동남구 신부동,경상사고,0,0,2,0,차대차 - 기타,안전거리미확보,건조,맑음,단일로 - 기타,승용,남,45세,상해없음,승합,남,51세,상해없음
2018112800100639,2018년 11월 28일 23시,수요일,충청남도 천안시 서북구 두정동,경상사고,0,0,2,0,차대사람 - 기타,안전운전불이행,건조,맑음,교차로 - 교차로안,승용,여,24세,상해없음,보행자,남,46세,경상
2018112900100165,2018년 11월 29일 10시,목요일,충청남도 천안시 동남구 신방동,중상사고,0,1,0,0,차대차 - 기타,교차로운행방법위반,건조,맑음,교차로 - 교차로안,승용,남,52세,상해없음,승용,여,50세,중상
2018112900100219,2018년 11월 29일 12시,목요일,충청남도 천안시 서북구 쌍용동,중상사고,0,1,0,0,차대사람 - 차도통행중,안전운전불이행,건조,맑음,교차로 - 교차로안,화물,남,49세,상해없음,보행자,여,46세,중상
2018112900100265,2018년 11월 29일 14시,목요일,충청남도 천안시 서북구 두정동,경상사고,0,0,2,0,차대차 - 측면충돌,안전운전불이행,건조,맑음,단일로 - 기타,승용,남,50세,상해없음,화물,남,46세,경상
2018112900100293,2018년 11월 29일 15시,목요일,충청남도 천안시 동남구 청수동,중상사고,0,1,2,0,차대차 - 기타,교차로운행방법위반,건조,맑음,교차로 - 교차로안,승용,여,33세,경상,이륜,남,33세,중상
2018112900100374,2018년 11월 29일 17시,목요일,충청남도 천안시 서북구 입장면,경상사고,0,0,1,0,차대사람 - 횡단중,안전운전불이행,건조,맑음,교차로 - 교차로안,승용,여,41세,상해없음,보행자,여,75세,경상
2018112900100421,2018년 11월 29일 18시,목요일,충청남도 천안시 서북구 두정동,중상사고,0,1,0,0,차대사람 - 차도통행중,중앙선침범,건조,맑음,단일로 - 기타,승용,남,28세,상해없음,보행자,남,70세,중상
2018112900100422,2018년 11월 29일 18시,목요일,충청남도 천안시 서북구 불당동,경상사고,0,0,1,0,차대차 - 추돌,안전운전불이행,건조,맑음,단일로 - 기타,승용,남,40세,상해없음,승용,남,52세,경상
2018112900100498,2018년 11월 29일 20시,목요일,충청남도 천안시 서북구 성정동,중상사고,0,1,0,0,차대차 - 측면충돌,직진우회전진행방해,건조,맑음,교차로 - 교차로안,승용,남,28세,상해없음,승용,남,57세,중상
2018112900100521,2018년 11월 29일 21시,목요일,충청남도 천안시 서북구 성환읍,중상사고,0,2,1,0,차대차 - 측면충돌,과속,건조,맑음,단일로 - 기타,승용,남,42세,상해없음,승용,여,52세,중상
2018112900100567,2018년 11월 29일 23시,목요일,충청남도 천안시 서북구 쌍용동,경상사고,0,0,1,0,차량단독 - 기타,안전운전불이행,건조,맑음,단일로 - 기타,승합,남,53세,상해없음,,,,
2018113000100018,2018년 11월 30일 00시,금요일,충청남도 천안시 동남구 용곡동,경상사고,0,0,2,0,차대차 - 측면충돌,교차로운행방법위반,건조,맑음,교차로 - 교차로안,승용,남,24세,상해없음,승용,여,46세,경상
2018113000100075,2018년 11월 30일 06시,금요일,충청남도 천안시 서북구 쌍용동,중상사고,0,1,0,0,차대사람 - 횡단중,안전운전불이행,건조,맑음,교차로 - 교차로횡단보도내,승용,남,73세,상해없음,보행자,남,75세,중상
2018113000100323,2018년 11월 30일 14시,금요일,충청남도 천안시 서북구 입장면,사망사고,1,0,0,0,차대차 - 기타,직진우회전진행방해,건조,맑음,교차로 - 교차로안,화물,남,51세,상해없음,이륜,남,60세,사망
2018113000100366,2018년 11월 30일 15시,금요일,충청남도 천안시 동남구 신방동,중상사고,0,1,1,0,차대차 - 측면충돌,안전운전불이행,건조,맑음,단일로 - 기타,승용,여,56세,상해없음,승용,남,24세,경상
2018113000100513,2018년 11월 30일 18시,금요일,충청남도 천안시 서북구 불당동,경상사고,0,0,1,0,차대차 - 기타,안전거리미확보,건조,맑음,단일로 - 기타,이륜,남,58세,경상,승용,여,26세,상해없음
2018113000100582,2018년 11월 30일 19시,금요일,충청남도 천안시 서북구 성정동,경상사고,0,0,1,0,차대차 - 추돌,안전거리미확보,건조,맑음,단일로 - 기타,승합,남,24세,상해없음,승용,남,56세,경상
2018113000100613,2018년 11월 30일 20시,금요일,충청남도 천안시 동남구 신방동,경상사고,0,0,4,2,차대차 - 추돌,안전운전불이행,건조,맑음,단일로 - 기타,승용,남,31세,상해없음,승용,여,43세,경상
2018113000100723,2018년 11월 30일 23시,금요일,충청남도 천안시 서북구 성정동,경상사고,0,0,2,0,차대차 - 추돌,안전거리미확보,건조,맑음,교차로 - 교차로부근,승용,남,43세,상해없음,승용,남,29세,경상
2018120100100099,2018년 12월 1일 06시,토요일,충청남도 천안시 동남구 원성동,경상사고,0,0,1,0,차대차 - 추돌,안전운전불이행,건조,맑음,단일로 - 기타,승용,남,41세,상해없음,화물,남,65세,경상
2018120100100237,2018년 12월 1일 12시,토요일,충청남도 천안시 동남구 용곡동,경상사고,0,0,1,0,차대차 - 측면충돌,안전거리미확보,건조,맑음,단일로 - 기타,승용,남,50세,상해없음,승합,남,25세,경상
2018120100100317,2018년 12월 1일 14시,토요일,충청남도 천안시 동남구 영성동,경상사고,0,0,1,0,차대차 - 후진중충돌,안전운전불이행,건조,맑음,단일로 - 기타,승용,남,61세,상해없음,승용,남,29세,경상
2018120100100356,2018년 12월 1일 15시,토요일,충청남도 천안시 서북구 백석동,경상사고,0,0,1,0,차대사람 - 횡단중,안전운전불이행,건조,맑음,교차로 - 교차로안,승용,여,33세,상해없음,보행자,여,47세,경상
2018120100100396,2018년 12월 1일 16시,토요일,충청남도 천안시 동남구 쌍용동,경상사고,0,0,1,0,차대차 - 측면충돌,안전운전불이행,건조,맑음,단일로 - 기타,승용,여,48세,상해없음,승용,남,23세,경상
2018120100100513,2018년 12월 1일 19시,토요일,충청남도 천안시 서북구 불당동,중상사고,0,1,0,0,차대차 - 측면충돌,신호위반,건조,맑음,교차로 - 교차로안,승용,남,47세,상해없음,이륜,남,20세,중상
2018120200100326,2018년 12월 2일 18시,일요일,충청남도 천안시 동남구 사직동,중상사고,0,1,0,0,차대사람 - 횡단중,안전운전불이행,건조,맑음,단일로 - 기타,승용,남,66세,상해없음,보행자,남,52세,중상
2018120200100437,2018년 12월 2일 22시,일요일,충청남도 천안시 동남구 안서동,중상사고,0,1,0,0,차대차 - 기타,안전운전불이행,건조,맑음,단일로 - 기타,승용,남,44세,상해없음,이륜,여,19세,중상
2018120200100456,2018년 12월 2일 23시,일요일,충청남도 천안시 서북구 직산읍,경상사고,0,0,2,0,차대차 - 추돌,안전운전불이행,젖음/습기,비,교차로 - 교차로부근,승용,남,36세,상해없음,승용,남,41세,경상
2018120300100015,2018년 12월 3일 01시,월요일,충청남도 천안시 서북구 입장면,사망사고,1,0,3,0,차대차 - 추돌,안전운전불이행,건조,흐림,단일로 - 기타,승용,남,31세,사망,승용,남,60세,경상
2018120300100021,2018년 12월 3일 02시,월요일,충청남도 천안시 서북구 두정동,경상사고,0,0,1,0,차대차 - 측면충돌,신호위반,젖음/습기,흐림,교차로 - 교차로안,승용,남,35세,상해없음,승용,남,54세,경상
2018120300100283,2018년 12월 3일 13시,월요일,충청남도 천안시 서북구 업성동,경상사고,0,0,2,0,차대차 - 추돌,안전거리미확보,건조,맑음,단일로 - 기타,승용,남,34세,상해없음,승용,여,46세,경상
2018120300100284,2018년 12월 3일 13시,월요일,충청남도 천안시 동남구 안서동,경상사고,0,0,1,0,차량단독 - 기타,안전운전불이행,건조,맑음,단일로 - 기타,기타불명,기타불명,미분류,기타불명,,,,
2018120300100492,2018년 12월 3일 18시,월요일,충청남도 천안시 동남구 청당동,중상사고,0,1,0,0,차대차 - 측면충돌,안전운전불이행,건조,맑음,단일로 - 기타,승용,남,61세,상해없음,승용,남,44세,중상
2018120300100617,2018년 12월 3일 21시,월요일,충청남도 천안시 서북구 백석동,경상사고,0,0,4,0,차대차 - 추돌,안전운전불이행,젖음/습기,비,교차로 - 교차로부근,승용,남,56세,상해없음,승용,남,31세,경상
2018120300100618,2018년 12월 3일 21시,월요일,충청남도 천안시 서북구 백석동,중상사고,0,1,1,0,차대차 - 정면충돌,신호위반,젖음/습기,흐림,교차로 - 교차로안,이륜,남,18세,중상,승용,여,42세,경상
2018120400100074,2018년 12월 4일 06시,화요일,충청남도 천안시 서북구 직산읍,중상사고,0,1,0,0,차대사람 - 기타,안전운전불이행,젖음/습기,비,단일로 - 기타,승용,남,26세,상해없음,보행자,여,58세,중상
2018120400100141,2018년 12월 4일 08시,화요일,충청남도 천안시 동남구 구성동,중상사고,0,1,1,0,차대차 - 측면충돌,안전운전불이행,건조,맑음,단일로 - 기타,화물,남,35세,상해없음,승용,남,47세,중상
2018120400100495,2018년 12월 4일 19시,화요일,충청남도 천안시 서북구 쌍용동,경상사고,0,0,1,0,차대차 - 추돌,안전거리미확보,건조,맑음,단일로 - 기타,승용,남,25세,상해없음,승용,여,49세,경상
2018120400100543,2018년 12월 4일 21시,화요일,충청남도 천안시 서북구 성정동,중상사고,0,1,1,0,차대차 - 추돌,안전거리미확보,건조,맑음,단일로 - 기타,승용,남,25세,상해없음,승용,남,29세,중상
2018120500100045,2018년 12월 5일 05시,수요일,충청남도 천안시 동남구 신부동,경상사고,0,0,1,0,차대사람 - 횡단중,안전운전불이행,건조,맑음,교차로 - 교차로부근,승용,여,61세,상해없음,보행자,여,82세,경상
2018120500100133,2018년 12월 5일 08시,수요일,충청남도 천안시 서북구 불당동,중상사고,0,1,0,0,차대사람 - 횡단중,신호위반,건조,맑음,단일로 - 기타,승용,여,38세,상해없음,보행자,남,7세,중상
2018120500100136,2018년 12월 5일 08시,수요일,충청남도 천안시 동남구 신방동,중상사고,0,1,0,1,차대차 - 측면충돌,신호위반,건조,맑음,교차로 - 교차로안,승용,남,31세,부상신고,승용,남,28세,중상
2018120500100175,2018년 12월 5일 09시,수요일,충청남도 천안시 서북구 성정동,중상사고,0,1,1,0,차대차 - 측면충돌,신호위반,건조,맑음,교차로 - 교차로안,이륜,남,46세,중상,승용,여,31세,경상
2018120500100286,2018년 12월 5일 13시,수요일,충청남도 천안시 서북구 쌍용동,중상사고,0,1,0,1,차대사람 - 횡단중,신호위반,건조,맑음,교차로 - 교차로횡단보도내,화물,남,53세,상해없음,보행자,남,54세,중상
2018120500100307,2018년 12월 5일 14시,수요일,충청남도 천안시 서북구 성환읍,경상사고,0,0,1,0,차대차 - 측면충돌,신호위반,건조,흐림,교차로 - 교차로안,이륜,남,70세,경상,화물,남,78세,상해없음
2018120500100368,2018년 12월 5일 16시,수요일,충청남도 천안시 서북구 두정동,중상사고,0,1,0,0,차대차 - 기타,중앙선침범,건조,맑음,단일로 - 기타,자전거,남,79세,상해없음,승합,남,36세,상해없음
2018120500100456,2018년 12월 5일 18시,수요일,충청남도 천안시 서북구 불당동,경상사고,0,0,1,0,차대차 - 측면충돌,안전운전불이행,건조,맑음,단일로 - 기타,승합,남,52세,상해없음,승용,여,25세,경상
2018120500100459,2018년 12월 5일 18시,수요일,충청남도 천안시 동남구 신부동,경상사고,0,0,1,0,차대사람 - 차도통행중,안전운전불이행,건조,맑음,단일로 - 기타,승용,여,21세,상해없음,보행자,남,16세,경상
2018120500100565,2018년 12월 5일 22시,수요일,충청남도 천안시 서북구 성정동,경상사고,0,0,1,0,차대차 - 추돌,안전운전불이행,건조,맑음,단일로 - 기타,승용,여,32세,상해없음,화물,남,52세,경상
2018120600100009,2018년 12월 6일 00시,목요일,충청남도 천안시 서북구 직산읍,중상사고,0,1,2,0,차대차 - 추돌,안전운전불이행,건조,맑음,교차로 - 교차로부근,승용,남,35세,상해없음,승용,여,31세,중상
2018120600100039,2018년 12월 6일 04시,목요일,충청남도 천안시 서북구 두정동,경상사고,0,0,1,0,차대차 - 측면충돌,안전거리미확보,건조,맑음,단일로 - 기타,승용,남,30세,상해없음,승용,남,53세,경상
2018120600100094,2018년 12월 6일 07시,목요일,충청남도 천안시 서북구 두정동,경상사고,0,0,2,0,차대차 - 추돌,안전운전불이행,젖음/습기,맑음,단일로 - 기타,승용,남,32세,상해없음,승용,남,67세,경상
2018120600100263,2018년 12월 6일 12시,목요일,충청남도 천안시 동남구 대흥동,중상사고,0,1,0,0,차대사람 - 횡단중,안전운전불이행,건조,맑음,교차로 - 교차로안,승용,여,44세,상해없음,보행자,남,77세,중상
2018120600100426,2018년 12월 6일 17시,목요일,충청남도 천안시 서북구 불당동,경상사고,0,0,2,0,차대차 - 기타,차로위반,건조,맑음,교차로 - 교차로부근,화물,남,60세,상해없음,승용,남,66세,경상
2018120600100427,2018년 12월 6일 17시,목요일,충청남도 천안시 동남구 성남면,경상사고,0,0,1,0,차대차 - 측면충돌,신호위반,건조,맑음,교차로 - 교차로안,승용,남,56세,경상,건설기계,남,49세,상해없음
2018120600100428,2018년 12월 6일 17시,목요일,충청남도 천안시 동남구 목천읍,경상사고,0,0,1,0,차대차 - 측면충돌,직진우회전진행방해,건조,맑음,교차로 - 교차로부근,승용,남,47세,상해없음,승용,여,61세,경상
2018120600100579,2018년 12월 6일 20시,목요일,충청남도 천안시 서북구 백석동,경상사고,0,0,2,0,차대차 - 추돌,안전운전불이행,건조,맑음,교차로 - 교차로부근,승용,남,37세,상해없음,승용,남,34세,경상
2018120600100600,2018년 12월 6일 21시,목요일,충청남도 천안시 서북구 성정동,경상사고,0,0,1,0,차대사람 - 보도통행중,보행자보호의무위반,기타,흐림,교차로 - 교차로안,승용,남,59세,상해없음,보행자,여,25세,경상