사고번호,사고일시,요일,시군구,사고내용,사망자수,중상자수,경상자수,부상신고자수,사고유형,법규위반,노면상태,기상상태,도로형태,가해운전자 차종,가해운전자 성별,가해운전자 연령,가해운전자 상해정도,피해운전자 차종,피해운전자 성별,피해운전자 연령,피해운전자 상해정도
2019021100100402,2019년 2월 11일 18시,월요일,충청남도 천안시 동남구 신방동,경상사고,0,0,1,0,차대차 - 측면충돌,안전운전불이행,건조,맑음,기타 - 기타,승용,남,53세,상해없음,승용,남,68세,경상
2019021100100449,2019년 2월 11일 19시,월요일,충청남도 천안시 서북구 백석동,경상사고,0,0,1,0,차대차 - 측면충돌,신호위반,건조,맑음,교차로 - 교차로안,승용,여,48세,상해없음,화물,남,35세,경상
2019021100100479,2019년 2월 11일 20시,월요일,충청남도 천안시 동남구 원성동,경상사고,0,0,1,0,차대차 - 추돌,안전거리미확보,건조,맑음,교차로 - 교차로부근,승용,남,66세,상해없음,승용,남,28세,경상
2019021200100054,2019년 2월 12일 05시,화요일,충청남도 천안시 동남구 봉명동,중상사고,0,1,0,0,차대차 - 측면충돌,안전운전불이행,건조,맑음,교차로 - 교차로안,승용,남,39세,상해없음,자전거,남,74세,중상
2019021200100068,2019년 2월 12일 06시,화요일,충청남도 천안시 동남구 봉명동,경상사고,0,0,1,0,차대사람 - 횡단중,안전운전불이행,건조,맑음,교차로 - 교차로안,승용,남,75세,상해없음,보행자,여,53세,경상
2019021200100144,2019년 2월 12일 09시,화요일,충청남도 천안시 서북구 성정동,중상사고,0,1,0,0,차대차 - 후진중충돌,안전운전불이행,건조,맑음,교차로 - 교차로안,승용,남,62세,상해없음,승용,여,33세,중상
2019021200100239,2019년 2월 12일 12시,화요일,충청남도 천안시 동남구 풍세면,경상사고,0,0,5,0,차대차 - 정면충돌,중앙선침범,건조,맑음,단일로 - 기타,승용,여,42세,상해없음,화물,남,61세,경상
2019021200100268,2019년 2월 12일 13시,화요일,충청남도 천안시 서북구 불당동,경상사고,0,0,1,0,차대차 - 측면충돌,안전거리미확보,건조,맑음,단일로 - 기타,승용,여,41세,상해없음,이륜,남,37세,경상
2019021200100509,2019년 2월 12일 22시,화요일,충청남도 천안시 서북구 쌍용동,중상사고,0,1,0,0,차량단독 - 공작물충돌,안전운전불이행,건조,맑음,단일로 - 기타,승용,여,20세,중상,,,,
2019021200100510,2019년 2월 12일 22시,화요일,충청남도 천안시 서북구 성정동,경상사고,0,0,1,0,차대차 - 정면충돌,중앙선침범,건조,맑음,단일로 - 기타,이륜,남,43세,상해없음,이륜,남,36세,경상
2019021200100525,2019년 2월 12일 23시,화요일,충청남도 천안시 서북구 두정동,경상사고,0,0,2,0,차대차 - 추돌,안전운전불이행,건조,맑음,교차로 - 교차로부근,승용,남,33세,상해없음,승용,남,51세,경상
2019021300100081,2019년 2월 13일 06시,수요일,충청남도 천안시 서북구 성거읍,사망사고,1,0,0,0,차대차 - 기타,안전운전불이행,건조,맑음,단일로 - 기타,승용,남,36세,상해없음,승용,남,40세,상해없음
2019021300100250,2019년 2월 13일 13시,수요일,충청남도 천안시 동남구 오룡동,중상사고,0,1,1,0,차대사람 - 보도통행중,기타,건조,맑음,기타 - 기타,화물,남,35세,상해없음,보행자,여,63세,중상
2019021300100287,2019년 2월 13일 14시,수요일,충청남도 천안시 서북구 쌍용동,경상사고,0,0,2,0,차대차 - 측면충돌,교차로운행방법위반,건조,맑음,교차로 - 교차로안,승용,여,54세,경상,승용,여,42세,경상
2019021300100288,2019년 2월 13일 14시,수요일,충청남도 천안시 동남구 성남면,경상사고,0,0,1,0,차대차 - 측면충돌,안전운전불이행,건조,맑음,단일로 - 기타,화물,남,45세,상해없음,승용,남,59세,경상
2019021300100330,2019년 2월 13일 15시,수요일,충청남도 천안시 서북구 두정동,경상사고,0,0,1,0,차대차 - 측면충돌,차로위반,건조,맑음,단일로 - 기타,건설기계,남,60세,상해없음,승용,남,28세,경상
2019021300100418,2019년 2월 13일 18시,수요일,충청남도 천안시 동남구 신방동,중상사고,0,1,0,0,차대사람 - 기타,교차로운행방법위반,건조,맑음,교차로 - 교차로안,승용,남,36세,상해없음,보행자,남,31세,중상
2019021300100419,2019년 2월 13일 18시,수요일,충청남도 천안시 동남구 신부동,경상사고,0,0,1,0,차대사람 - 횡단중,보행자보호의무위반,건조,맑음,교차로 - 교차로횡단보도내,승용,남,67세,상해없음,보행자,남,24세,경상
2019021300100420,2019년 2월 13일 18시,수요일,충청남도 천안시 동남구 신방동,경상사고,0,0,3,0,차대차 - 측면충돌,안전거리미확보,건조,맑음,단일로 - 기타,화물,남,58세,상해없음,승용,여,60세,경상
2019021300100421,2019년 2월 13일 18시,수요일,충청남도 천안시 서북구 입장면,경상사고,0,0,1,0,차대차 - 측면충돌,안전운전불이행,건조,맑음,단일로 - 기타,승용,남,62세,상해없음,승용,여,43세,경상
2019021300100509,2019년 2월 13일 20시,수요일,충청남도 천안시 서북구 두정동,중상사고,0,1,0,0,차대차 - 측면충돌,안전운전불이행,건조,맑음,단일로 - 기타,승용,남,24세,상해없음,원동기,남,41세,중상
2019021300100510,2019년 2월 13일 20시,수요일,충청남도 천안시 동남구 청당동,경상사고,0,0,3,0,차대차 - 측면충돌,안전운전불이행,건조,맑음,교차로 - 교차로안,승용,남,62세,상해없음,승용,남,33세,경상
2019021400100063,2019년 2월 14일 06시,목요일,충청남도 천안시 서북구 불당동,중상사고,0,1,0,0,차대차 - 추돌,안전거리미확보,건조,맑음,교차로 - 교차로부근,승용,남,25세,상해없음,화물,남,68세,중상
2019021400100203,2019년 2월 14일 11시,목요일,충청남도 천안시 동남구 광덕면,경상사고,0,0,4,0,차대차 - 추돌,안전거리미확보,건조,맑음,단일로 - 기타,승용,남,63세,상해없음,승합,남,29세,상해없음
2019021400100253,2019년 2월 14일 13시,목요일,충청남도 천안시 서북구 불당동,경상사고,0,0,1,0,차대사람 - 횡단중,보행자보호의무위반,건조,맑음,교차로 - 교차로횡단보도내,승용,여,25세,상해없음,보행자,여,19세,경상
2019021400100350,2019년 2월 14일 16시,목요일,충청남도 천안시 서북구 성정동,경상사고,0,0,1,0,차대사람 - 기타,안전운전불이행,건조,맑음,단일로 - 기타,승용,여,27세,상해없음,보행자,여,56세,경상
2019021400100420,2019년 2월 14일 18시,목요일,충청남도 천안시 서북구 성환읍,중상사고,0,1,0,0,차대사람 - 기타,안전운전불이행,건조,맑음,단일로 - 기타,기타불명,기타불명,미분류,기타불명,보행자,여,53세,중상
2019021400100423,2019년 2월 14일 18시,목요일,충청남도 천안시 동남구 다가동,경상사고,0,0,6,0,차대차 - 기타,중앙선침범,건조,맑음,단일로 - 기타,승합,남,67세,상해없음,승용,여,28세,경상
2019021400100471,2019년 2월 14일 19시,목요일,충청남도 천안시 서북구 불당동,경상사고,0,0,1,0,차대차 - 측면충돌,신호위반,건조,맑음,교차로 - 교차로횡단보도내,승용,여,46세,상해없음,승용,여,48세,경상
2019021500100056,2019년 2월 15일 04시,금요일,충청남도 천안시 동남구 원성동,중상사고,0,1,0,0,차대차 - 추돌,안전운전불이행,건조,맑음,교차로 - 교차로부근,승용,여,49세,중상,승합,남,54세,상해없음
2019021500100172,2019년 2월 15일 08시,금요일,충청남도 천안시 서북구 백석동,중상사고,0,1,0,0,차대차 - 기타,안전운전불이행,건조,맑음,교차로 - 교차로안,승용,남,41세,상해없음,승용,여,37세,중상
2019021500100310,2019년 2월 15일 12시,금요일,충청남도 천안시 서북구 성거읍,경상사고,0,0,1,0,차대차 - 측면충돌,안전거리미확보,건조,흐림,단일로 - 기타,승용,남,52세,상해없음,승용,여,49세,경상
2019021500100431,2019년 2월 15일 16시,금요일,충청남도 천안시 서북구 두정동,중상사고,0,1,1,0,차대차 - 측면충돌,신호위반,젖음/습기,흐림,교차로 - 교차로안,이륜,남,40세,중상,승용,남,31세,경상
2019021500100504,2019년 2월 15일 18시,금요일,충청남도 천안시 서북구 불당동,경상사고,0,0,1,0,차대차 - 측면충돌,안전운전불이행,젖음/습기,흐림,교차로 - 교차로안,승용,남,59세,상해없음,승용,여,44세,경상
2019021500100509,2019년 2월 15일 18시,금요일,충청남도 천안시 동남구 풍세면,중상사고,0,1,0,0,차대차 - 기타,안전운전불이행,건조,맑음,교차로 - 교차로안,승용,여,45세,상해없음,승용,여,65세,중상
2019021500100610,2019년 2월 15일 20시,금요일,충청남도 천안시 서북구 백석동,경상사고,0,0,1,0,차대차 - 측면충돌,신호위반,젖음/습기,눈,교차로 - 교차로안,승용,여,49세,상해없음,승용,여,39세,경상
2019021600100256,2019년 2월 16일 13시,토요일,충청남도 천안시 서북구 두정동,경상사고,0,0,1,0,차대차 - 추돌,안전거리미확보,건조,맑음,교차로 - 교차로안,화물,남,44세,상해없음,승용,남,33세,경상
2019021600100258,2019년 2월 16일 13시,토요일,충청남도 천안시 동남구 병천면,경상사고,0,0,1,0,차대사람 - 기타,안전운전불이행,건조,맑음,단일로 - 기타,승용,남,80세,상해없음,보행자,남,71세,경상
2019021600100331,2019년 2월 16일 15시,토요일,충청남도 천안시 서북구 성성동,경상사고,0,0,3,0,차대차 - 추돌,안전운전불이행,건조,맑음,교차로 - 교차로부근,승용,남,45세,상해없음,승용,여,57세,경상
2019021600100332,2019년 2월 16일 15시,토요일,충청남도 천안시 서북구 성정동,경상사고,0,0,1,0,차대차 - 측면충돌,교차로운행방법위반,젖음/습기,맑음,교차로 - 교차로안,이륜,남,43세,경상,승용,남,27세,상해없음
2019021600100379,2019년 2월 16일 16시,토요일,충청남도 천안시 동남구 성남면,중상사고,0,7,14,0,차대차 - 기타,안전운전불이행,건조,맑음,단일로 - 기타,승용,남,24세,중상,승합,남,50세,경상
2019021700100197,2019년 2월 17일 12시,일요일,충청남도 천안시 서북구 성정동,경상사고,0,0,1,0,차대차 - 측면충돌,안전거리미확보,건조,맑음,단일로 - 기타,승합,남,63세,상해없음,이륜,남,20세,경상
2019021700100217,2019년 2월 17일 13시,일요일,충청남도 천안시 서북구 백석동,경상사고,0,0,1,0,차대차 - 기타,차로위반,건조,맑음,단일로 - 기타,승용,남,53세,상해없음,승용,남,53세,경상
2019021700100240,2019년 2월 17일 14시,일요일,충청남도 천안시 동남구 수신면,중상사고,0,1,1,0,차대차 - 추돌,안전운전불이행,건조,맑음,단일로 - 기타,승용,남,27세,상해없음,승용,남,38세,경상
2019021700100349,2019년 2월 17일 18시,일요일,충청남도 천안시 서북구 두정동,경상사고,0,0,1,0,차대사람 - 차도통행중,안전운전불이행,건조,맑음,단일로 - 기타,승용,남,36세,상해없음,보행자,남,46세,경상
2019021700100350,2019년 2월 17일 18시,일요일,충청남도 천안시 서북구 성성동,경상사고,0,0,1,0,차대차 - 측면충돌,안전거리미확보,건조,맑음,단일로 - 기타,승용,남,61세,상해없음,이륜,남,28세,경상
2019021700100352,2019년 2월 17일 18시,일요일,충청남도 천안시 동남구 봉명동,경상사고,0,0,1,0,차대차 - 기타,교차로운행방법위반,건조,맑음,교차로 - 교차로안,화물,남,72세,상해없음,승합,남,58세,상해없음
2019021700100392,2019년 2월 17일 19시,일요일,충청남도 천안시 동남구 신부동,경상사고,0,0,1,0,차대차 - 기타,안전운전불이행,건조,맑음,단일로 - 기타,승용,남,52세,상해없음,이륜,남,30세,경상
2019021800100102,2019년 2월 18일 07시,월요일,충청남도 천안시 서북구 직산읍,경상사고,0,0,1,0,차대차 - 기타,안전운전불이행,건조,맑음,교차로 - 교차로안,승합,남,53세,상해없음,승용,남,45세,경상
2019021800100103,2019년 2월 18일 07시,월요일,충청남도 천안시 동남구 광덕면,중상사고,0,1,0,0,차대차 - 측면충돌,안전운전불이행,건조,맑음,단일로 - 기타,승용,남,51세,중상,건설기계,남,45세,상해없음
2019021800100213,2019년 2월 18일 11시,월요일,충청남도 천안시 동남구 안서동,경상사고,0,0,4,0,차대차 - 추돌,안전운전불이행,건조,맑음,교차로 - 교차로부근,승용,남,49세,경상,승용,남,22세,경상
2019021800100420,2019년 2월 18일 18시,월요일,충청남도 천안시 동남구 원성동,경상사고,0,0,1,0,차대차 - 측면충돌,안전운전불이행,건조,맑음,단일로 - 기타,승용,남,55세,상해없음,승용,여,34세,경상
2019021900100167,2019년 2월 19일 09시,화요일,충청남도 천안시 동남구 성남면,중상사고,0,1,0,0,차량단독 - 기타,안전운전불이행,젖음/습기,비,단일로 - 기타,승합,남,62세,상해없음,,,,
2019021900100298,2019년 2월 19일 14시,화요일,충청남도 천안시 동남구 신부동,경상사고,0,0,1,0,차대차 - 측면충돌,안전운전불이행,건조,맑음,단일로 - 기타,이륜,남,37세,경상,승용,남,58세,상해없음
2019021900100354,2019년 2월 19일 16시,화요일,충청남도 천안시 서북구 쌍용동,경상사고,0,0,1,0,차대차 - 측면충돌,차로위반,건조,맑음,교차로 - 교차로안,승합,남,64세,상해없음,승용,남,43세,경상
2019021900100375,2019년 2월 19일 17시,화요일,충청남도 천안시 서북구 성정동,경상사고,0,0,1,0,차대사람 - 기타,안전운전불이행,젖음/습기,맑음,단일로 - 기타,승용,남,57세,상해없음,보행자,남,48세,경상
2019021900100376,2019년 2월 19일 17시,화요일,충청남도 천안시 동남구 봉명동,경상사고,0,0,1,0,차대차 - 측면충돌,안전운전불이행,건조,맑음,교차로 - 교차로안,승용,여,56세,상해없음,이륜,남,24세,경상
2019021900100412,2019년 2월 19일 18시,화요일,충청남도 천안시 동남구 청당동,경상사고,0,0,1,0,차대차 - 추돌,안전운전불이행,건조,맑음,단일로 - 기타,승용,여,33세,상해없음,승용,남,43세,경상
2019021900100413,2019년 2월 19일 18시,화요일,충청남도 천안시 동남구 목천읍,경상사고,0,0,1,0,차대차 - 추돌,안전운전불이행,건조,맑음,교차로 - 교차로부근,승용,남,58세,상해없음,승용,남,28세,경상
2019021900100482,2019년 2월 19일 20시,화요일,충청남도 천안시 서북구 두정동,경상사고,0,0,1,0,차대차 - 측면충돌,안전거리미확보,건조,맑음,단일로 - 기타,이륜,남,38세,경상,승용,남,55세,상해없음
2019021900100483,2019년 2월 19일 20시,화요일,충청남도 천안시 동남구 신부동,경상사고,0,0,1,0,차대차 - 측면충돌,안전운전불이행,건조,맑음,단일로 - 기타,승용,남,47세,상해없음,승용,남,33세,경상
2019021900100537,2019년 2월 19일 23시,화요일,충청남도 천안시 서북구 백석동,경상사고,0,0,1,0,차량단독 - 기타,안전운전불이행,건조,맑음,단일로 - 기타,승합,남,58세,상해없음,,,,
2019021900100538,2019년 2월 19일 23시,화요일,충청남도 천안시 동남구 풍세면,경상사고,0,0,1,0,차대사람 - 기타,안전운전불이행,건조,맑음,단일로 - 기타,승합,남,41세,상해없음,보행자,남,41세,경상
2019022000100023,2019년 2월 20일 00시,수요일,충청남도 천안시 서북구 불당동,경상사고,0,0,1,0,차대차 - 추돌,안전운전불이행,건조,맑음,단일로 - 기타,승용,여,49세,상해없음,승용,남,34세,경상
2019022000100052,2019년 2월 20일 04시,수요일,충청남도 천안시 서북구 두정동,경상사고,0,0,2,0,차대차 - 측면충돌,신호위반,건조,맑음,교차로 - 교차로안,승용,남,48세,경상,승용,남,37세,경상
2019022000100114,2019년 2월 20일 08시,수요일,충청남도 천안시 서북구 두정동,경상사고,0,0,1,0,차대차 - 정면충돌,중앙선침범,건조,맑음,단일로 - 기타,승용,남,30세,상해없음,승용,여,44세,경상
2019022000100164,2019년 2월 20일 10시,수요일,충청남도 천안시 서북구 불당동,중상사고,0,2,1,0,차대차 - 추돌,안전운전불이행,건조,맑음,단일로 - 기타,승용,여,51세,상해없음,승용,여,44세,중상
2019022000100404,2019년 2월 20일 18시,수요일,충청남도 천안시 서북구 성정동,경상사고,0,0,1,0,차대차 - 측면충돌,교차로운행방법위반,건조,맑음,교차로 - 교차로안,승용,여,44세,상해없음,이륜,남,30세,경상
2019022000100407,2019년 2월 20일 18시,수요일,충청남도 천안시 동남구 문화동,경상사고,0,0,1,0,차대사람 - 횡단중,기타,건조,맑음,기타 - 기타,승용,여,36세,상해없음,보행자,여,39세,경상
2019022000100461,2019년 2월 20일 19시,수요일,충청남도 천안시 동남구 신부동,경상사고,0,0,1,0,차대사람 - 기타,안전운전불이행,건조,맑음,단일로 - 기타,승용,남,21세,상해없음,보행자,여,21세,경상
2019022000100491,2019년 2월 20일 20시,수요일,충청남도 천안시 동남구 원성동,경상사고,0,0,3,0,차대차 - 추돌,안전운전불이행,건조,맑음,교차로 - 교차로부근,승용,남,34세,경상,승용,남,46세,경상
2019022000100550,2019년 2월 20일 23시,수요일,충청남도 천안시 서북구 성정동,경상사고,0,0,1,0,차대차 - 정면충돌,중앙선침범,건조,맑음,교차로 - 교차로부근,승용,남,52세,상해없음,승용,여,37세,경상
2019022100100057,2019년 2월 21일 04시,목요일,충청남도 천안시 서북구 두정동,경상사고,0,0,5,0,차대차 - 측면충돌,안전운전불이행,건조,맑음,교차로 - 교차로안,승용,남,27세,상해없음,승용,남,56세,경상
2019022100100071,2019년 2월 21일 06시,목요일,충청남도 천안시 동남구 유량동,경상사고,0,0,1,0,차대사람 - 횡단중,보행자보호의무위반,건조,맑음,교차로 - 교차로안,화물,남,64세,기타불명,보행자,남,76세,경상
2019022100100189,2019년 2월 21일 10시,목요일,충청남도 천안시 서북구 백석동,경상사고,0,0,2,0,차대사람 - 횡단중,불법유턴,건조,맑음,교차로 - 교차로안,승용,남,47세,상해없음,보행자,남,39세,경상
2019022100100190,2019년 2월 21일 10시,목요일,충청남도 천안시 서북구 성환읍,경상사고,0,0,2,0,차대차 - 측면충돌,교차로운행방법위반,건조,맑음,교차로 - 교차로안,승용,남,45세,상해없음,승용,남,66세,경상
2019022100100350,2019년 2월 21일 15시,목요일,충청남도 천안시 서북구 두정동,경상사고,0,0,1,0,차대차 - 측면충돌,안전운전불이행,건조,맑음,단일로 - 기타,승용,남,56세,상해없음,이륜,남,39세,경상
2019022100100409,2019년 2월 21일 17시,목요일,충청남도 천안시 서북구 입장면,경상사고,0,0,1,0,차대차 - 기타,안전거리미확보,건조,맑음,단일로 - 기타,화물,남,34세,경상,화물,남,51세,상해없음
2019022100100411,2019년 2월 21일 17시,목요일,충청남도 천안시 동남구 북면,중상사고,0,2,1,0,차대차 - 정면충돌,중앙선침범,건조,맑음,단일로 - 기타,화물,남,60세,상해없음,승용,여,34세,중상
2019022100100452,2019년 2월 21일 18시,목요일,충청남도 천안시 서북구 불당동,경상사고,0,0,2,0,차대차 - 측면충돌,안전운전불이행,건조,맑음,교차로 - 교차로부근,승용,여,35세,상해없음,승용,여,48세,경상
2019022100100454,2019년 2월 21일 18시,목요일,충청남도 천안시 동남구 원성동,중상사고,0,1,0,0,차량단독 - 기타,안전운전불이행,건조,맑음,단일로 - 기타,승합,남,54세,기타불명,,,,
2019022100100542,2019년 2월 21일 20시,목요일,충청남도 천안시 서북구 쌍용동,중상사고,0,1,0,0,차대차 - 측면충돌,안전운전불이행,건조,맑음,단일로 - 기타,이륜,남,18세,중상,승용,남,56세,상해없음
2019022200100041,2019년 2월 22일 01시,금요일,충청남도 천안시 서북구 쌍용동,경상사고,0,0,1,0,차대사람 - 기타,안전운전불이행,건조,맑음,교차로 - 교차로부근,승용,남,32세,상해없음,보행자,여,37세,경상
2019022200100042,2019년 2월 22일 01시,금요일,충청남도 천안시 서북구 두정동,경상사고,0,0,1,0,차대차 - 측면충돌,안전운전불이행,건조,맑음,교차로 - 교차로안,승용,여,57세,상해없음,승용,남,29세,경상
2019022200100188,2019년 2월 22일 10시,금요일,충청남도 천안시 동남구 수신면,경상사고,0,0,1,1,차대차 - 추돌,안전운전불이행,건조,맑음,교차로 - 교차로안,화물,남,49세,경상,화물,남,68세,부상신고
2019022200100400,2019년 2월 22일 17시,금요일,충청남도 천안시 서북구 쌍용동,경상사고,0,0,1,0,차대사람 - 차도통행중,기타,건조,맑음,교차로 - 교차로안,승용,여,26세,상해없음,보행자,여,18세,경상
2019022200100607,2019년 2월 22일 23시,금요일,충청남도 천안시 서북구 성정동,경상사고,0,0,2,0,차대차 - 측면충돌,안전운전불이행,건조,맑음,단일로 - 기타,승용,남,57세,상해없음,승용,남,37세,경상
2019022300100025,2019년 2월 23일 00시,토요일,충청남도 천안시 서북구 두정동,중상사고,0,1,0,0,차대차 - 측면충돌,교차로운행방법위반,건조,맑음,교차로 - 교차로안,승용,여,46세,상해없음,승용,남,47세,중상
2019022300100077,2019년 2월 23일 03시,토요일,충청남도 천안시 동남구 봉명동,경상사고,0,0,2,0,차대차 - 정면충돌,중앙선침범,건조,맑음,단일로 - 기타,승용,남,42세,상해없음,승용,남,50세,경상
2019022300100267,2019년 2월 23일 12시,토요일,충청남도 천안시 서북구 두정동,경상사고,0,0,1,0,차대차 - 측면충돌,교차로운행방법위반,건조,맑음,교차로 - 교차로안,승용,여,61세,상해없음,이륜,여,49세,경상
2019022300100269,2019년 2월 23일 12시,토요일,충청남도 천안시 동남구 신부동,중상사고,0,1,1,0,차대차 - 측면충돌,안전운전불이행,건조,맑음,교차로 - 교차로부근,승합,남,66세,상해없음,승용,남,23세,경상
2019022300100303,2019년 2월 23일 13시,토요일,충청남도 천안시 서북구 백석동,경상사고,0,0,1,0,차대사람 - 횡단중,신호위반,건조,맑음,교차로 - 교차로횡단보도내,이륜,남,42세,상해없음,보행자,남,41세,경상
2019022300100304,2019년 2월 23일 13시,토요일,충청남도 천안시 동남구 광덕면,중상사고,0,1,1,0,차대차 - 정면충돌,중앙선침범,건조,맑음,단일로 - 기타,승용,여,38세,상해없음,승용,남,48세,경상
2019022300100305,2019년 2월 23일 13시,토요일,충청남도 천안시 동남구 대흥동,경상사고,0,0,1,0,차대사람 - 기타,중앙선침범,건조,맑음,단일로 - 기타,승용,남,67세,상해없음,보행자,여,36세,경상
2019022300100472,2019년 2월 23일 18시,토요일,충청남도 천안시 서북구 직산읍,경상사고,0,0,4,0,차대차 - 측면충돌,중앙선침범,건조,맑음,교차로 - 교차로부근,승용,남,51세,상해없음,승용,여,56세,경상
2019022300100510,2019년 2월 23일 19시,토요일,충청남도 천안시 서북구 불당동,경상사고,0,0,1,0,차대차 - 측면충돌,안전거리미확보,건조,맑음,단일로 - 기타,건설기계,남,37세,상해없음,승용,여,31세,경상
2019022300100600,2019년 2월 23일 23시,토요일,충청남도 천안시 서북구 백석동,경상사고,0,0,1,0,차대차 - 추돌,안전거리미확보,건조,맑음,단일로 - 기타,승용,남,37세,상해없음,승용,남,37세,경상
2019022400100029,2019년 2월 24일 01시,일요일,충청남도 천안시 동남구 삼룡동,경상사고,0,0,2,0,차대차 - 측면충돌,안전운전불이행,건조,맑음,기타 - 기타,승용,남,38세,상해없음,승용,여,42세,경상
2019022400100121,2019년 2월 24일 11시,일요일,충청남도 천안시 서북구 두정동,경상사고,0,0,1,0,차대사람 - 횡단중,안전운전불이행,건조,맑음,단일로 - 기타,승용,남,23세,상해없음,보행자,남,68세,경상
2019022400100276,2019년 2월 24일 16시,일요일,충청남도 천안시 동남구 원성동,경상사고,0,0,2,0,차대차 - 측면충돌,안전운전불이행,건조,맑음,교차로 - 교차로부근,승용,남,60세,상해없음,승용,남,44세,경상
2019022400100429,2019년 2월 24일 22시,일요일,충청남도 천안시 서북구 두정동,경상사고,0,0,1,0,차대사람 - 기타,안전운전불이행,건조,맑음,단일로 - 기타,승용,남,23세,상해없음,보행자,남,23세,경상
2019022500100023,2019년 2월 25일 00시,월요일,충청남도 천안시 동남구 봉명동,경상사고,0,0,1,0,차대차 - 추돌,안전운전불이행,건조,맑음,교차로 - 교차로안,승용,남,50세,기타불명,승용,남,23세,경상
2019022500100181,2019년 2월 25일 10시,월요일,충청남도 천안시 동남구 영성동,중상사고,0,1,0,0,차대사람 - 횡단중,안전운전불이행,건조,맑음,단일로 - 기타,승용,여,45세,상해없음,보행자,여,77세,중상
2019022500100378,2019년 2월 25일 16시,월요일,충청남도 천안시 서북구 성정동,경상사고,0,0,1,0,차대사람 - 기타,안전운전불이행,건조,맑음,단일로 - 기타,승용,여,53세,기타불명,보행자,여,49세,경상
2019022500100454,2019년 2월 25일 18시,월요일,충청남도 천안시 서북구 두정동,경상사고,0,0,1,0,차대차 - 측면충돌,안전거리미확보,건조,맑음,단일로 - 기타,승용,남,43세,상해없음,승용,남,61세,상해없음
2019022500100531,2019년 2월 25일 20시,월요일,충청남도 천안시 동남구 청당동,중상사고,0,1,0,0,차대사람 - 횡단중,보행자보호의무위반,건조,맑음,교차로 - 교차로횡단보도내,승용,남,19세,상해없음,보행자,남,60세,중상
2019022500100532,2019년 2월 25일 20시,월요일,충청남도 천안시 동남구 청수동,중상사고,0,1,0,0,차대사람 - 기타,직진우회전진행방해,건조,맑음,교차로 - 교차로안,승용,남,25세,상해없음,보행자,남,47세,중상
2019022500100580,2019년 2월 25일 22시,월요일,충청남도 천안시 서북구 신당동,경상사고,0,0,2,0,차대차 - 기타,안전거리미확보,건조,맑음,단일로 - 기타,승합,남,58세,상해없음,승용,남,29세,경상
2019022500100581,2019년 2월 25일 22시,월요일,충청남도 천안시 서북구 두정동,경상사고,0,0,1,0,차대차 - 측면충돌,교차로운행방법위반,건조,맑음,교차로 - 교차로안,승용,남,24세,상해없음,승용,여,48세,경상
2019022600100026,2019년 2월 26일 00시,화요일,충청남도 천안시 서북구 성성동,경상사고,0,0,1,0,차대차 - 기타,안전운전불이행,건조,맑음,교차로 - 교차로횡단보도내,승용,남,33세,상해없음,승용,남,35세,경상
2019022600100146,2019년 2월 26일 09시,화요일,충청남도 천안시 동남구 문화동,경상사고,0,0,1,0,차대차 - 기타,안전운전불이행,건조,맑음,단일로 - 기타,승용,남,47세,상해없음,이륜,남,42세,경상
2019022600100237,2019년 2월 26일 12시,화요일,충청남도 천안시 동남구 용곡동,경상사고,0,0,2,0,차대차 - 추돌,안전거리미확보,건조,맑음,단일로 - 기타,승용,남,42세,상해없음,승용,여,64세,경상
2019022600100266,2019년 2월 26일 13시,화요일,충청남도 천안시 서북구 성정동,경상사고,0,0,1,0,차대차 - 측면충돌,안전운전불이행,건조,맑음,교차로 - 교차로안,승용,여,27세,상해없음,승용,남,27세,경상
2019022600100431,2019년 2월 26일 18시,화요일,충청남도 천안시 서북구 성정동,경상사고,0,0,1,0,차대차 - 측면충돌,교차로운행방법위반,건조,맑음,교차로 - 교차로안,이륜,남,66세,경상,승용,남,57세,상해없음
2019022600100517,2019년 2월 26일 21시,화요일,충청남도 천안시 서북구 불당동,중상사고,0,1,0,0,차대차 - 측면충돌,안전거리미확보,건조,맑음,단일로 - 기타,승용,남,46세,상해없음,이륜,남,33세,중상
2019022600100536,2019년 2월 26일 22시,화요일,충청남도 천안시 서북구 두정동,경상사고,0,0,1,0,차대사람 - 보도통행중,안전운전불이행,건조,맑음,단일로 - 기타,승용,남,34세,상해없음,보행자,남,22세,경상
2019022700100046,2019년 2월 27일 02시,수요일,충청남도 천안시 서북구 불당동,경상사고,0,0,2,0,차대차 - 측면충돌,신호위반,건조,맑음,교차로 - 교차로안,승용,남,30세,상해없음,승용,남,35세,경상
2019022700100172,2019년 2월 27일 10시,수요일,충청남도 천안시 동남구 성황동,경상사고,0,0,1,0,차대차 - 측면충돌,안전운전불이행,건조,맑음,단일로 - 기타,화물,남,74세,상해없음,승합,남,39세,경상
2019022700100230,2019년 2월 27일 12시,수요일,충청남도 천안시 동남구 병천면,중상사고,0,1,0,0,차대차 - 측면충돌,안전운전불이행,건조,맑음,단일로 - 기타,승용,여,45세,상해없음,이륜,남,69세,중상
2019022700100317,2019년 2월 27일 15시,수요일,충청남도 천안시 서북구 성정동,경상사고,0,0,1,0,차대차 - 측면충돌,안전운전불이행,건조,맑음,단일로 - 기타,원동기,남,21세,경상,승용,여,56세,상해없음