사고번호,사고일시,요일,시군구,사고내용,사망자수,중상자수,경상자수,부상신고자수,사고유형,법규위반,노면상태,기상상태,도로형태,가해운전자 차종,가해운전자 성별,가해운전자 연령,가해운전자 상해정도,피해운전자 차종,피해운전자 성별,피해운전자 연령,피해운전자 상해정도
2019022700100346,2019년 2월 27일 16시,수요일,충청남도 천안시 동남구 원성동,경상사고,0,0,1,0,차대차 - 기타,교차로운행방법위반,건조,맑음,교차로 - 교차로안,화물,남,58세,상해없음,자전거,여,63세,경상
2019022700100429,2019년 2월 27일 18시,수요일,충청남도 천안시 서북구 두정동,경상사고,0,0,1,0,차대사람 - 횡단중,안전운전불이행,건조,맑음,교차로 - 교차로안,승용,여,42세,상해없음,보행자,남,69세,경상
2019022700100432,2019년 2월 27일 18시,수요일,충청남도 천안시 동남구 청당동,경상사고,0,0,1,0,차대차 - 측면충돌,안전운전불이행,건조,맑음,단일로 - 기타,승용,여,46세,경상,화물,남,51세,상해없음
2019022700100433,2019년 2월 27일 18시,수요일,충청남도 천안시 동남구 구성동,경상사고,0,0,1,0,차대차 - 측면충돌,안전운전불이행,건조,맑음,교차로 - 교차로부근,승용,남,33세,상해없음,승용,여,57세,경상
2019022700100525,2019년 2월 27일 21시,수요일,충청남도 천안시 서북구 성정동,중상사고,0,1,0,0,차대차 - 기타,안전거리미확보,건조,맑음,단일로 - 기타,기타불명,기타불명,미분류,기타불명,이륜,남,26세,중상
2019022800100097,2019년 2월 28일 07시,목요일,충청남도 천안시 동남구 목천읍,경상사고,0,0,1,0,차대차 - 추돌,안전운전불이행,건조,맑음,단일로 - 기타,승용,남,50세,상해없음,승용,남,42세,경상
2019022800100128,2019년 2월 28일 08시,목요일,충청남도 천안시 서북구 두정동,경상사고,0,0,2,1,차대차 - 측면충돌,직진우회전진행방해,건조,맑음,교차로 - 교차로안,승용,여,39세,부상신고,승용,여,40세,경상
2019022800100181,2019년 2월 28일 10시,목요일,충청남도 천안시 동남구 신부동,경상사고,0,0,3,0,차대차 - 측면충돌,안전거리미확보,건조,맑음,단일로 - 기타,건설기계,남,43세,상해없음,승용,여,36세,경상
2019022800100315,2019년 2월 28일 14시,목요일,충청남도 천안시 서북구 쌍용동,중상사고,0,1,0,0,차대사람 - 기타,기타,건조,맑음,기타 - 기타,화물,남,28세,상해없음,보행자,여,59세,중상
2019022800100341,2019년 2월 28일 15시,목요일,충청남도 천안시 동남구 문화동,중상사고,0,1,0,0,차대사람 - 차도통행중,안전운전불이행,건조,맑음,단일로 - 기타,승용,여,62세,상해없음,보행자,남,61세,중상
2019022800100451,2019년 2월 28일 18시,목요일,충청남도 천안시 서북구 두정동,경상사고,0,0,1,0,차대사람 - 차도통행중,안전운전불이행,건조,맑음,교차로 - 교차로안,승용,여,43세,상해없음,보행자,남,38세,경상
2019022800100578,2019년 2월 28일 21시,목요일,충청남도 천안시 서북구 성환읍,경상사고,0,0,2,0,차대차 - 추돌,안전운전불이행,건조,맑음,교차로 - 교차로부근,승용,남,57세,상해없음,승용,남,24세,경상
2019022800100605,2019년 2월 28일 22시,목요일,충청남도 천안시 서북구 불당동,경상사고,0,0,3,0,차대차 - 측면충돌,신호위반,건조,맑음,교차로 - 교차로안,승용,남,26세,경상,승용,남,51세,경상
2019022800100627,2019년 2월 28일 23시,목요일,충청남도 천안시 서북구 성정동,경상사고,0,0,1,0,차대사람 - 횡단중,보행자보호의무위반,건조,맑음,교차로 - 교차로횡단보도내,승용,남,39세,상해없음,보행자,남,52세,경상
2019030100100072,2019년 3월 1일 02시,금요일,충청남도 천안시 서북구 성정동,경상사고,0,0,1,0,차대차 - 정면충돌,중앙선침범,건조,맑음,단일로 - 기타,승용,남,29세,상해없음,승용,남,26세,경상
2019030100100097,2019년 3월 1일 05시,금요일,충청남도 천안시 서북구 두정동,경상사고,0,0,1,0,차대차 - 측면충돌,기타,건조,맑음,교차로 - 교차로부근,승용,남,25세,상해없음,승용,남,27세,경상
2019030100100168,2019년 3월 1일 10시,금요일,충청남도 천안시 동남구 광덕면,사망사고,1,2,4,0,차대차 - 측면충돌,안전운전불이행,건조,맑음,단일로 - 기타,승용,남,49세,경상,승용,남,50세,중상
2019030100100269,2019년 3월 1일 14시,금요일,충청남도 천안시 서북구 성정동,경상사고,0,0,1,0,차대사람 - 기타,안전운전불이행,건조,맑음,단일로 - 기타,승용,여,27세,상해없음,보행자,남,85세,경상
2019030100100272,2019년 3월 1일 14시,금요일,충청남도 천안시 동남구 광덕면,경상사고,0,0,4,0,차대차 - 추돌,안전거리미확보,건조,맑음,단일로 - 기타,승용,여,50세,상해없음,승용,남,48세,경상
2019030100100347,2019년 3월 1일 17시,금요일,충청남도 천안시 동남구 유량동,중상사고,0,2,1,1,차대차 - 측면충돌,교차로운행방법위반,건조,맑음,교차로 - 교차로안,승용,여,39세,중상,승용,여,45세,중상
2019030100100457,2019년 3월 1일 21시,금요일,충청남도 천안시 동남구 원성동,경상사고,0,0,4,0,차대차 - 측면충돌,신호위반,건조,맑음,교차로 - 교차로안,승합,남,52세,경상,승용,남,36세,경상
2019030200100017,2019년 3월 2일 00시,토요일,충청남도 천안시 서북구 성정동,중상사고,0,1,2,0,차대차 - 기타,신호위반,건조,맑음,교차로 - 교차로안,승용,남,25세,상해없음,승용,남,60세,상해없음
2019030200100154,2019년 3월 2일 11시,토요일,충청남도 천안시 서북구 불당동,경상사고,0,0,3,1,차대차 - 측면충돌,안전운전불이행,건조,맑음,교차로 - 교차로안,승용,남,29세,부상신고,승용,남,60세,경상
2019030200100236,2019년 3월 2일 14시,토요일,충청남도 천안시 서북구 성정동,경상사고,0,0,1,0,차대사람 - 기타,안전운전불이행,건조,맑음,단일로 - 기타,승합,남,46세,상해없음,보행자,여,51세,경상
2019030200100362,2019년 3월 2일 18시,토요일,충청남도 천안시 서북구 두정동,경상사고,0,0,1,0,차대차 - 추돌,안전운전불이행,건조,맑음,단일로 - 기타,화물,남,78세,상해없음,승합,남,50세,경상
2019030200100483,2019년 3월 2일 22시,토요일,충청남도 천안시 서북구 쌍용동,경상사고,0,0,3,0,차대차 - 측면충돌,안전운전불이행,건조,맑음,단일로 - 기타,승용,남,53세,상해없음,승용,남,38세,경상
2019030300100049,2019년 3월 3일 02시,일요일,충청남도 천안시 서북구 두정동,경상사고,0,0,1,0,차대차 - 측면충돌,신호위반,건조,맑음,교차로 - 교차로안,승용,남,53세,상해없음,승용,남,24세,경상
2019030300100050,2019년 3월 3일 02시,일요일,충청남도 천안시 서북구 백석동,경상사고,0,0,2,1,차대차 - 측면충돌,신호위반,건조,맑음,교차로 - 교차로안,승용,여,29세,상해없음,승용,남,32세,경상
2019030300100058,2019년 3월 3일 03시,일요일,충청남도 천안시 동남구 삼룡동,경상사고,0,0,1,0,차대차 - 기타,안전운전불이행,건조,맑음,단일로 - 기타,승용,남,18세,상해없음,승용,남,44세,경상
2019030300100191,2019년 3월 3일 14시,일요일,충청남도 천안시 서북구 두정동,경상사고,0,0,1,0,차대차 - 측면충돌,안전운전불이행,건조,맑음,교차로 - 교차로안,자전거,남,15세,경상,승용,남,61세,상해없음
2019030300100193,2019년 3월 3일 14시,일요일,충청남도 천안시 동남구 구성동,경상사고,0,0,1,0,차대차 - 기타,신호위반,건조,맑음,단일로 - 기타,승용,여,47세,상해없음,승용,남,32세,상해없음
2019030300100239,2019년 3월 3일 16시,일요일,충청남도 천안시 서북구 쌍용동,경상사고,0,0,1,0,차대차 - 추돌,안전거리미확보,건조,맑음,단일로 - 기타,승용,여,28세,상해없음,승용,여,50세,경상
2019030300100279,2019년 3월 3일 18시,일요일,충청남도 천안시 서북구 성정동,경상사고,0,0,2,0,차대차 - 측면충돌,안전운전불이행,건조,맑음,교차로 - 교차로안,승용,남,57세,상해없음,승용,남,30세,경상
2019030400100026,2019년 3월 4일 00시,월요일,충청남도 천안시 동남구 구룡동,경상사고,0,0,2,0,차대차 - 측면충돌,안전운전불이행,건조,맑음,교차로 - 교차로안,승용,여,26세,경상,승용,남,58세,경상
2019030400100117,2019년 3월 4일 09시,월요일,충청남도 천안시 서북구 성정동,중상사고,0,1,2,0,차대차 - 측면충돌,교차로운행방법위반,건조,맑음,교차로 - 교차로안,승용,남,33세,중상,승용,남,33세,경상
2019030400100413,2019년 3월 4일 18시,월요일,충청남도 천안시 서북구 직산읍,경상사고,0,0,2,0,차대차 - 측면충돌,안전운전불이행,건조,맑음,교차로 - 교차로안,승용,남,87세,상해없음,승합,남,72세,경상
2019030500100030,2019년 3월 5일 00시,화요일,충청남도 천안시 서북구 두정동,경상사고,0,0,1,0,차대사람 - 차도통행중,안전운전불이행,건조,맑음,단일로 - 기타,승용,남,19세,상해없음,보행자,남,28세,경상
2019030500100067,2019년 3월 5일 05시,화요일,충청남도 천안시 동남구 대흥동,경상사고,0,0,1,0,차대차 - 측면충돌,안전거리미확보,건조,맑음,단일로 - 기타,승용,남,65세,상해없음,화물,남,52세,경상
2019030500100074,2019년 3월 5일 06시,화요일,충청남도 천안시 동남구 북면,중상사고,0,1,0,0,차대사람 - 횡단중,안전운전불이행,젖음/습기,안개,단일로 - 기타,승합,남,54세,상해없음,보행자,여,87세,중상
2019030500100092,2019년 3월 5일 07시,화요일,충청남도 천안시 동남구 신부동,경상사고,0,0,1,0,차대차 - 측면충돌,안전운전불이행,건조,맑음,교차로 - 교차로안,승용,남,55세,상해없음,승용,여,41세,경상
2019030500100198,2019년 3월 5일 10시,화요일,충청남도 천안시 서북구 성환읍,중상사고,0,1,0,1,차대차 - 추돌,안전운전불이행,건조,맑음,교차로 - 교차로부근,승용,여,66세,부상신고,승용,남,73세,중상
2019030500100200,2019년 3월 5일 10시,화요일,충청남도 천안시 동남구 안서동,경상사고,0,0,1,0,차대사람 - 기타,안전운전불이행,건조,맑음,단일로 - 기타,승용,남,62세,상해없음,보행자,여,18세,경상
2019030500100525,2019년 3월 5일 23시,화요일,충청남도 천안시 서북구 두정동,경상사고,0,0,1,0,차대차 - 추돌,안전운전불이행,건조,맑음,교차로 - 교차로부근,승용,남,38세,상해없음,화물,남,45세,경상
2019030600100395,2019년 3월 6일 17시,수요일,충청남도 천안시 서북구 백석동,경상사고,0,0,2,0,차대차 - 기타,안전거리미확보,건조,맑음,단일로 - 기타,승용,남,35세,경상,화물,남,47세,경상
2019030600100435,2019년 3월 6일 18시,수요일,충청남도 천안시 서북구 두정동,중상사고,0,1,0,0,차대차 - 추돌,안전운전불이행,건조,맑음,교차로 - 교차로부근,승용,남,24세,상해없음,승용,남,22세,중상
2019030600100550,2019년 3월 6일 21시,수요일,충청남도 천안시 동남구 신방동,경상사고,0,0,1,1,차대차 - 정면충돌,안전운전불이행,건조,맑음,교차로 - 교차로안,화물,여,46세,부상신고,승용,남,64세,경상
2019030600100569,2019년 3월 6일 22시,수요일,충청남도 천안시 동남구 원성동,경상사고,0,0,1,0,차대차 - 기타,안전운전불이행,건조,맑음,교차로 - 교차로부근,승용,남,22세,경상,승용,남,62세,상해없음
2019030700100128,2019년 3월 7일 08시,목요일,충청남도 천안시 서북구 성환읍,경상사고,0,0,1,0,차대차 - 추돌,안전운전불이행,건조,맑음,단일로 - 기타,화물,남,52세,상해없음,승용,여,38세,경상
2019030700100129,2019년 3월 7일 08시,목요일,충청남도 천안시 서북구 두정동,중상사고,0,1,0,0,차대차 - 추돌,안전운전불이행,건조,맑음,단일로 - 기타,사륜오토바이(ATV),남,37세,중상,승용,남,28세,상해없음
2019030700100133,2019년 3월 7일 08시,목요일,충청남도 천안시 동남구 원성동,중상사고,0,1,2,0,차대차 - 추돌,안전운전불이행,건조,맑음,단일로 - 기타,승용,남,35세,상해없음,화물,남,54세,상해없음
2019030700100346,2019년 3월 7일 15시,목요일,충청남도 천안시 서북구 성정동,경상사고,0,0,2,0,차대차 - 측면충돌,교차로운행방법위반,건조,맑음,교차로 - 교차로안,화물,남,24세,상해없음,승용,여,46세,경상
2019030700100414,2019년 3월 7일 17시,목요일,충청남도 천안시 서북구 성정동,중상사고,0,1,0,0,차대차 - 측면충돌,직진우회전진행방해,건조,맑음,교차로 - 교차로안,이륜,남,62세,중상,승용,남,32세,상해없음
2019030700100454,2019년 3월 7일 18시,목요일,충청남도 천안시 서북구 쌍용동,경상사고,0,0,2,0,차대차 - 추돌,안전운전불이행,건조,맑음,단일로 - 기타,승용,남,55세,상해없음,승용,여,34세,경상
2019030700100498,2019년 3월 7일 19시,목요일,충청남도 천안시 동남구 목천읍,경상사고,0,0,1,0,차대사람 - 횡단중,안전운전불이행,건조,맑음,교차로 - 교차로안,승용,남,65세,상해없음,보행자,여,43세,경상
2019030800100021,2019년 3월 8일 00시,금요일,충청남도 천안시 서북구 두정동,경상사고,0,0,1,0,차대사람 - 기타,안전운전불이행,건조,맑음,단일로 - 기타,승용,남,36세,상해없음,보행자,남,43세,경상
2019030800100073,2019년 3월 8일 06시,금요일,충청남도 천안시 서북구 두정동,사망사고,1,3,0,0,차대차 - 기타,과속,건조,맑음,교차로 - 교차로부근,화물,남,38세,중상,자전거,남,79세,중상
2019030800100074,2019년 3월 8일 06시,금요일,충청남도 천안시 동남구 신방동,경상사고,0,0,2,0,차대차 - 기타,안전운전불이행,건조,맑음,교차로 - 교차로안,승합,남,24세,상해없음,승합,남,48세,경상
2019030800100096,2019년 3월 8일 07시,금요일,충청남도 천안시 동남구 다가동,중상사고,0,1,0,0,차대차 - 측면충돌,교차로운행방법위반,건조,맑음,교차로 - 교차로안,승용,여,64세,상해없음,이륜,여,52세,중상
2019030800100226,2019년 3월 8일 10시,금요일,충청남도 천안시 서북구 입장면,경상사고,0,0,1,0,차대사람 - 기타,안전운전불이행,건조,맑음,단일로 - 기타,승용,남,19세,상해없음,보행자,남,75세,경상
2019030800100305,2019년 3월 8일 12시,금요일,충청남도 천안시 서북구 쌍용동,경상사고,0,0,2,0,차대차 - 추돌,안전운전불이행,건조,맑음,교차로 - 교차로부근,승용,남,51세,상해없음,승용,남,43세,경상
2019030800100382,2019년 3월 8일 14시,금요일,충청남도 천안시 동남구 구성동,중상사고,0,1,0,0,차대차 - 기타,안전운전불이행,건조,맑음,교차로 - 교차로안,승용,여,37세,상해없음,승용,남,57세,중상
2019030800100418,2019년 3월 8일 15시,금요일,충청남도 천안시 동남구 광덕면,경상사고,0,0,4,1,차대차 - 기타,안전운전불이행,건조,맑음,단일로 - 터널,승용,여,32세,상해없음,승용,남,31세,경상
2019030800100552,2019년 3월 8일 18시,금요일,충청남도 천안시 서북구 쌍용동,경상사고,0,0,2,0,차대차 - 기타,안전운전불이행,건조,맑음,교차로 - 교차로안,승용,여,47세,상해없음,승용,남,61세,경상
2019030900100044,2019년 3월 9일 01시,토요일,충청남도 천안시 서북구 직산읍,중상사고,0,1,0,0,차대사람 - 기타,안전운전불이행,건조,맑음,단일로 - 기타,승용,남,40세,상해없음,보행자,남,57세,중상
2019030900100094,2019년 3월 9일 05시,토요일,충청남도 천안시 서북구 백석동,경상사고,0,0,1,0,차대차 - 측면충돌,신호위반,건조,맑음,교차로 - 교차로안,승용,여,55세,상해없음,승용,남,35세,경상
2019030900100335,2019년 3월 9일 14시,토요일,충청남도 천안시 동남구 목천읍,경상사고,0,0,4,0,차대차 - 추돌,안전거리미확보,건조,맑음,단일로 - 기타,승용,남,26세,상해없음,승용,남,54세,경상
2019030900100370,2019년 3월 9일 15시,토요일,충청남도 천안시 서북구 두정동,경상사고,0,0,2,0,차대차 - 측면충돌,신호위반,건조,맑음,교차로 - 교차로안,승용,남,34세,상해없음,승용,남,25세,경상
2019030900100414,2019년 3월 9일 16시,토요일,충청남도 천안시 동남구 청당동,경상사고,0,0,1,0,차대차 - 측면충돌,직진우회전진행방해,건조,맑음,교차로 - 교차로안,승용,여,46세,상해없음,승용,여,50세,경상
2019030900100481,2019년 3월 9일 18시,토요일,충청남도 천안시 동남구 목천읍,경상사고,0,0,4,0,차대차 - 추돌,안전운전불이행,건조,맑음,교차로 - 교차로부근,승용,여,31세,상해없음,승용,여,51세,경상
2019030900100522,2019년 3월 9일 19시,토요일,충청남도 천안시 동남구 병천면,중상사고,0,1,0,0,차대사람 - 기타,안전운전불이행,건조,맑음,단일로 - 기타,승용,남,66세,상해없음,보행자,남,51세,중상
2019030900100627,2019년 3월 9일 22시,토요일,충청남도 천안시 서북구 불당동,경상사고,0,0,1,0,차대사람 - 횡단중,신호위반,건조,맑음,단일로 - 기타,승용,여,60세,상해없음,보행자,남,43세,경상
2019031000100024,2019년 3월 10일 00시,일요일,충청남도 천안시 서북구 두정동,경상사고,0,0,1,0,차대사람 - 차도통행중,안전운전불이행,건조,맑음,교차로 - 교차로안,이륜,남,44세,상해없음,보행자,여,22세,경상
2019031000100121,2019년 3월 10일 08시,일요일,충청남도 천안시 동남구 신방동,중상사고,0,1,0,0,차대사람 - 기타,안전운전불이행,건조,맑음,단일로 - 기타,승용,남,33세,상해없음,보행자,여,67세,중상
2019031000100339,2019년 3월 10일 18시,일요일,충청남도 천안시 서북구 신당동,경상사고,0,0,1,0,차대차 - 기타,안전운전불이행,건조,맑음,단일로 - 기타,승용,남,56세,상해없음,승용,남,37세,기타불명
2019031000100444,2019년 3월 10일 21시,일요일,충청남도 천안시 서북구 성정동,경상사고,0,0,4,0,차대차 - 추돌,안전운전불이행,건조,맑음,교차로 - 교차로부근,승용,남,25세,상해없음,승용,남,34세,경상
2019031000100484,2019년 3월 10일 23시,일요일,충청남도 천안시 서북구 성정동,경상사고,0,0,2,0,차대차 - 추돌,안전운전불이행,건조,맑음,단일로 - 기타,화물,남,50세,상해없음,화물,남,50세,경상
2019031000100485,2019년 3월 10일 23시,일요일,충청남도 천안시 서북구 직산읍,경상사고,0,0,2,0,차대차 - 추돌,안전운전불이행,건조,맑음,교차로 - 교차로부근,승용,남,45세,상해없음,승용,남,45세,경상
2019031000100486,2019년 3월 10일 23시,일요일,충청남도 천안시 서북구 두정동,중상사고,0,1,0,0,차대사람 - 기타,안전운전불이행,건조,맑음,교차로 - 교차로횡단보도내,승용,남,49세,상해없음,보행자,남,46세,중상
2019031100100050,2019년 3월 11일 05시,월요일,충청남도 천안시 서북구 백석동,경상사고,0,0,1,0,차대차 - 추돌,안전운전불이행,건조,흐림,교차로 - 교차로부근,승용,남,27세,상해없음,승용,여,37세,경상
2019031100100325,2019년 3월 11일 15시,월요일,충청남도 천안시 동남구 구성동,경상사고,0,0,1,0,차대차 - 기타,안전운전불이행,건조,맑음,단일로 - 기타,승용,남,53세,상해없음,승용,여,45세,경상
2019031100100483,2019년 3월 11일 19시,월요일,충청남도 천안시 동남구 목천읍,경상사고,0,0,1,0,차대차 - 측면충돌,교차로운행방법위반,젖음/습기,비,교차로 - 교차로안,화물,남,59세,상해없음,승용,남,54세,경상
2019031100100548,2019년 3월 11일 21시,월요일,충청남도 천안시 동남구 신부동,경상사고,0,0,1,0,차대차 - 기타,안전운전불이행,젖음/습기,비,단일로 - 기타,승용,남,66세,상해없음,승용,남,33세,경상
2019031100100575,2019년 3월 11일 22시,월요일,충청남도 천안시 서북구 신당동,경상사고,0,0,2,0,차대차 - 기타,안전거리미확보,젖음/습기,비,단일로 - 기타,승용,남,28세,상해없음,승용,남,31세,경상
2019031200100024,2019년 3월 12일 00시,화요일,충청남도 천안시 서북구 불당동,중상사고,0,1,0,0,차량단독 - 공작물충돌,안전운전불이행,젖음/습기,흐림,단일로 - 기타,승용,남,41세,중상,,,,
2019031200100065,2019년 3월 12일 06시,화요일,충청남도 천안시 서북구 차암동,경상사고,0,0,1,0,차대차 - 측면충돌,안전운전불이행,건조,맑음,교차로 - 교차로부근,승용,남,62세,상해없음,승용,남,27세,경상
2019031200100066,2019년 3월 12일 06시,화요일,충청남도 천안시 서북구 성성동,경상사고,0,0,1,0,차대차 - 측면충돌,안전운전불이행,건조,맑음,교차로 - 교차로안,승용,남,65세,상해없음,원동기,남,35세,경상
2019031200100085,2019년 3월 12일 07시,화요일,충청남도 천안시 동남구 다가동,중상사고,0,1,0,0,차대차 - 기타,직진우회전진행방해,건조,맑음,교차로 - 교차로안,자전거,남,43세,중상,승용,남,56세,상해없음
2019031200100086,2019년 3월 12일 07시,화요일,충청남도 천안시 동남구 청당동,경상사고,0,0,3,0,차대차 - 측면충돌,교차로운행방법위반,건조,맑음,교차로 - 교차로안,승용,여,42세,상해없음,승용,남,33세,경상
2019031200100112,2019년 3월 12일 08시,화요일,충청남도 천안시 서북구 성정동,경상사고,0,0,1,0,차대차 - 측면충돌,교차로운행방법위반,건조,맑음,교차로 - 교차로안,승용,남,57세,상해없음,원동기,여,54세,경상
2019031200100113,2019년 3월 12일 08시,화요일,충청남도 천안시 서북구 백석동,경상사고,0,0,3,0,차대차 - 측면충돌,안전운전불이행,건조,맑음,교차로 - 교차로부근,화물,남,51세,경상,승용,남,40세,경상
2019031200100115,2019년 3월 12일 08시,화요일,충청남도 천안시 동남구 봉명동,경상사고,0,0,1,0,차대차 - 측면충돌,안전운전불이행,건조,맑음,단일로 - 기타,승용,여,38세,상해없음,자전거,남,59세,경상
2019031200100439,2019년 3월 12일 18시,화요일,충청남도 천안시 동남구 안서동,중상사고,0,1,0,0,차대차 - 측면충돌,불법유턴,건조,맑음,단일로 - 기타,승용,남,59세,상해없음,이륜,남,30세,중상
2019031200100516,2019년 3월 12일 20시,화요일,충청남도 천안시 서북구 성정동,경상사고,0,0,1,0,차대차 - 측면충돌,안전운전불이행,건조,맑음,단일로 - 기타,승용,남,20세,상해없음,이륜,남,39세,경상
2019031200100517,2019년 3월 12일 20시,화요일,충청남도 천안시 서북구 불당동,경상사고,0,0,2,0,차대차 - 측면충돌,불법유턴,건조,맑음,교차로 - 교차로부근,승용,남,38세,상해없음,승용,남,61세,경상
2019031200100518,2019년 3월 12일 20시,화요일,충청남도 천안시 서북구 백석동,경상사고,0,0,2,0,차대차 - 추돌,안전운전불이행,건조,맑음,기타 - 기타,승용,남,60세,상해없음,승용,남,34세,경상
2019031200100554,2019년 3월 12일 21시,화요일,충청남도 천안시 서북구 쌍용동,경상사고,0,0,4,0,차대차 - 추돌,안전운전불이행,건조,맑음,교차로 - 교차로부근,승합,남,48세,상해없음,승용,남,37세,경상
2019031300100080,2019년 3월 13일 07시,수요일,충청남도 천안시 서북구 직산읍,경상사고,0,0,1,0,차대차 - 정면충돌,안전운전불이행,건조,맑음,단일로 - 기타,승용,남,23세,상해없음,승용,남,36세,경상
2019031300100117,2019년 3월 13일 08시,수요일,충청남도 천안시 서북구 성거읍,경상사고,0,0,1,0,차대차 - 정면충돌,신호위반,건조,맑음,교차로 - 교차로안,승용,남,52세,상해없음,화물,남,49세,경상
2019031300100118,2019년 3월 13일 08시,수요일,충청남도 천안시 서북구 두정동,경상사고,0,0,1,0,차대차 - 기타,안전거리미확보,건조,맑음,교차로 - 교차로부근,승용,남,61세,상해없음,승용,남,40세,경상
2019031300100119,2019년 3월 13일 08시,수요일,충청남도 천안시 서북구 성성동,경상사고,0,0,2,0,차대차 - 기타,교차로운행방법위반,건조,맑음,교차로 - 교차로안,승용,남,27세,상해없음,화물,남,46세,경상
2019031300100231,2019년 3월 13일 11시,수요일,충청남도 천안시 동남구 다가동,경상사고,0,0,3,0,차대차 - 추돌,안전운전불이행,건조,맑음,단일로 - 기타,승용,남,52세,상해없음,승용,남,63세,경상
2019031300100331,2019년 3월 13일 14시,수요일,충청남도 천안시 서북구 백석동,경상사고,0,0,1,0,차대사람 - 횡단중,보행자보호의무위반,건조,맑음,교차로 - 교차로횡단보도내,승합,남,49세,상해없음,보행자,남,44세,경상
2019031300100333,2019년 3월 13일 14시,수요일,충청남도 천안시 동남구 원성동,경상사고,0,0,1,0,차대사람 - 기타,안전운전불이행,건조,맑음,단일로 - 기타,승용,여,54세,상해없음,보행자,여,77세,경상
2019031300100400,2019년 3월 13일 16시,수요일,충청남도 천안시 서북구 신당동,경상사고,0,0,1,0,차대차 - 추돌,안전거리미확보,건조,맑음,교차로 - 교차로부근,승용,남,18세,상해없음,승용,남,45세,경상
2019031300100401,2019년 3월 13일 16시,수요일,충청남도 천안시 서북구 성성동,경상사고,0,0,3,0,차대차 - 측면충돌,차로위반,건조,맑음,교차로 - 교차로부근,화물,남,58세,상해없음,승용,여,30세,경상
2019031300100404,2019년 3월 13일 16시,수요일,충청남도 천안시 동남구 쌍용동,경상사고,0,0,3,0,차대차 - 측면충돌,교차로운행방법위반,건조,맑음,교차로 - 교차로안,승합,남,31세,경상,승용,여,48세,경상
2019031300100528,2019년 3월 13일 19시,수요일,충청남도 천안시 동남구 다가동,경상사고,0,0,1,0,차대사람 - 기타,안전운전불이행,건조,맑음,기타 - 기타,화물,남,45세,상해없음,보행자,여,68세,경상
2019031300100595,2019년 3월 13일 21시,수요일,충청남도 천안시 동남구 원성동,중상사고,0,1,0,0,차대차 - 정면충돌,안전운전불이행,건조,맑음,교차로 - 교차로안,승용,여,52세,상해없음,이륜,남,32세,중상
2019031300100657,2019년 3월 13일 23시,수요일,충청남도 천안시 동남구 원성동,경상사고,0,0,1,0,차대차 - 측면충돌,안전거리미확보,건조,맑음,단일로 - 기타,승용,여,24세,상해없음,승용,남,52세,경상
2019031400100028,2019년 3월 14일 00시,목요일,충청남도 천안시 서북구 성정동,경상사고,0,0,1,0,차대차 - 측면충돌,중앙선침범,건조,맑음,단일로 - 기타,승용,남,36세,상해없음,승용,여,36세,경상
2019031400100040,2019년 3월 14일 01시,목요일,충청남도 천안시 서북구 쌍용동,경상사고,0,0,1,0,차대차 - 추돌,안전운전불이행,건조,맑음,교차로 - 교차로부근,승용,남,53세,상해없음,승용,남,33세,경상
2019031400100096,2019년 3월 14일 07시,목요일,충청남도 천안시 서북구 백석동,경상사고,0,0,1,0,차대차 - 추돌,안전운전불이행,건조,맑음,단일로 - 기타,승용,남,47세,상해없음,승용,남,31세,경상
2019031400100186,2019년 3월 14일 09시,목요일,충청남도 천안시 동남구 봉명동,경상사고,0,0,2,0,차대차 - 기타,안전운전불이행,건조,맑음,교차로 - 교차로안,승용,여,31세,상해없음,승용,여,37세,경상
2019031400100301,2019년 3월 14일 13시,목요일,충청남도 천안시 동남구 원성동,중상사고,0,1,0,0,차대사람 - 기타,안전운전불이행,건조,맑음,교차로 - 교차로안,승합,남,71세,상해없음,보행자,여,74세,중상
2019031400100462,2019년 3월 14일 18시,목요일,충청남도 천안시 서북구 쌍용동,중상사고,0,1,0,0,차대사람 - 기타,안전운전불이행,건조,맑음,단일로 - 기타,승용,여,45세,상해없음,보행자,여,15세,중상
2019031400100466,2019년 3월 14일 18시,목요일,충청남도 천안시 동남구 유량동,경상사고,0,0,1,1,차대차 - 기타,중앙선침범,건조,맑음,단일로 - 기타,승용,여,60세,부상신고,화물,남,65세,경상
2019031400100573,2019년 3월 14일 21시,목요일,충청남도 천안시 동남구 청수동,경상사고,0,0,1,0,차대사람 - 기타,안전운전불이행,건조,맑음,교차로 - 교차로부근,승용,여,59세,상해없음,보행자,남,44세,경상
2019031400100632,2019년 3월 14일 23시,목요일,충청남도 천안시 서북구 두정동,경상사고,0,0,1,0,차대차 - 측면충돌,차로위반,건조,맑음,단일로 - 기타,승용,남,25세,상해없음,이륜,남,25세,경상
2019031500100086,2019년 3월 15일 06시,금요일,충청남도 천안시 서북구 두정동,경상사고,0,0,4,0,차대차 - 추돌,안전운전불이행,건조,맑음,단일로 - 기타,승용,남,26세,상해없음,승용,여,54세,경상
2019031500100264,2019년 3월 15일 12시,금요일,충청남도 천안시 동남구 신방동,중상사고,0,1,0,0,차대차 - 측면충돌,안전거리미확보,건조,맑음,단일로 - 기타,화물,남,54세,상해없음,승용,여,29세,중상