사고번호,사고일시,요일,시군구,사고내용,사망자수,중상자수,경상자수,부상신고자수,사고유형,법규위반,노면상태,기상상태,도로형태,가해운전자 차종,가해운전자 성별,가해운전자 연령,가해운전자 상해정도,피해운전자 차종,피해운전자 성별,피해운전자 연령,피해운전자 상해정도
2019071000100369,2019년 7월 10일 16시,수요일,충청남도 천안시 서북구 입장면,중상사고,0,1,0,0,차대차 - 측면충돌,안전운전불이행,건조,맑음,단일로 - 기타,화물,남,48세,중상,화물,남,43세,상해없음
2019071000100421,2019년 7월 10일 17시,수요일,충청남도 천안시 서북구 성성동,경상사고,0,0,1,0,차대차 - 기타,안전운전불이행,건조,맑음,기타 - 기타,화물,남,65세,상해없음,승용,남,54세,경상
2019071000100474,2019년 7월 10일 18시,수요일,충청남도 천안시 동남구 신부동,경상사고,0,0,1,0,차대차 - 측면충돌,안전거리미확보,젖음/습기,비,단일로 - 기타,승용,남,56세,상해없음,승용,남,36세,경상
2019071000100511,2019년 7월 10일 19시,수요일,충청남도 천안시 서북구 두정동,경상사고,0,0,2,0,차대차 - 추돌,안전운전불이행,젖음/습기,비,교차로 - 교차로부근,승용,여,33세,상해없음,승용,남,61세,경상
2019071000100555,2019년 7월 10일 20시,수요일,충청남도 천안시 서북구 성성동,경상사고,0,0,1,0,차대차 - 기타,안전거리미확보,젖음/습기,비,교차로 - 교차로부근,승용,남,51세,상해없음,승용,남,31세,경상
2019071100100117,2019년 7월 11일 07시,목요일,충청남도 천안시 서북구 백석동,경상사고,0,0,4,0,차대차 - 정면충돌,신호위반,건조,맑음,교차로 - 교차로안,승용,남,56세,상해없음,승용,남,31세,경상
2019071100100155,2019년 7월 11일 08시,목요일,충청남도 천안시 동남구 신부동,경상사고,0,0,2,0,차대차 - 측면충돌,안전거리미확보,젖음/습기,비,단일로 - 기타,승용,여,35세,경상,승용,남,40세,경상
2019071100100251,2019년 7월 11일 11시,목요일,충청남도 천안시 서북구 직산읍,중상사고,0,1,1,0,차대차 - 정면충돌,중앙선침범,젖음/습기,비,단일로 - 기타,승용,남,52세,상해없음,승용,여,67세,중상
2019071100100368,2019년 7월 11일 15시,목요일,충청남도 천안시 동남구 신방동,중상사고,0,1,0,0,차대차 - 측면충돌,안전운전불이행,건조,맑음,교차로 - 교차로부근,승용,여,55세,상해없음,자전거,여,60세,중상
2019071100100444,2019년 7월 11일 17시,목요일,충청남도 천안시 서북구 백석동,경상사고,0,0,1,0,차대차 - 측면충돌,신호위반,젖음/습기,비,교차로 - 교차로안,승용,여,55세,상해없음,승용,남,53세,경상
2019071100100528,2019년 7월 11일 19시,목요일,충청남도 천안시 서북구 입장면,경상사고,0,0,1,0,차대차 - 측면충돌,직진우회전진행방해,건조,맑음,교차로 - 교차로안,화물,남,35세,상해없음,이륜,남,68세,경상
2019071100100589,2019년 7월 11일 21시,목요일,충청남도 천안시 서북구 쌍용동,경상사고,0,0,1,0,차대차 - 추돌,안전운전불이행,건조,맑음,단일로 - 기타,승용,남,53세,상해없음,승합,남,67세,경상
2019071200100055,2019년 7월 12일 02시,금요일,충청남도 천안시 서북구 두정동,경상사고,0,0,1,0,차대사람 - 차도통행중,안전운전불이행,젖음/습기,흐림,교차로 - 교차로안,승용,남,32세,상해없음,보행자,남,22세,경상
2019071200100104,2019년 7월 12일 07시,금요일,충청남도 천안시 서북구 성환읍,경상사고,0,0,2,0,차대차 - 측면충돌,신호위반,건조,맑음,교차로 - 교차로안,승용,남,24세,상해없음,화물,남,57세,경상
2019071200100105,2019년 7월 12일 07시,금요일,충청남도 천안시 서북구 차암동,경상사고,0,0,2,0,차대차 - 추돌,안전운전불이행,건조,맑음,단일로 - 기타,승용,남,50세,상해없음,승용,남,47세,경상
2019071200100258,2019년 7월 12일 11시,금요일,충청남도 천안시 동남구 청당동,경상사고,0,0,1,0,차대차 - 기타,안전운전불이행,건조,맑음,교차로 - 교차로부근,승용,여,43세,상해없음,건설기계,남,45세,경상
2019071200100442,2019년 7월 12일 16시,금요일,충청남도 천안시 서북구 쌍용동,경상사고,0,0,1,0,차대차 - 측면충돌,안전운전불이행,건조,맑음,교차로 - 교차로부근,승용,남,52세,상해없음,승용,여,53세,경상
2019071200100500,2019년 7월 12일 17시,금요일,충청남도 천안시 서북구 차암동,경상사고,0,0,1,0,차대차 - 측면충돌,안전거리미확보,건조,맑음,단일로 - 기타,승용,남,50세,상해없음,승용,남,27세,경상
2019071200100502,2019년 7월 12일 17시,금요일,충청남도 천안시 동남구 영성동,중상사고,0,1,0,0,차대사람 - 횡단중,안전운전불이행,건조,맑음,교차로 - 교차로안,화물,남,41세,상해없음,보행자,남,78세,중상
2019071200100559,2019년 7월 12일 18시,금요일,충청남도 천안시 서북구 쌍용동,경상사고,0,0,1,0,차대사람 - 횡단중,보행자보호의무위반,건조,맑음,교차로 - 교차로안,화물,남,60세,상해없음,보행자,남,50세,경상
2019071200100609,2019년 7월 12일 19시,금요일,충청남도 천안시 서북구 차암동,경상사고,0,0,1,0,차대사람 - 횡단중,신호위반,건조,맑음,교차로 - 교차로안,승용,남,56세,상해없음,보행자,남,8세,경상
2019071200100694,2019년 7월 12일 22시,금요일,충청남도 천안시 서북구 성정동,중상사고,0,1,0,0,차대사람 - 횡단중,안전운전불이행,건조,맑음,교차로 - 교차로안,승용,남,29세,상해없음,보행자,여,51세,중상
2019071300100094,2019년 7월 13일 06시,토요일,충청남도 천안시 서북구 성성동,경상사고,0,0,1,0,차대차 - 측면충돌,신호위반,젖음/습기,흐림,교차로 - 교차로안,승용,남,35세,상해없음,승용,남,55세,경상
2019071300100246,2019년 7월 13일 12시,토요일,충청남도 천안시 서북구 성거읍,경상사고,0,0,1,0,차대차 - 기타,안전거리미확보,건조,맑음,단일로 - 기타,건설기계,남,62세,상해없음,승용,여,61세,경상
2019071300100247,2019년 7월 13일 12시,토요일,충청남도 천안시 서북구 신당동,경상사고,0,0,3,0,차대차 - 추돌,안전운전불이행,건조,맑음,단일로 - 기타,화물,남,60세,상해없음,승용,여,38세,경상
2019071300100248,2019년 7월 13일 12시,토요일,충청남도 천안시 서북구 백석동,경상사고,0,0,1,0,차대차 - 기타,신호위반,건조,맑음,교차로 - 교차로횡단보도내,승용,여,42세,상해없음,자전거,남,9세,경상
2019071300100320,2019년 7월 13일 14시,토요일,충청남도 천안시 동남구 신부동,경상사고,0,0,1,0,차대사람 - 기타,안전운전불이행,건조,맑음,기타 - 기타,승합,남,53세,상해없음,보행자,여,64세,경상
2019071300100429,2019년 7월 13일 17시,토요일,충청남도 천안시 서북구 성거읍,경상사고,0,0,5,0,차대차 - 기타,안전운전불이행,건조,맑음,단일로 - 기타,승용,여,58세,상해없음,승용,여,34세,경상
2019071300100527,2019년 7월 13일 20시,토요일,충청남도 천안시 서북구 두정동,경상사고,0,0,1,0,차대사람 - 횡단중,보행자보호의무위반,건조,맑음,교차로 - 교차로부근,승용,남,25세,상해없음,보행자,여,29세,경상
2019071300100550,2019년 7월 13일 21시,토요일,충청남도 천안시 서북구 두정동,경상사고,0,0,1,0,차대차 - 측면충돌,기타,건조,맑음,교차로 - 교차로안,승용,남,63세,상해없음,이륜,남,27세,경상
2019071300100551,2019년 7월 13일 21시,토요일,충청남도 천안시 서북구 쌍용동,경상사고,0,0,1,0,차대사람 - 횡단중,안전운전불이행,건조,맑음,교차로 - 교차로부근,승용,남,53세,상해없음,보행자,남,49세,경상
2019071300100552,2019년 7월 13일 21시,토요일,충청남도 천안시 서북구 직산읍,경상사고,0,0,1,0,차대차 - 추돌,안전운전불이행,건조,맑음,교차로 - 교차로부근,승용,남,27세,상해없음,승용,여,29세,경상
2019071300100553,2019년 7월 13일 21시,토요일,충청남도 천안시 동남구 신방동,경상사고,0,0,1,0,차대차 - 후진중충돌,불법유턴,건조,맑음,단일로 - 기타,승용,남,56세,상해없음,승용,남,37세,경상
2019071300100573,2019년 7월 13일 22시,토요일,충청남도 천안시 동남구 신부동,경상사고,0,0,1,0,차대차 - 후진중충돌,불법유턴,건조,맑음,단일로 - 기타,승용,남,35세,상해없음,이륜,남,49세,경상
2019071400100044,2019년 7월 14일 01시,일요일,충청남도 천안시 동남구 신부동,경상사고,0,0,3,0,차대차 - 측면충돌,안전운전불이행,건조,맑음,교차로 - 교차로안,승용,여,52세,경상,승용,남,45세,경상
2019071400100259,2019년 7월 14일 14시,일요일,충청남도 천안시 서북구 쌍용동,중상사고,0,1,1,0,차대차 - 측면충돌,안전운전불이행,건조,맑음,교차로 - 교차로안,승용,여,50세,경상,승용,여,26세,중상
2019071400100298,2019년 7월 14일 15시,일요일,충청남도 천안시 동남구 구성동,중상사고,0,1,0,0,차대사람 - 기타,안전운전불이행,건조,맑음,단일로 - 기타,승용,남,66세,기타불명,보행자,남,84세,중상
2019071400100299,2019년 7월 14일 15시,일요일,충청남도 천안시 동남구 사직동,경상사고,0,0,1,0,차대사람 - 보도통행중,보행자보호의무위반,건조,맑음,단일로 - 기타,화물,남,62세,상해없음,보행자,남,57세,경상
2019071400100386,2019년 7월 14일 18시,일요일,충청남도 천안시 서북구 성정동,경상사고,0,0,1,0,차대차 - 기타,교차로운행방법위반,건조,맑음,교차로 - 교차로안,승용,남,64세,상해없음,승합,남,40세,상해없음
2019071500100058,2019년 7월 15일 06시,월요일,충청남도 천안시 동남구 신부동,경상사고,0,0,1,0,차대차 - 정면충돌,안전거리미확보,건조,맑음,단일로 - 기타,화물,남,59세,상해없음,승합,남,49세,경상
2019071500100177,2019년 7월 15일 10시,월요일,충청남도 천안시 동남구 성황동,경상사고,0,0,1,0,차대차 - 추돌,안전운전불이행,건조,맑음,단일로 - 기타,승용,남,63세,상해없음,승합,남,59세,상해없음
2019071500100194,2019년 7월 15일 11시,월요일,충청남도 천안시 동남구 광덕면,경상사고,0,0,2,0,차대차 - 추돌,안전거리미확보,건조,맑음,단일로 - 터널,승용,남,50세,상해없음,승용,남,30세,경상
2019071500100256,2019년 7월 15일 13시,월요일,충청남도 천안시 서북구 불당동,경상사고,0,0,1,0,차대차 - 측면충돌,안전운전불이행,젖음/습기,비,단일로 - 기타,승용,여,48세,상해없음,이륜,남,28세,경상
2019071500100297,2019년 7월 15일 14시,월요일,충청남도 천안시 서북구 쌍용동,경상사고,0,0,1,0,차대사람 - 횡단중,보행자보호의무위반,젖음/습기,맑음,교차로 - 교차로횡단보도내,화물,남,45세,상해없음,보행자,남,7세,경상
2019071500100298,2019년 7월 15일 14시,월요일,충청남도 천안시 서북구 성정동,경상사고,0,0,1,0,차대차 - 측면충돌,직진우회전진행방해,건조,흐림,교차로 - 교차로안,승용,남,55세,상해없음,이륜,남,27세,경상
2019071500100493,2019년 7월 15일 18시,월요일,충청남도 천안시 서북구 직산읍,경상사고,0,0,1,0,차대차 - 정면충돌,안전운전불이행,건조,맑음,단일로 - 기타,승용,남,49세,상해없음,승용,여,72세,경상
2019071600100033,2019년 7월 16일 02시,화요일,충청남도 천안시 서북구 두정동,경상사고,0,0,1,0,차대차 - 측면충돌,신호위반,젖음/습기,비,교차로 - 교차로안,승용,남,30세,상해없음,승용,남,64세,경상
2019071600100034,2019년 7월 16일 02시,화요일,충청남도 천안시 동남구 영성동,경상사고,0,0,3,0,차대차 - 측면충돌,안전운전불이행,젖음/습기,비,교차로 - 교차로부근,승용,여,26세,경상,이륜,남,35세,경상
2019071600100076,2019년 7월 16일 07시,화요일,충청남도 천안시 서북구 백석동,경상사고,0,0,1,0,차대차 - 측면충돌,안전운전불이행,건조,맑음,교차로 - 교차로안,승용,남,20세,상해없음,자전거,남,42세,경상
2019071600100147,2019년 7월 16일 09시,화요일,충청남도 천안시 동남구 광덕면,경상사고,0,0,3,0,차대차 - 추돌,안전거리미확보,건조,맑음,단일로 - 기타,승용,남,48세,경상,승용,남,55세,경상
2019071600100174,2019년 7월 16일 10시,화요일,충청남도 천안시 서북구 성정동,중상사고,0,1,0,0,차대차 - 측면충돌,안전운전불이행,건조,맑음,단일로 - 기타,화물,남,59세,상해없음,이륜,남,42세,중상
2019071600100200,2019년 7월 16일 11시,화요일,충청남도 천안시 동남구 목천읍,경상사고,0,0,1,0,차대차 - 측면충돌,직진우회전진행방해,건조,맑음,교차로 - 교차로안,화물,남,28세,상해없음,화물,남,53세,경상
2019071600100530,2019년 7월 16일 19시,화요일,충청남도 천안시 서북구 직산읍,경상사고,0,0,1,0,차대차 - 측면충돌,교차로운행방법위반,건조,맑음,교차로 - 교차로안,화물,남,57세,상해없음,승용,여,35세,경상
2019071700100098,2019년 7월 17일 07시,수요일,충청남도 천안시 동남구 원성동,경상사고,0,0,2,1,차대차 - 측면충돌,중앙선침범,건조,맑음,단일로 - 기타,승용,남,26세,부상신고,승용,여,53세,경상
2019071700100130,2019년 7월 17일 08시,수요일,충청남도 천안시 서북구 쌍용동,경상사고,0,0,1,0,차대차 - 추돌,안전운전불이행,건조,맑음,교차로 - 교차로부근,승합,남,52세,상해없음,승용,남,45세,경상
2019071700100222,2019년 7월 17일 11시,수요일,충청남도 천안시 동남구 원성동,경상사고,0,0,2,0,차대차 - 기타,신호위반,건조,맑음,교차로 - 교차로안,화물,남,70세,기타불명,승용,남,54세,상해없음
2019071700100281,2019년 7월 17일 13시,수요일,충청남도 천안시 서북구 성거읍,경상사고,0,0,1,0,차대사람 - 기타,안전운전불이행,건조,맑음,교차로 - 교차로부근,승용,남,67세,상해없음,보행자,남,19세,경상
2019071700100327,2019년 7월 17일 14시,수요일,충청남도 천안시 서북구 입장면,경상사고,0,0,6,0,차대차 - 측면충돌,신호위반,건조,맑음,교차로 - 교차로안,승용,남,46세,경상,승용,남,61세,경상
2019071700100444,2019년 7월 17일 17시,수요일,충청남도 천안시 서북구 백석동,경상사고,0,0,1,0,차대사람 - 횡단중,안전운전불이행,건조,흐림,단일로 - 기타,승용,남,57세,상해없음,보행자,남,75세,경상
2019071700100492,2019년 7월 17일 18시,수요일,충청남도 천안시 서북구 직산읍,경상사고,0,0,1,0,차대차 - 측면충돌,차로위반,젖음/습기,비,단일로 - 고가도로위,승용,남,53세,상해없음,승용,남,39세,경상
2019071800100086,2019년 7월 18일 07시,목요일,충청남도 천안시 서북구 성정동,경상사고,0,0,1,0,차대차 - 측면충돌,안전운전불이행,건조,맑음,단일로 - 기타,승용,남,30세,상해없음,승용,남,25세,경상
2019071800100115,2019년 7월 18일 08시,목요일,충청남도 천안시 동남구 목천읍,경상사고,0,0,1,0,차대차 - 측면충돌,안전운전불이행,건조,맑음,단일로 - 기타,승용,여,43세,상해없음,원동기,남,41세,경상
2019071800100149,2019년 7월 18일 09시,목요일,충청남도 천안시 동남구 목천읍,경상사고,0,0,3,0,차대차 - 측면충돌,안전운전불이행,건조,맑음,교차로 - 교차로안,승용,남,32세,경상,화물,남,34세,경상
2019071800100246,2019년 7월 18일 12시,목요일,충청남도 천안시 동남구 영성동,중상사고,0,1,0,0,차대사람 - 횡단중,보행자보호의무위반,건조,맑음,단일로 - 기타,승용,여,30세,상해없음,보행자,여,75세,중상
2019071800100279,2019년 7월 18일 13시,목요일,충청남도 천안시 동남구 원성동,경상사고,0,0,4,0,차대차 - 측면충돌,차로위반,건조,맑음,교차로 - 교차로안,건설기계,남,58세,상해없음,승용,여,70세,경상
2019071800100460,2019년 7월 18일 18시,목요일,충청남도 천안시 서북구 불당동,경상사고,0,0,1,0,차대차 - 측면충돌,안전운전불이행,건조,맑음,교차로 - 교차로부근,승용,여,39세,상해없음,승용,남,62세,경상
2019071800100496,2019년 7월 18일 19시,목요일,충청남도 천안시 서북구 성거읍,경상사고,0,0,2,0,차대차 - 추돌,안전거리미확보,건조,맑음,단일로 - 기타,승용,남,44세,상해없음,승용,남,52세,경상
2019071800100619,2019년 7월 18일 23시,목요일,충청남도 천안시 서북구 성정동,경상사고,0,0,1,0,차대차 - 측면충돌,교차로운행방법위반,건조,맑음,교차로 - 교차로안,승용,남,46세,상해없음,승용,남,46세,상해없음
2019071900100062,2019년 7월 19일 02시,금요일,충청남도 천안시 서북구 성정동,경상사고,0,0,1,0,차대사람 - 차도통행중,안전운전불이행,건조,맑음,단일로 - 기타,승용,남,31세,상해없음,보행자,남,27세,경상
2019071900100068,2019년 7월 19일 03시,금요일,충청남도 천안시 서북구 두정동,경상사고,0,0,1,0,차대사람 - 기타,안전운전불이행,건조,맑음,단일로 - 기타,승용,남,26세,상해없음,보행자,남,39세,경상
2019071900100100,2019년 7월 19일 06시,금요일,충청남도 천안시 서북구 성성동,중상사고,0,1,1,0,차대차 - 측면충돌,신호위반,건조,맑음,교차로 - 교차로안,승용,남,33세,경상,승합,남,55세,중상
2019071900100268,2019년 7월 19일 11시,금요일,충청남도 천안시 서북구 성환읍,경상사고,0,0,1,0,차대차 - 측면충돌,교차로운행방법위반,건조,맑음,교차로 - 교차로부근,화물,여,62세,상해없음,화물,남,56세,경상
2019071900100269,2019년 7월 19일 11시,금요일,충청남도 천안시 서북구 쌍용동,경상사고,0,0,3,0,차대차 - 측면충돌,안전거리미확보,건조,맑음,단일로 - 기타,건설기계,남,43세,상해없음,승용,여,31세,경상
2019071900100316,2019년 7월 19일 12시,금요일,충청남도 천안시 동남구 광덕면,중상사고,0,2,5,0,차대차 - 추돌,안전운전불이행,건조,맑음,단일로 - 기타,화물,남,62세,기타불명,화물,남,55세,경상
2019071900100390,2019년 7월 19일 14시,금요일,충청남도 천안시 서북구 성정동,경상사고,0,0,3,0,차대차 - 측면충돌,교차로운행방법위반,건조,맑음,교차로 - 교차로안,승용,여,26세,경상,승용,남,41세,경상
2019071900100421,2019년 7월 19일 15시,금요일,충청남도 천안시 서북구 쌍용동,경상사고,0,0,1,0,차대차 - 측면충돌,불법유턴,건조,맑음,교차로 - 교차로부근,자전거,남,77세,경상,승용,남,86세,상해없음
2019071900100596,2019년 7월 19일 19시,금요일,충청남도 천안시 동남구 원성동,경상사고,0,0,2,0,차대차 - 기타,안전운전불이행,건조,맑음,교차로 - 교차로안,승용,남,56세,상해없음,화물,남,38세,경상
2019071900100632,2019년 7월 19일 20시,금요일,충청남도 천안시 서북구 쌍용동,중상사고,0,1,0,0,차대차 - 기타,신호위반,건조,맑음,교차로 - 교차로안,승용,남,48세,상해없음,이륜,남,17세,중상
2019071900100633,2019년 7월 19일 20시,금요일,충청남도 천안시 서북구 두정동,경상사고,0,0,3,0,차대차 - 기타,안전거리미확보,건조,맑음,단일로 - 기타,승용,남,58세,상해없음,승용,남,55세,경상
2019071900100670,2019년 7월 19일 21시,금요일,충청남도 천안시 서북구 쌍용동,경상사고,0,0,2,0,차대차 - 기타,교차로운행방법위반,건조,맑음,교차로 - 교차로부근,승용,여,26세,상해없음,승용,남,23세,경상
2019071900100705,2019년 7월 19일 22시,금요일,충청남도 천안시 서북구 두정동,경상사고,0,0,1,0,차대차 - 추돌,안전운전불이행,건조,맑음,단일로 - 기타,승용,남,36세,상해없음,승용,남,20세,경상
2019072000100034,2019년 7월 20일 00시,토요일,충청남도 천안시 서북구 성환읍,경상사고,0,0,1,0,차대사람 - 기타,안전운전불이행,건조,맑음,단일로 - 기타,승용,남,39세,상해없음,보행자,남,48세,경상
2019072000100073,2019년 7월 20일 02시,토요일,충청남도 천안시 서북구 두정동,경상사고,0,0,1,0,차대차 - 측면충돌,안전거리미확보,젖음/습기,비,단일로 - 기타,승용,남,59세,상해없음,승용,남,19세,경상
2019072000100133,2019년 7월 20일 08시,토요일,충청남도 천안시 서북구 차암동,경상사고,0,0,2,0,차대차 - 정면충돌,직진우회전진행방해,건조,맑음,교차로 - 교차로안,화물,남,67세,경상,승용,여,33세,경상
2019072000100253,2019년 7월 20일 12시,토요일,충청남도 천안시 서북구 쌍용동,경상사고,0,0,1,0,차대차 - 측면충돌,신호위반,건조,맑음,교차로 - 교차로안,승용,남,32세,상해없음,이륜,남,45세,경상
2019072000100334,2019년 7월 20일 14시,토요일,충청남도 천안시 동남구 광덕면,경상사고,0,0,3,0,차대차 - 기타,안전운전불이행,건조,맑음,단일로 - 기타,승용,남,56세,상해없음,승용,남,50세,경상
2019072000100485,2019년 7월 20일 19시,토요일,충청남도 천안시 서북구 두정동,경상사고,0,0,1,0,차대차 - 측면충돌,안전운전불이행,건조,맑음,교차로 - 교차로안,승용,남,57세,상해없음,승용,여,56세,경상
2019072000100513,2019년 7월 20일 20시,토요일,충청남도 천안시 동남구 신부동,경상사고,0,0,1,0,차대차 - 측면충돌,신호위반,건조,맑음,교차로 - 교차로안,승용,남,61세,상해없음,승용,여,43세,경상
2019072000100552,2019년 7월 20일 21시,토요일,충청남도 천안시 서북구 성정동,경상사고,0,0,1,0,차대차 - 추돌,안전운전불이행,건조,맑음,단일로 - 기타,승용,남,58세,상해없음,승용,남,63세,경상
2019072000100636,2019년 7월 20일 23시,토요일,충청남도 천안시 서북구 불당동,경상사고,0,0,1,0,차대차 - 측면충돌,중앙선침범,젖음/습기,비,교차로 - 교차로부근,승용,여,33세,상해없음,승용,남,31세,경상
2019072100100027,2019년 7월 21일 00시,일요일,충청남도 천안시 서북구 성정동,경상사고,0,0,2,0,차대차 - 측면충돌,안전운전불이행,젖음/습기,비,단일로 - 기타,이륜,남,49세,경상,승용,남,38세,경상
2019072100100028,2019년 7월 21일 00시,일요일,충청남도 천안시 서북구 두정동,경상사고,0,0,1,0,차대사람 - 기타,안전운전불이행,젖음/습기,비,단일로 - 기타,승용,남,34세,상해없음,보행자,남,36세,경상
2019072100100213,2019년 7월 21일 12시,일요일,충청남도 천안시 서북구 두정동,경상사고,0,0,1,0,차대차 - 측면충돌,안전운전불이행,건조,맑음,교차로 - 교차로부근,승용,여,29세,상해없음,승용,남,24세,경상
2019072100100237,2019년 7월 21일 13시,일요일,충청남도 천안시 서북구 불당동,중상사고,0,1,0,1,차대차 - 기타,안전운전불이행,건조,맑음,단일로 - 기타,승용,남,27세,상해없음,승용,여,24세,중상
2019072100100464,2019년 7월 21일 21시,일요일,충청남도 천안시 서북구 두정동,경상사고,0,0,2,0,차대차 - 측면충돌,안전운전불이행,건조,맑음,단일로 - 기타,이륜,남,32세,상해없음,승용,남,34세,경상
2019072200100133,2019년 7월 22일 08시,월요일,충청남도 천안시 동남구 병천면,경상사고,0,0,1,0,차량단독 - 전도전복 - 전도,안전운전불이행,건조,맑음,단일로 - 기타,이륜,남,83세,경상,,,,
2019072200100207,2019년 7월 22일 10시,월요일,충청남도 천안시 서북구 성환읍,경상사고,0,0,1,0,차량단독 - 기타,안전운전불이행,건조,맑음,단일로 - 기타,승합,남,34세,상해없음,,,,
2019072200100331,2019년 7월 22일 13시,월요일,충청남도 천안시 동남구 다가동,경상사고,0,0,1,0,차대차 - 기타,기타,건조,맑음,단일로 - 기타,자전거,남,18세,경상,화물,남,39세,상해없음
2019072200100372,2019년 7월 22일 14시,월요일,충청남도 천안시 동남구 목천읍,중상사고,0,1,0,0,차대사람 - 보도통행중,기타,건조,맑음,기타 - 기타,승용,남,47세,상해없음,보행자,여,75세,중상
2019072200100409,2019년 7월 22일 15시,월요일,충청남도 천안시 서북구 불당동,경상사고,0,0,1,0,차대차 - 기타,신호위반,건조,맑음,교차로 - 교차로안,승용,여,22세,상해없음,이륜,남,57세,경상
2019072200100502,2019년 7월 22일 17시,월요일,충청남도 천안시 서북구 쌍용동,경상사고,0,0,1,0,차대사람 - 기타,안전운전불이행,건조,맑음,단일로 - 기타,기타불명,기타불명,미분류,기타불명,보행자,남,15세,경상
2019072200100647,2019년 7월 22일 20시,월요일,충청남도 천안시 서북구 직산읍,중상사고,0,1,0,0,차대차 - 추돌,안전운전불이행,건조,맑음,교차로 - 교차로부근,승용,남,24세,상해없음,이륜,남,48세,중상
2019072300100089,2019년 7월 23일 06시,화요일,충청남도 천안시 서북구 두정동,중상사고,0,1,1,0,차대차 - 측면충돌,교차로운행방법위반,건조,맑음,교차로 - 교차로안,승용,여,44세,중상,승용,남,64세,경상
2019072300100478,2019년 7월 23일 17시,화요일,충청남도 천안시 서북구 직산읍,경상사고,0,0,1,0,차대차 - 측면충돌,안전운전불이행,건조,맑음,단일로 - 기타,승용,남,59세,상해없음,승용,남,51세,경상
2019072300100528,2019년 7월 23일 18시,화요일,충청남도 천안시 서북구 백석동,경상사고,0,0,3,0,차대차 - 추돌,안전거리미확보,건조,맑음,단일로 - 기타,승용,여,54세,경상,승용,남,55세,경상
2019072300100559,2019년 7월 23일 19시,화요일,충청남도 천안시 동남구 청당동,경상사고,0,0,1,0,차대차 - 측면충돌,불법유턴,건조,맑음,교차로 - 교차로안,승용,남,45세,상해없음,승용,여,57세,경상
2019072300100632,2019년 7월 23일 21시,화요일,충청남도 천안시 서북구 백석동,경상사고,0,0,2,0,차대차 - 기타,안전운전불이행,건조,맑음,교차로 - 교차로부근,화물,남,40세,상해없음,승용,남,38세,경상
2019072400100266,2019년 7월 24일 12시,수요일,충청남도 천안시 서북구 쌍용동,경상사고,0,0,1,0,차대차 - 측면충돌,신호위반,건조,흐림,교차로 - 교차로안,승용,여,60세,상해없음,승용,여,65세,경상
2019072400100298,2019년 7월 24일 13시,수요일,충청남도 천안시 서북구 성정동,중상사고,0,1,0,0,차대사람 - 횡단중,안전운전불이행,건조,맑음,단일로 - 기타,이륜,남,31세,상해없음,보행자,남,28세,중상
2019072400100336,2019년 7월 24일 14시,수요일,충청남도 천안시 서북구 성정동,경상사고,0,0,1,0,차대사람 - 횡단중,보행자보호의무위반,건조,흐림,교차로 - 교차로횡단보도내,승용,여,47세,상해없음,보행자,남,57세,경상
2019072400100381,2019년 7월 24일 15시,수요일,충청남도 천안시 동남구 쌍용동,경상사고,0,0,1,0,차대차 - 기타,안전거리미확보,젖음/습기,흐림,단일로 - 기타,화물,남,49세,상해없음,승합,남,47세,상해없음
2019072400100478,2019년 7월 24일 17시,수요일,충청남도 천안시 서북구 성성동,경상사고,0,0,5,0,차대차 - 측면충돌,안전운전불이행,건조,맑음,단일로 - 기타,화물,남,30세,경상,승용,남,56세,경상
2019072400100531,2019년 7월 24일 18시,수요일,충청남도 천안시 동남구 청당동,중상사고,0,1,1,0,차대차 - 측면충돌,안전운전불이행,건조,맑음,단일로 - 기타,기타불명,기타불명,미분류,기타불명,승용,남,37세,중상
2019072400100636,2019년 7월 24일 21시,수요일,충청남도 천안시 동남구 원성동,경상사고,0,0,1,0,차대차 - 기타,안전운전불이행,젖음/습기,비,교차로 - 교차로안,승용,남,42세,상해없음,승용,여,36세,경상
2019072400100669,2019년 7월 24일 23시,수요일,충청남도 천안시 서북구 쌍용동,경상사고,0,0,1,1,차대차 - 측면충돌,안전운전불이행,건조,맑음,단일로 - 기타,이륜,남,20세,부상신고,승용,남,45세,경상
2019072500100030,2019년 7월 25일 00시,목요일,충청남도 천안시 동남구 봉명동,사망사고,1,0,0,0,차대차 - 측면충돌,중앙선침범,젖음/습기,비,단일로 - 기타,이륜,남,35세,사망,승용,여,46세,상해없음
2019072500100050,2019년 7월 25일 02시,목요일,충청남도 천안시 서북구 성정동,경상사고,0,0,4,0,차대차 - 기타,안전운전불이행,젖음/습기,비,교차로 - 교차로안,승용,남,37세,상해없음,승합,남,27세,경상
2019072500100202,2019년 7월 25일 10시,목요일,충청남도 천안시 동남구 대흥동,경상사고,0,0,3,0,차대차 - 측면충돌,직진우회전진행방해,건조,맑음,단일로 - 기타,승용,남,54세,경상,승용,남,34세,경상
2019072500100231,2019년 7월 25일 11시,목요일,충청남도 천안시 서북구 두정동,경상사고,0,0,2,0,차대차 - 측면충돌,안전운전불이행,젖음/습기,비,교차로 - 교차로안,이륜,남,45세,경상,승용,남,40세,경상