사고번호,사고일시,요일,시군구,사고내용,사망자수,중상자수,경상자수,부상신고자수,사고유형,법규위반,노면상태,기상상태,도로형태,가해운전자 차종,가해운전자 성별,가해운전자 연령,가해운전자 상해정도,피해운전자 차종,피해운전자 성별,피해운전자 연령,피해운전자 상해정도
2019072500100269,2019년 7월 25일 12시,목요일,충청남도 천안시 동남구 청당동,중상사고,0,1,0,0,차대차 - 측면충돌,신호위반,건조,맑음,교차로 - 교차로안,승용,남,48세,상해없음,이륜,남,33세,중상
2019072500100552,2019년 7월 25일 20시,목요일,충청남도 천안시 서북구 입장면,경상사고,0,0,1,2,차대차 - 측면충돌,신호위반,건조,맑음,교차로 - 교차로안,승용,남,27세,상해없음,화물,남,52세,부상신고
2019072500100574,2019년 7월 25일 21시,목요일,충청남도 천안시 서북구 쌍용동,사망사고,1,0,0,0,차대사람 - 횡단중,안전운전불이행,젖음/습기,흐림,교차로 - 교차로부근,승용,남,61세,상해없음,보행자,남,66세,사망
2019072500100602,2019년 7월 25일 22시,목요일,충청남도 천안시 서북구 와촌동,경상사고,0,0,2,0,차대차 - 추돌,안전운전불이행,건조,맑음,교차로 - 교차로부근,승용,남,36세,상해없음,승용,남,54세,경상
2019072600100103,2019년 7월 26일 07시,금요일,충청남도 천안시 서북구 두정동,경상사고,0,0,2,0,차대차 - 기타,안전거리미확보,젖음/습기,비,단일로 - 기타,승용,여,25세,상해없음,승용,남,30세,경상
2019072600100104,2019년 7월 26일 07시,금요일,충청남도 천안시 동남구 대흥동,경상사고,0,0,1,0,차대차 - 측면충돌,안전운전불이행,건조,맑음,교차로 - 교차로안,자전거,남,69세,경상,승용,남,49세,상해없음
2019072600100244,2019년 7월 26일 12시,금요일,충청남도 천안시 동남구 다가동,중상사고,0,1,0,0,차대차 - 측면충돌,중앙선침범,건조,맑음,단일로 - 기타,승용,여,38세,기타불명,이륜,남,73세,중상
2019072600100276,2019년 7월 26일 13시,금요일,충청남도 천안시 동남구 사직동,중상사고,0,1,0,0,차대사람 - 횡단중,안전운전불이행,젖음/습기,비,교차로 - 교차로안,승용,남,61세,상해없음,보행자,여,63세,중상
2019072600100308,2019년 7월 26일 14시,금요일,충청남도 천안시 서북구 와촌동,경상사고,0,0,2,0,차대차 - 기타,안전운전불이행,젖음/습기,비,교차로 - 교차로부근,승용,남,82세,상해없음,승용,남,32세,경상
2019072600100390,2019년 7월 26일 16시,금요일,충청남도 천안시 동남구 신방동,경상사고,0,0,2,0,차대차 - 추돌,안전거리미확보,건조,맑음,단일로 - 기타,승용,여,40세,기타불명,승용,남,67세,경상
2019072600100391,2019년 7월 26일 16시,금요일,충청남도 천안시 동남구 광덕면,경상사고,0,0,2,0,차대차 - 기타,안전운전불이행,젖음/습기,비,단일로 - 기타,승용,남,61세,상해없음,승용,여,32세,경상
2019072600100428,2019년 7월 26일 17시,금요일,충청남도 천안시 동남구 동면,경상사고,0,0,1,0,차대차 - 측면충돌,안전운전불이행,건조,맑음,단일로 - 기타,이륜,남,77세,경상,승용,남,72세,상해없음
2019072600100429,2019년 7월 26일 17시,금요일,충청남도 천안시 동남구 봉명동,경상사고,0,0,2,0,차대차 - 측면충돌,직진우회전진행방해,젖음/습기,비,교차로 - 교차로안,승용,남,56세,경상,화물,남,52세,상해없음
2019072600100467,2019년 7월 26일 18시,금요일,충청남도 천안시 동남구 다가동,경상사고,0,0,1,0,차대차 - 측면충돌,교차로운행방법위반,건조,맑음,교차로 - 교차로안,승용,남,56세,상해없음,승용,남,27세,경상
2019072600100540,2019년 7월 26일 20시,금요일,충청남도 천안시 서북구 입장면,중상사고,0,1,0,0,차대차 - 측면충돌,교차로운행방법위반,젖음/습기,비,교차로 - 교차로부근,승용,남,59세,상해없음,자전거,남,31세,중상
2019072600100541,2019년 7월 26일 20시,금요일,충청남도 천안시 서북구 두정동,경상사고,0,0,1,1,차대차 - 측면충돌,신호위반,젖음/습기,흐림,교차로 - 교차로안,승용,남,26세,경상,이륜,남,28세,부상신고
2019072600100542,2019년 7월 26일 20시,금요일,충청남도 천안시 동남구 신부동,경상사고,0,0,2,0,차대차 - 측면충돌,교차로운행방법위반,건조,맑음,교차로 - 교차로안,승합,남,49세,상해없음,승용,남,28세,경상
2019072600100582,2019년 7월 26일 21시,금요일,충청남도 천안시 동남구 신방동,경상사고,0,0,2,0,차대차 - 추돌,안전거리미확보,건조,맑음,교차로 - 교차로부근,화물,남,68세,상해없음,승용,남,57세,경상
2019072600100609,2019년 7월 26일 22시,금요일,충청남도 천안시 서북구 불당동,경상사고,0,0,1,0,차대차 - 측면충돌,중앙선침범,젖음/습기,비,교차로 - 교차로횡단보도내,승용,남,49세,상해없음,승용,여,36세,경상
2019072600100610,2019년 7월 26일 22시,금요일,충청남도 천안시 서북구 성거읍,중상사고,0,1,0,0,차대차 - 추돌,안전운전불이행,젖음/습기,비,단일로 - 기타,승용,남,50세,상해없음,원동기,남,35세,중상
2019072700100039,2019년 7월 27일 00시,토요일,충청남도 천안시 서북구 두정동,경상사고,0,0,1,0,차대사람 - 기타,기타,젖음/습기,비,단일로 - 기타,승용,남,36세,상해없음,보행자,남,25세,경상
2019072700100063,2019년 7월 27일 01시,토요일,충청남도 천안시 동남구 신부동,중상사고,0,1,1,0,차대사람 - 횡단중,안전운전불이행,젖음/습기,비,교차로 - 교차로안,승용,남,58세,상해없음,보행자,여,25세,경상
2019072700100190,2019년 7월 27일 09시,토요일,충청남도 천안시 동남구 목천읍,중상사고,0,1,0,0,차대차 - 기타,교차로운행방법위반,건조,맑음,교차로 - 교차로안,승용,남,58세,상해없음,승용,여,49세,중상
2019072700100228,2019년 7월 27일 10시,토요일,충청남도 천안시 서북구 쌍용동,경상사고,0,0,1,0,차대차 - 추돌,안전운전불이행,건조,맑음,단일로 - 기타,승용,남,22세,상해없음,승용,남,25세,경상
2019072700100230,2019년 7월 27일 10시,토요일,충청남도 천안시 서북구 성정동,중상사고,0,1,0,0,차대차 - 추돌,안전운전불이행,건조,맑음,교차로 - 교차로부근,승용,남,27세,상해없음,승용,여,46세,중상
2019072700100294,2019년 7월 27일 12시,토요일,충청남도 천안시 동남구 신부동,경상사고,0,0,6,0,차대차 - 기타,안전운전불이행,건조,맑음,교차로 - 교차로안,승용,남,23세,상해없음,승용,남,70세,경상
2019072700100295,2019년 7월 27일 12시,토요일,충청남도 천안시 동남구 원성동,경상사고,0,0,2,0,차대차 - 측면충돌,신호위반,건조,맑음,교차로 - 교차로안,화물,남,67세,상해없음,승용,남,35세,경상
2019072700100333,2019년 7월 27일 13시,토요일,충청남도 천안시 서북구 성정동,경상사고,0,0,1,0,차대차 - 기타,안전운전불이행,건조,맑음,교차로 - 교차로안,승합,남,42세,상해없음,승용,남,31세,경상
2019072700100334,2019년 7월 27일 13시,토요일,충청남도 천안시 동남구 원성동,경상사고,0,0,1,0,차대차 - 추돌,안전거리미확보,건조,맑음,교차로 - 교차로부근,승용,남,52세,기타불명,화물,남,37세,경상
2019072700100393,2019년 7월 27일 15시,토요일,충청남도 천안시 동남구 봉명동,경상사고,0,0,1,0,차대차 - 측면충돌,안전운전불이행,건조,맑음,교차로 - 교차로안,승용,남,27세,상해없음,이륜,남,30세,경상
2019072700100460,2019년 7월 27일 17시,토요일,충청남도 천안시 서북구 입장면,경상사고,0,0,1,0,차대차 - 측면충돌,안전운전불이행,건조,맑음,교차로 - 교차로안,승용,여,74세,상해없음,이륜,남,17세,경상
2019072700100601,2019년 7월 27일 21시,토요일,충청남도 천안시 동남구 성황동,경상사고,0,0,1,0,차대사람 - 횡단중,보행자보호의무위반,젖음/습기,비,단일로 - 기타,승용,남,52세,상해없음,보행자,여,23세,경상
2019072700100635,2019년 7월 27일 22시,토요일,충청남도 천안시 서북구 쌍용동,중상사고,0,2,0,1,차대차 - 측면충돌,중앙선침범,젖음/습기,비,교차로 - 교차로부근,승용,남,51세,부상신고,승용,여,43세,중상
2019072700100658,2019년 7월 27일 23시,토요일,충청남도 천안시 서북구 불당동,중상사고,0,1,0,0,차대차 - 추돌,안전운전불이행,젖음/습기,비,교차로 - 교차로부근,승용,남,54세,상해없음,승용,여,50세,중상
2019072800100053,2019년 7월 28일 02시,일요일,충청남도 천안시 서북구 성정동,경상사고,0,0,4,0,차대차 - 측면충돌,신호위반,젖음/습기,비,교차로 - 교차로안,승용,남,39세,경상,승용,남,45세,경상
2019072800100131,2019년 7월 28일 10시,일요일,충청남도 천안시 동남구 원성동,중상사고,0,1,0,0,차대차 - 측면충돌,안전거리미확보,건조,맑음,교차로 - 교차로안,자전거,남,54세,중상,이륜,남,40세,상해없음
2019072800100141,2019년 7월 28일 11시,일요일,충청남도 천안시 서북구 신당동,경상사고,0,0,1,0,차대차 - 측면충돌,안전운전불이행,젖음/습기,비,단일로 - 기타,승용,남,36세,상해없음,화물,남,48세,경상
2019072800100208,2019년 7월 28일 14시,일요일,충청남도 천안시 서북구 두정동,경상사고,0,0,1,0,차대차 - 추돌,신호위반,젖음/습기,비,단일로 - 기타,이륜,남,21세,경상,승용,남,30세,상해없음
2019072800100209,2019년 7월 28일 14시,일요일,충청남도 천안시 서북구 성정동,경상사고,0,0,1,0,차대차 - 기타,안전운전불이행,건조,맑음,교차로 - 교차로안,승용,남,31세,기타불명,승용,여,28세,경상
2019072800100242,2019년 7월 28일 15시,일요일,충청남도 천안시 서북구 쌍용동,경상사고,0,0,3,0,차대차 - 측면충돌,교차로운행방법위반,건조,맑음,교차로 - 교차로안,승용,남,27세,경상,승용,남,58세,경상
2019072800100243,2019년 7월 28일 15시,일요일,충청남도 천안시 동남구 신방동,경상사고,0,0,2,0,차대차 - 추돌,안전운전불이행,건조,맑음,교차로 - 교차로부근,승용,남,51세,상해없음,승용,남,25세,경상
2019072900100034,2019년 7월 29일 00시,월요일,충청남도 천안시 서북구 성정동,경상사고,0,0,1,0,차대차 - 추돌,안전운전불이행,건조,맑음,교차로 - 교차로부근,승용,남,36세,상해없음,승용,여,22세,경상
2019072900100087,2019년 7월 29일 07시,월요일,충청남도 천안시 동남구 구룡동,경상사고,0,0,1,0,차량단독 - 공작물충돌,안전운전불이행,건조,맑음,단일로 - 기타,승용,남,42세,경상,,,,
2019072900100185,2019년 7월 29일 10시,월요일,충청남도 천안시 서북구 쌍용동,경상사고,0,0,1,0,차대사람 - 횡단중,보행자보호의무위반,건조,맑음,교차로 - 교차로횡단보도내,승용,남,28세,상해없음,보행자,여,54세,경상
2019072900100189,2019년 7월 29일 10시,월요일,충청남도 천안시 동남구 북면,중상사고,0,1,0,0,차대사람 - 횡단중,안전운전불이행,건조,맑음,단일로 - 기타,승용,남,51세,상해없음,보행자,남,12세,중상
2019072900100220,2019년 7월 29일 11시,월요일,충청남도 천안시 서북구 쌍용동,중상사고,0,1,0,0,차대차 - 측면충돌,안전운전불이행,건조,맑음,교차로 - 교차로안,승용,여,64세,상해없음,승합,남,55세,상해없음
2019072900100222,2019년 7월 29일 11시,월요일,충청남도 천안시 동남구 신방동,중상사고,0,1,0,0,차대사람 - 횡단중,안전운전불이행,건조,맑음,단일로 - 기타,승용,남,33세,상해없음,보행자,여,65세,중상
2019072900100257,2019년 7월 29일 12시,월요일,충청남도 천안시 동남구 원성동,경상사고,0,0,1,0,차대차 - 측면충돌,안전운전불이행,건조,맑음,교차로 - 교차로안,승용,여,47세,상해없음,자전거,남,13세,경상
2019072900100290,2019년 7월 29일 13시,월요일,충청남도 천안시 동남구 원성동,경상사고,0,0,1,0,차대차 - 측면충돌,직진우회전진행방해,건조,맑음,교차로 - 교차로안,승용,남,25세,상해없음,승용,여,56세,경상
2019072900100515,2019년 7월 29일 18시,월요일,충청남도 천안시 서북구 성환읍,경상사고,0,0,4,0,차대차 - 측면충돌,직진우회전진행방해,건조,맑음,교차로 - 교차로안,승용,남,34세,경상,승용,여,38세,경상
2019072900100516,2019년 7월 29일 18시,월요일,충청남도 천안시 서북구 와촌동,경상사고,0,0,1,0,차대차 - 정면충돌,중앙선침범,건조,맑음,단일로 - 기타,승용,남,31세,상해없음,자전거,남,47세,경상
2019072900100518,2019년 7월 29일 18시,월요일,충청남도 천안시 동남구 신부동,경상사고,0,0,1,0,차대차 - 측면충돌,차로위반,건조,맑음,단일로 - 기타,화물,남,69세,상해없음,승용,남,56세,경상
2019072900100519,2019년 7월 29일 18시,월요일,충청남도 천안시 동남구 신부동,중상사고,0,1,2,0,차대차 - 측면충돌,차로위반,건조,맑음,단일로 - 기타,승용,남,35세,경상,승용,여,33세,중상
2019072900100627,2019년 7월 29일 21시,월요일,충청남도 천안시 서북구 입장면,사망사고,1,0,0,0,차대사람 - 기타,안전운전불이행,젖음/습기,흐림,단일로 - 기타,승용,남,58세,상해없음,보행자,남,60세,사망
2019073000100125,2019년 7월 30일 08시,화요일,충청남도 천안시 동남구 다가동,경상사고,0,0,1,1,차대차 - 기타,안전운전불이행,건조,맑음,교차로 - 교차로안,승용,여,61세,부상신고,승용,남,66세,경상
2019073000100126,2019년 7월 30일 08시,화요일,충청남도 천안시 동남구 목천읍,경상사고,0,0,1,0,차대차 - 추돌,안전운전불이행,건조,맑음,교차로 - 교차로부근,승용,남,52세,기타불명,승용,여,47세,경상
2019073000100161,2019년 7월 30일 09시,화요일,충청남도 천안시 동남구 삼룡동,중상사고,0,1,0,0,차대차 - 추돌,차로위반,건조,맑음,단일로 - 기타,건설기계,남,63세,상해없음,승용,여,46세,중상
2019073000100190,2019년 7월 30일 10시,화요일,충청남도 천안시 동남구 신방동,경상사고,0,0,1,0,차대사람 - 횡단중,신호위반,건조,맑음,교차로 - 교차로횡단보도내,승용,남,32세,상해없음,보행자,여,11세,경상
2019073000100391,2019년 7월 30일 15시,화요일,충청남도 천안시 동남구 광덕면,경상사고,0,0,6,0,차대차 - 기타,안전운전불이행,건조,맑음,단일로 - 기타,승용,여,29세,경상,승용,남,42세,경상
2019073000100484,2019년 7월 30일 17시,화요일,충청남도 천안시 동남구 봉명동,경상사고,0,0,1,0,차대차 - 추돌,안전운전불이행,건조,맑음,교차로 - 교차로부근,승용,남,79세,상해없음,승용,여,61세,경상
2019073100100161,2019년 7월 31일 09시,수요일,충청남도 천안시 동남구 봉명동,경상사고,0,0,2,1,차대차 - 정면충돌,중앙선침범,건조,맑음,교차로 - 교차로부근,승용,남,80세,부상신고,화물,남,54세,경상
2019073100100189,2019년 7월 31일 10시,수요일,충청남도 천안시 서북구 성환읍,경상사고,0,0,2,0,차대차 - 기타,안전운전불이행,건조,맑음,교차로 - 교차로안,승용,남,68세,상해없음,승용,남,23세,경상
2019073100100367,2019년 7월 31일 15시,수요일,충청남도 천안시 동남구 신방동,중상사고,0,1,2,0,차대차 - 측면충돌,직진우회전진행방해,건조,맑음,교차로 - 교차로횡단보도내,승용,여,36세,중상,승용,여,49세,경상
2019073100100447,2019년 7월 31일 17시,수요일,충청남도 천안시 서북구 직산읍,경상사고,0,0,1,0,차대차 - 측면충돌,안전거리미확보,건조,맑음,교차로 - 교차로부근,승용,여,46세,상해없음,승용,여,30세,경상
2019073100100570,2019년 7월 31일 20시,수요일,충청남도 천안시 동남구 봉명동,경상사고,0,0,1,0,차대차 - 측면충돌,직진우회전진행방해,건조,맑음,교차로 - 교차로안,승용,여,37세,상해없음,이륜,남,22세,경상
2019073100100651,2019년 7월 31일 22시,수요일,충청남도 천안시 서북구 쌍용동,경상사고,0,0,2,0,차대차 - 정면충돌,신호위반,건조,맑음,교차로 - 교차로부근,승용,남,25세,상해없음,승용,남,58세,경상
2019080100100139,2019년 8월 1일 08시,목요일,충청남도 천안시 서북구 직산읍,경상사고,0,0,1,1,차대차 - 추돌,안전운전불이행,건조,맑음,단일로 - 기타,승용,남,26세,상해없음,승용,남,33세,부상신고
2019080100100281,2019년 8월 1일 12시,목요일,충청남도 천안시 동남구 오룡동,경상사고,0,0,1,0,차대차 - 측면충돌,안전운전불이행,건조,맑음,교차로 - 교차로안,승용,남,42세,상해없음,승용,여,52세,경상
2019080100100661,2019년 8월 1일 22시,목요일,충청남도 천안시 동남구 수신면,중상사고,0,1,1,1,차대차 - 추돌,안전운전불이행,건조,맑음,단일로 - 기타,승용,남,28세,상해없음,승용,여,50세,중상
2019080200100032,2019년 8월 2일 00시,금요일,충청남도 천안시 서북구 두정동,경상사고,0,0,1,0,차대사람 - 차도통행중,안전운전불이행,건조,맑음,교차로 - 교차로안,승용,여,29세,상해없음,보행자,여,25세,경상
2019080200100048,2019년 8월 2일 01시,금요일,충청남도 천안시 동남구 병천면,중상사고,0,1,0,0,차대차 - 정면충돌,중앙선침범,건조,맑음,단일로 - 기타,승용,남,29세,상해없음,화물,남,60세,중상
2019080200100291,2019년 8월 2일 13시,금요일,충청남도 천안시 동남구 수신면,경상사고,0,0,1,0,차대차 - 추돌,안전운전불이행,건조,맑음,단일로 - 기타,승용,남,56세,기타불명,승용,남,45세,경상
2019080200100571,2019년 8월 2일 19시,금요일,충청남도 천안시 동남구 안서동,중상사고,0,1,0,0,차대사람 - 기타,안전운전불이행,건조,맑음,교차로 - 교차로안,승용,남,57세,상해없음,보행자,남,46세,중상
2019080200100572,2019년 8월 2일 19시,금요일,충청남도 천안시 동남구 병천면,경상사고,0,0,1,0,차량단독 - 기타,안전운전불이행,건조,맑음,단일로 - 기타,승합,남,57세,상해없음,,,,
2019080300100197,2019년 8월 3일 11시,토요일,충청남도 천안시 서북구 성거읍,경상사고,0,0,1,0,차대차 - 추돌,안전거리미확보,건조,맑음,단일로 - 기타,승용,남,31세,상해없음,승용,남,34세,경상
2019080300100237,2019년 8월 3일 12시,토요일,충청남도 천안시 서북구 성정동,중상사고,0,1,1,0,차대차 - 측면충돌,직진우회전진행방해,건조,맑음,교차로 - 교차로안,승용,여,55세,상해없음,승용,여,60세,경상
2019080300100270,2019년 8월 3일 13시,토요일,충청남도 천안시 동남구 수신면,경상사고,0,0,1,0,차대차 - 측면충돌,안전운전불이행,건조,맑음,교차로 - 교차로부근,승용,남,25세,상해없음,승용,여,53세,상해없음
2019080300100299,2019년 8월 3일 14시,토요일,충청남도 천안시 서북구 두정동,경상사고,0,0,1,0,차대차 - 기타,중앙선침범,건조,맑음,교차로 - 교차로안,개인형이동수단(PM),여,20세,상해없음,이륜,남,33세,경상
2019080300100300,2019년 8월 3일 14시,토요일,충청남도 천안시 서북구 불당동,경상사고,0,0,1,0,차대차 - 측면충돌,안전운전불이행,건조,맑음,교차로 - 교차로안,승용,남,44세,상해없음,이륜,남,41세,경상
2019080300100432,2019년 8월 3일 18시,토요일,충청남도 천안시 동남구 성남면,경상사고,0,0,2,0,차대차 - 측면충돌,안전운전불이행,건조,맑음,단일로 - 기타,승합,남,24세,경상,승용,남,60세,경상
2019080300100477,2019년 8월 3일 20시,토요일,충청남도 천안시 서북구 성정동,경상사고,0,0,2,0,차대차 - 기타,교차로운행방법위반,건조,맑음,교차로 - 교차로안,승용,남,21세,상해없음,승용,여,24세,경상
2019080300100478,2019년 8월 3일 20시,토요일,충청남도 천안시 서북구 불당동,경상사고,0,0,1,0,차대차 - 기타,안전운전불이행,건조,맑음,교차로 - 교차로부근,승용,남,30세,기타불명,승용,여,46세,경상
2019080300100480,2019년 8월 3일 20시,토요일,충청남도 천안시 동남구 청당동,경상사고,0,0,1,0,차대차 - 측면충돌,신호위반,건조,맑음,단일로 - 기타,승용,여,43세,상해없음,개인형이동수단(PM),남,29세,경상
2019080400100031,2019년 8월 4일 00시,일요일,충청남도 천안시 서북구 두정동,경상사고,0,0,1,0,차대차 - 기타,중앙선침범,건조,맑음,단일로 - 기타,승용,남,26세,상해없음,원동기,남,26세,경상
2019080400100046,2019년 8월 4일 01시,일요일,충청남도 천안시 서북구 불당동,중상사고,0,1,1,0,차대차 - 측면충돌,신호위반,건조,맑음,교차로 - 교차로안,승용,남,34세,상해없음,승용,남,50세,경상
2019080400100181,2019년 8월 4일 11시,일요일,충청남도 천안시 동남구 병천면,경상사고,0,0,1,0,차대사람 - 기타,안전운전불이행,건조,맑음,단일로 - 기타,승합,남,64세,상해없음,보행자,남,45세,경상
2019080400100363,2019년 8월 4일 17시,일요일,충청남도 천안시 서북구 쌍용동,경상사고,0,0,1,1,차대차 - 측면충돌,신호위반,건조,맑음,교차로 - 교차로안,이륜,남,18세,부상신고,승용,남,60세,경상
2019080400100406,2019년 8월 4일 18시,일요일,충청남도 천안시 서북구 두정동,경상사고,0,0,1,0,차대차 - 측면충돌,기타,건조,맑음,단일로 - 기타,이륜,남,47세,경상,승용,남,31세,상해없음
2019080400100407,2019년 8월 4일 18시,일요일,충청남도 천안시 서북구 불당동,경상사고,0,0,3,0,차대차 - 후진중충돌,안전운전불이행,건조,맑음,단일로 - 기타,승용,여,41세,경상,승용,여,27세,경상
2019080400100503,2019년 8월 4일 22시,일요일,충청남도 천안시 서북구 성정동,경상사고,0,0,1,0,차대차 - 측면충돌,안전거리미확보,건조,맑음,단일로 - 기타,승용,여,27세,상해없음,이륜,남,21세,경상
2019080500100151,2019년 8월 5일 09시,월요일,충청남도 천안시 서북구 성정동,경상사고,0,0,1,1,차대차 - 측면충돌,직진우회전진행방해,건조,맑음,교차로 - 교차로안,승용,여,57세,부상신고,승용,여,35세,경상
2019080500100152,2019년 8월 5일 09시,월요일,충청남도 천안시 서북구 불당동,경상사고,0,0,1,0,차대사람 - 횡단중,보행자보호의무위반,건조,맑음,교차로 - 교차로안,승합,여,47세,상해없음,보행자,남,15세,경상
2019080500100229,2019년 8월 5일 11시,월요일,충청남도 천안시 서북구 성정동,중상사고,0,1,0,0,차대사람 - 기타,안전운전불이행,건조,맑음,기타 - 기타,자전거,기타불명,미분류,기타불명,보행자,남,63세,중상
2019080500100358,2019년 8월 5일 14시,월요일,충청남도 천안시 서북구 직산읍,중상사고,0,1,1,0,차대차 - 추돌,안전운전불이행,건조,맑음,단일로 - 기타,건설기계,남,53세,상해없음,화물,남,60세,중상
2019080500100441,2019년 8월 5일 16시,월요일,충청남도 천안시 서북구 성정동,경상사고,0,0,2,0,차대차 - 측면충돌,중앙선침범,건조,맑음,교차로 - 교차로안,승용,여,75세,경상,이륜,남,51세,경상
2019080500100442,2019년 8월 5일 16시,월요일,충청남도 천안시 동남구 사직동,중상사고,0,1,0,0,차대차 - 측면충돌,안전운전불이행,건조,맑음,단일로 - 기타,승용,여,56세,중상,승용,여,56세,상해없음
2019080500100491,2019년 8월 5일 17시,월요일,충청남도 천안시 동남구 원성동,경상사고,0,0,1,0,차대차 - 기타,차로위반,건조,맑음,단일로 - 기타,승용,남,63세,상해없음,승용,여,27세,경상
2019080500100528,2019년 8월 5일 18시,월요일,충청남도 천안시 서북구 백석동,경상사고,0,0,2,0,차대차 - 측면충돌,안전운전불이행,건조,맑음,교차로 - 교차로안,승용,남,26세,상해없음,승용,여,26세,경상
2019080500100532,2019년 8월 5일 18시,월요일,충청남도 천안시 동남구 용곡동,중상사고,0,1,0,0,차대차 - 측면충돌,교차로운행방법위반,건조,맑음,교차로 - 교차로안,화물,남,77세,상해없음,이륜,남,20세,중상
2019080600100054,2019년 8월 6일 02시,화요일,충청남도 천안시 서북구 불당동,경상사고,0,0,2,0,차대차 - 측면충돌,신호위반,건조,맑음,교차로 - 교차로안,승용,남,64세,상해없음,승용,여,39세,경상
2019080600100088,2019년 8월 6일 06시,화요일,충청남도 천안시 서북구 성정동,중상사고,0,1,0,0,차대사람 - 보도통행중,기타,건조,맑음,단일로 - 기타,승용,남,54세,상해없음,보행자,남,38세,중상
2019080600100122,2019년 8월 6일 08시,화요일,충청남도 천안시 서북구 입장면,경상사고,0,0,1,0,차대차 - 측면충돌,직진우회전진행방해,건조,맑음,교차로 - 교차로안,승용,남,30세,상해없음,승용,남,55세,경상
2019080600100368,2019년 8월 6일 15시,화요일,충청남도 천안시 서북구 성정동,경상사고,0,0,1,1,차대차 - 추돌,안전운전불이행,건조,맑음,교차로 - 교차로안,승용,남,61세,상해없음,승용,남,42세,부상신고
2019080600100369,2019년 8월 6일 15시,화요일,충청남도 천안시 동남구 청당동,경상사고,0,0,1,0,차대사람 - 횡단중,보행자보호의무위반,건조,맑음,단일로 - 기타,승용,여,57세,상해없음,보행자,남,6세,경상
2019080600100456,2019년 8월 6일 17시,화요일,충청남도 천안시 서북구 쌍용동,중상사고,0,2,0,0,차대사람 - 횡단중,신호위반,건조,맑음,교차로 - 교차로횡단보도내,이륜,남,39세,상해없음,보행자,남,24세,중상
2019080600100546,2019년 8월 6일 19시,화요일,충청남도 천안시 서북구 두정동,경상사고,0,0,1,0,차대차 - 측면충돌,교차로운행방법위반,건조,맑음,교차로 - 교차로안,승용,남,26세,상해없음,이륜,남,21세,경상
2019080600100632,2019년 8월 6일 21시,화요일,충청남도 천안시 서북구 성정동,경상사고,0,0,1,0,차대차 - 기타,안전운전불이행,건조,맑음,단일로 - 기타,기타불명,기타불명,미분류,기타불명,승용,남,27세,경상
2019080700100087,2019년 8월 7일 05시,수요일,충청남도 천안시 동남구 신부동,중상사고,0,1,1,0,차대차 - 측면충돌,신호위반,건조,맑음,교차로 - 교차로안,승용,남,45세,경상,승용,남,40세,중상
2019080700100130,2019년 8월 7일 08시,수요일,충청남도 천안시 동남구 원성동,중상사고,0,1,0,0,차대차 - 측면충돌,안전운전불이행,건조,맑음,교차로 - 교차로안,승용,남,59세,상해없음,자전거,여,64세,중상
2019080700100170,2019년 8월 7일 09시,수요일,충청남도 천안시 동남구 원성동,경상사고,0,0,1,0,차대차 - 측면충돌,불법유턴,건조,맑음,교차로 - 교차로횡단보도내,이륜,남,25세,경상,승용,남,38세,상해없음
2019080700100191,2019년 8월 7일 10시,수요일,충청남도 천안시 서북구 입장면,중상사고,0,1,0,0,차대차 - 측면충돌,차로위반,건조,맑음,단일로 - 기타,승용,남,25세,상해없음,이륜,남,76세,중상
2019080700100267,2019년 8월 7일 12시,수요일,충청남도 천안시 서북구 성정동,경상사고,0,0,1,0,차대차 - 기타,신호위반,건조,맑음,교차로 - 교차로안,승합,여,44세,상해없음,승용,남,44세,경상
2019080700100352,2019년 8월 7일 14시,수요일,충청남도 천안시 서북구 성거읍,경상사고,0,0,1,0,차대차 - 기타,신호위반,건조,맑음,단일로 - 기타,승용,여,39세,상해없음,화물,남,35세,경상
2019080700100383,2019년 8월 7일 15시,수요일,충청남도 천안시 서북구 두정동,경상사고,0,0,1,0,차대차 - 기타,안전운전불이행,건조,맑음,교차로 - 교차로안,승용,남,28세,상해없음,이륜,남,34세,경상
2019080700100385,2019년 8월 7일 15시,수요일,충청남도 천안시 동남구 원성동,경상사고,0,0,1,0,차대차 - 측면충돌,신호위반,건조,맑음,교차로 - 교차로안,승용,여,38세,상해없음,화물,남,61세,경상
2019080700100425,2019년 8월 7일 16시,수요일,충청남도 천안시 서북구 성환읍,중상사고,0,1,0,0,차대차 - 측면충돌,신호위반,건조,맑음,교차로 - 교차로안,승용,여,58세,상해없음,승용,여,54세,중상
2019080700100428,2019년 8월 7일 16시,수요일,충청남도 천안시 동남구 문화동,경상사고,0,0,1,0,차대차 - 추돌,안전운전불이행,건조,맑음,단일로 - 기타,승용,남,21세,상해없음,승용,여,54세,경상
2019080700100467,2019년 8월 7일 17시,수요일,충청남도 천안시 동남구 안서동,경상사고,0,0,4,0,차대차 - 정면충돌,중앙선침범,건조,맑음,단일로 - 기타,승용,남,29세,경상,승용,남,60세,경상
2019080700100580,2019년 8월 7일 20시,수요일,충청남도 천안시 서북구 두정동,중상사고,0,1,0,0,차대차 - 측면충돌,중앙선침범,건조,맑음,교차로 - 교차로안,승용,남,26세,상해없음,이륜,남,30세,중상
2019080700100618,2019년 8월 7일 21시,수요일,충청남도 천안시 서북구 성정동,경상사고,0,0,1,0,차대사람 - 기타,안전운전불이행,건조,맑음,단일로 - 기타,화물,남,29세,상해없음,보행자,남,58세,경상