사고번호,사고일시,요일,시군구,사고내용,사망자수,중상자수,경상자수,부상신고자수,사고유형,법규위반,노면상태,기상상태,도로형태,가해운전자 차종,가해운전자 성별,가해운전자 연령,가해운전자 상해정도,피해운전자 차종,피해운전자 성별,피해운전자 연령,피해운전자 상해정도
2019090300100308,2019년 9월 3일 13시,화요일,충청남도 천안시 동남구 안서동,경상사고,0,0,1,0,차대사람 - 기타,안전운전불이행,건조,맑음,단일로 - 기타,승용,여,61세,상해없음,보행자,여,22세,경상
2019090300100342,2019년 9월 3일 14시,화요일,충청남도 천안시 동남구 신부동,경상사고,0,0,1,0,차대차 - 추돌,안전거리미확보,건조,맑음,교차로 - 교차로안,특수,남,41세,상해없음,승용,남,29세,경상
2019090300100430,2019년 9월 3일 16시,화요일,충청남도 천안시 동남구 구성동,경상사고,0,0,1,0,차대차 - 추돌,안전운전불이행,건조,맑음,교차로 - 교차로부근,이륜,남,19세,경상,승용,남,58세,상해없음
2019090300100431,2019년 9월 3일 16시,화요일,충청남도 천안시 동남구 목천읍,중상사고,0,1,0,0,차량단독 - 기타,안전운전불이행,건조,맑음,단일로 - 기타,자전거,남,71세,중상,,,,
2019090300100476,2019년 9월 3일 17시,화요일,충청남도 천안시 서북구 성정동,중상사고,0,1,0,0,차대사람 - 횡단중,보행자보호의무위반,건조,맑음,교차로 - 교차로횡단보도내,승용,여,42세,상해없음,보행자,여,61세,중상
2019090300100527,2019년 9월 3일 18시,화요일,충청남도 천안시 동남구 신부동,경상사고,0,0,1,0,차대차 - 기타,안전운전불이행,건조,맑음,교차로 - 교차로안,자전거,남,12세,경상,기타불명,기타불명,미분류,기타불명
2019090300100589,2019년 9월 3일 19시,화요일,충청남도 천안시 동남구 신방동,경상사고,0,0,1,0,차대차 - 측면충돌,안전운전불이행,젖음/습기,흐림,단일로 - 기타,승용,여,33세,상해없음,승용,남,36세,경상
2019090300100679,2019년 9월 3일 21시,화요일,충청남도 천안시 서북구 성정동,경상사고,0,0,1,0,차대차 - 측면충돌,안전거리미확보,건조,맑음,단일로 - 고가도로위,승용,남,25세,상해없음,이륜,남,25세,경상
2019090400100132,2019년 9월 4일 08시,수요일,충청남도 천안시 서북구 입장면,경상사고,0,0,2,0,차대차 - 측면충돌,신호위반,건조,맑음,교차로 - 교차로안,승용,여,63세,상해없음,승용,남,44세,경상
2019090400100210,2019년 9월 4일 10시,수요일,충청남도 천안시 동남구 대흥동,경상사고,0,0,1,0,차량단독 - 기타,안전운전불이행,건조,맑음,단일로 - 기타,승합,남,53세,상해없음,,,,
2019090400100281,2019년 9월 4일 12시,수요일,충청남도 천안시 동남구 신부동,경상사고,0,0,1,0,차대사람 - 횡단중,신호위반,건조,맑음,교차로 - 교차로안,이륜,남,17세,상해없음,보행자,여,46세,경상
2019090400100304,2019년 9월 4일 13시,수요일,충청남도 천안시 서북구 성정동,경상사고,0,0,1,0,차대차 - 후진중충돌,안전운전불이행,건조,맑음,단일로 - 기타,승용,남,32세,상해없음,이륜,남,39세,경상
2019090400100437,2019년 9월 4일 17시,수요일,충청남도 천안시 동남구 신부동,중상사고,0,1,1,0,차대차 - 기타,안전운전불이행,젖음/습기,비,단일로 - 기타,이륜,남,24세,중상,승용,남,43세,경상
2019090400100488,2019년 9월 4일 18시,수요일,충청남도 천안시 동남구 신부동,경상사고,0,0,1,0,차대차 - 기타,안전운전불이행,건조,맑음,단일로 - 기타,화물,남,48세,상해없음,승용,여,52세,경상
2019090500100166,2019년 9월 5일 08시,목요일,충청남도 천안시 서북구 성성동,경상사고,0,0,2,1,차대차 - 측면충돌,안전운전불이행,건조,맑음,단일로 - 기타,승용,여,44세,부상신고,승용,남,50세,경상
2019090500100208,2019년 9월 5일 09시,목요일,충청남도 천안시 서북구 성정동,중상사고,0,1,0,0,차대사람 - 기타,안전운전불이행,건조,맑음,단일로 - 기타,승용,남,44세,상해없음,보행자,남,72세,중상
2019090500100242,2019년 9월 5일 10시,목요일,충청남도 천안시 동남구 원성동,경상사고,0,0,1,0,차대차 - 측면충돌,안전운전불이행,건조,맑음,단일로 - 기타,이륜,남,16세,경상,승용,남,59세,상해없음
2019090500100582,2019년 9월 5일 19시,목요일,충청남도 천안시 서북구 두정동,경상사고,0,0,1,0,차대사람 - 횡단중,안전운전불이행,젖음/습기,비,교차로 - 교차로안,승용,여,49세,상해없음,보행자,여,23세,경상
2019090500100678,2019년 9월 5일 22시,목요일,충청남도 천안시 서북구 두정동,경상사고,0,0,1,0,차대사람 - 기타,안전운전불이행,건조,맑음,단일로 - 기타,승용,남,24세,상해없음,보행자,남,21세,경상
2019090500100705,2019년 9월 5일 23시,목요일,충청남도 천안시 동남구 다가동,경상사고,0,0,1,0,차대사람 - 기타,안전운전불이행,건조,맑음,단일로 - 기타,승용,남,60세,상해없음,보행자,남,45세,경상
2019090500100706,2019년 9월 5일 23시,목요일,충청남도 천안시 동남구 원성동,경상사고,0,0,1,0,차대사람 - 기타,안전운전불이행,건조,맑음,단일로 - 기타,승용,남,39세,상해없음,보행자,여,55세,경상
2019090600100148,2019년 9월 6일 09시,금요일,충청남도 천안시 서북구 성정동,경상사고,0,0,1,0,차대차 - 측면충돌,직진우회전진행방해,건조,맑음,교차로 - 교차로안,승용,남,28세,상해없음,승용,남,54세,경상
2019090600100243,2019년 9월 6일 12시,금요일,충청남도 천안시 동남구 사직동,중상사고,0,1,0,0,차대차 - 기타,안전운전불이행,건조,맑음,교차로 - 교차로안,화물,남,58세,상해없음,자전거,남,85세,중상
2019090600100391,2019년 9월 6일 16시,금요일,충청남도 천안시 서북구 성정동,경상사고,0,0,1,0,차대차 - 기타,안전거리미확보,건조,맑음,단일로 - 기타,승용,남,61세,상해없음,승합,남,61세,상해없음
2019090600100445,2019년 9월 6일 17시,금요일,충청남도 천안시 서북구 불당동,중상사고,0,1,0,0,차대사람 - 횡단중,보행자보호의무위반,건조,맑음,단일로 - 기타,승용,여,31세,상해없음,보행자,남,7세,중상
2019090600100493,2019년 9월 6일 18시,금요일,충청남도 천안시 서북구 쌍용동,경상사고,0,0,1,0,차대사람 - 기타,안전운전불이행,건조,맑음,단일로 - 기타,승합,남,50세,상해없음,보행자,남,70세,경상
2019090600100495,2019년 9월 6일 18시,금요일,충청남도 천안시 동남구 목천읍,중상사고,0,1,0,0,차대차 - 추돌,안전운전불이행,건조,맑음,단일로 - 기타,화물,여,53세,상해없음,승용,남,62세,중상
2019090600100542,2019년 9월 6일 19시,금요일,충청남도 천안시 서북구 불당동,경상사고,0,0,1,0,차대차 - 추돌,신호위반,건조,맑음,교차로 - 교차로안,승용,여,30세,상해없음,이륜,남,17세,경상
2019090600100544,2019년 9월 6일 19시,금요일,충청남도 천안시 동남구 청당동,경상사고,0,0,2,0,차대차 - 측면충돌,교차로운행방법위반,젖음/습기,비,교차로 - 교차로부근,승용,남,48세,상해없음,승용,남,35세,경상
2019090600100683,2019년 9월 6일 22시,금요일,충청남도 천안시 서북구 쌍용동,경상사고,0,0,2,0,차대차 - 추돌,안전운전불이행,젖음/습기,비,단일로 - 고가도로위,승용,남,47세,상해없음,승용,남,31세,경상
2019090700100039,2019년 9월 7일 00시,토요일,충청남도 천안시 서북구 쌍용동,경상사고,0,0,1,0,차대사람 - 기타,안전운전불이행,건조,맑음,교차로 - 교차로부근,승용,남,62세,상해없음,보행자,남,54세,경상
2019090700100040,2019년 9월 7일 00시,토요일,충청남도 천안시 서북구 성정동,경상사고,0,0,2,0,차대차 - 추돌,안전운전불이행,젖음/습기,비,교차로 - 교차로부근,승용,남,40세,상해없음,승용,남,38세,경상
2019090700100129,2019년 9월 7일 06시,토요일,충청남도 천안시 서북구 두정동,경상사고,0,0,1,0,차대차 - 추돌,안전운전불이행,젖음/습기,흐림,단일로 - 고가도로위,승용,남,40세,상해없음,승용,남,28세,경상
2019090700100148,2019년 9월 7일 08시,토요일,충청남도 천안시 서북구 성정동,경상사고,0,0,1,0,차대차 - 측면충돌,신호위반,건조,흐림,교차로 - 교차로횡단보도내,승용,여,45세,상해없음,승용,남,31세,경상
2019090700100231,2019년 9월 7일 11시,토요일,충청남도 천안시 동남구 안서동,중상사고,0,1,0,0,차대차 - 추돌,안전운전불이행,건조,맑음,단일로 - 기타,승합,남,25세,상해없음,농기계,남,65세,중상
2019090700100447,2019년 9월 7일 20시,토요일,충청남도 천안시 동남구 쌍용동,경상사고,0,0,2,0,차대차 - 측면충돌,안전운전불이행,건조,맑음,단일로 - 기타,승용,여,29세,상해없음,승용,남,43세,경상
2019090700100468,2019년 9월 7일 21시,토요일,충청남도 천안시 서북구 성정동,경상사고,0,0,2,0,차대차 - 추돌,안전운전불이행,건조,맑음,교차로 - 교차로부근,승용,남,35세,상해없음,승합,남,25세,경상
2019090700100469,2019년 9월 7일 21시,토요일,충청남도 천안시 동남구 원성동,중상사고,0,1,0,0,차대차 - 기타,신호위반,건조,맑음,교차로 - 교차로안,승용,남,57세,상해없음,이륜,여,48세,중상
2019090800100077,2019년 9월 8일 06시,일요일,충청남도 천안시 서북구 성정동,경상사고,0,0,1,0,차대차 - 기타,신호위반,건조,맑음,교차로 - 교차로안,승용,남,23세,상해없음,승용,남,56세,경상
2019090800100112,2019년 9월 8일 09시,일요일,충청남도 천안시 서북구 성정동,경상사고,0,0,1,0,차대차 - 기타,기타,건조,맑음,단일로 - 기타,승용,남,72세,상해없음,승용,남,42세,경상
2019090800100189,2019년 9월 8일 12시,일요일,충청남도 천안시 동남구 신방동,경상사고,0,0,2,0,차대차 - 추돌,안전운전불이행,건조,맑음,단일로 - 기타,승용,남,38세,상해없음,승용,남,37세,경상
2019090800100217,2019년 9월 8일 13시,일요일,충청남도 천안시 서북구 입장면,경상사고,0,0,1,0,차대차 - 기타,직진우회전진행방해,건조,맑음,교차로 - 교차로안,승용,남,73세,상해없음,승용,여,38세,경상
2019090800100219,2019년 9월 8일 13시,일요일,충청남도 천안시 동남구 다가동,경상사고,0,0,1,0,차대사람 - 기타,안전운전불이행,건조,맑음,단일로 - 기타,승용,남,59세,상해없음,보행자,남,50세,경상
2019090800100394,2019년 9월 8일 18시,일요일,충청남도 천안시 서북구 성정동,경상사고,0,0,1,0,차대차 - 측면충돌,신호위반,젖음/습기,비,교차로 - 교차로안,승용,남,27세,상해없음,이륜,남,47세,경상
2019090800100419,2019년 9월 8일 19시,일요일,충청남도 천안시 서북구 백석동,중상사고,0,2,1,0,차대차 - 측면충돌,신호위반,젖음/습기,비,교차로 - 교차로안,승용,남,29세,상해없음,승용,여,23세,중상
2019090800100457,2019년 9월 8일 20시,일요일,충청남도 천안시 동남구 영성동,경상사고,0,0,1,0,차대사람 - 횡단중,보행자보호의무위반,젖음/습기,비,교차로 - 교차로횡단보도내,승용,여,30세,상해없음,보행자,남,59세,경상
2019090800100458,2019년 9월 8일 20시,일요일,충청남도 천안시 동남구 신부동,경상사고,0,0,3,0,차대차 - 측면충돌,교차로운행방법위반,젖음/습기,비,교차로 - 교차로안,승용,남,39세,경상,승용,남,35세,경상
2019090800100507,2019년 9월 8일 22시,일요일,충청남도 천안시 서북구 두정동,경상사고,0,0,1,0,차대차 - 기타,중앙선침범,젖음/습기,맑음,교차로 - 교차로부근,기타불명,기타불명,미분류,기타불명,이륜,남,49세,경상
2019090800100508,2019년 9월 8일 22시,일요일,충청남도 천안시 동남구 신방동,경상사고,0,0,2,0,차대차 - 측면충돌,직진우회전진행방해,젖음/습기,비,교차로 - 교차로안,승용,여,20세,경상,화물,남,36세,경상
2019090800100525,2019년 9월 8일 23시,일요일,충청남도 천안시 서북구 성정동,경상사고,0,0,1,0,차대사람 - 기타,안전운전불이행,건조,맑음,단일로 - 기타,승용,여,24세,상해없음,보행자,여,32세,경상
2019090800100526,2019년 9월 8일 23시,일요일,충청남도 천안시 동남구 봉명동,경상사고,0,0,1,0,차대차 - 측면충돌,신호위반,건조,맑음,교차로 - 교차로안,승용,남,47세,상해없음,승용,남,59세,경상
2019090900100141,2019년 9월 9일 08시,월요일,충청남도 천안시 서북구 성정동,경상사고,0,0,1,0,차대차 - 측면충돌,신호위반,젖음/습기,비,교차로 - 교차로안,이륜,남,74세,상해없음,승용,여,38세,경상
2019090900100142,2019년 9월 9일 08시,월요일,충청남도 천안시 동남구 유량동,경상사고,0,0,1,0,차대차 - 기타,중앙선침범,건조,맑음,단일로 - 기타,승용,여,45세,상해없음,승용,남,43세,경상
2019090900100193,2019년 9월 9일 09시,월요일,충청남도 천안시 동남구 구성동,경상사고,0,0,1,0,차대차 - 기타,안전거리미확보,젖음/습기,흐림,단일로 - 기타,승용,여,47세,경상,기타불명,기타불명,미분류,기타불명
2019090900100276,2019년 9월 9일 11시,월요일,충청남도 천안시 서북구 성정동,경상사고,0,0,1,0,차대사람 - 횡단중,안전운전불이행,젖음/습기,맑음,단일로 - 기타,승용,여,49세,상해없음,보행자,여,29세,경상
2019090900100484,2019년 9월 9일 16시,월요일,충청남도 천안시 서북구 쌍용동,중상사고,0,1,0,0,차대사람 - 기타,안전운전불이행,건조,맑음,교차로 - 교차로안,승용,여,32세,상해없음,보행자,여,62세,중상
2019090900100485,2019년 9월 9일 16시,월요일,충청남도 천안시 서북구 두정동,경상사고,0,0,1,0,차대차 - 측면충돌,교차로운행방법위반,건조,맑음,교차로 - 교차로안,승용,남,28세,상해없음,승합,남,48세,경상
2019090900100574,2019년 9월 9일 18시,월요일,충청남도 천안시 동남구 청당동,경상사고,0,0,1,0,차대차 - 기타,신호위반,젖음/습기,비,교차로 - 교차로안,승용,남,66세,상해없음,이륜,남,43세,경상
2019090900100636,2019년 9월 9일 19시,월요일,충청남도 천안시 서북구 쌍용동,중상사고,0,1,0,0,차대차 - 측면충돌,차로위반,젖음/습기,비,단일로 - 기타,승용,남,37세,상해없음,승용,여,23세,중상
2019090900100640,2019년 9월 9일 19시,월요일,충청남도 천안시 동남구 신부동,경상사고,0,0,1,0,차대차 - 기타,안전운전불이행,건조,맑음,단일로 - 기타,승용,기타불명,미분류,기타불명,승용,여,45세,경상
2019090900100689,2019년 9월 9일 20시,월요일,충청남도 천안시 서북구 성정동,경상사고,0,0,1,0,차대차 - 후진중충돌,안전운전불이행,건조,맑음,단일로 - 기타,승용,남,34세,상해없음,승용,남,32세,경상
2019090900100722,2019년 9월 9일 21시,월요일,충청남도 천안시 서북구 성환읍,중상사고,0,1,0,0,차대사람 - 기타,안전운전불이행,젖음/습기,흐림,단일로 - 기타,기타불명,기타불명,미분류,기타불명,보행자,남,19세,중상
2019091000100034,2019년 9월 10일 00시,화요일,충청남도 천안시 동남구 목천읍,경상사고,0,0,1,0,차대차 - 추돌,안전운전불이행,건조,맑음,단일로 - 기타,승용,남,51세,상해없음,승용,남,59세,경상
2019091000100231,2019년 9월 10일 09시,화요일,충청남도 천안시 서북구 쌍용동,경상사고,0,0,1,0,차대사람 - 기타,안전운전불이행,건조,맑음,단일로 - 기타,승용,남,52세,상해없음,보행자,남,19세,경상
2019091000100233,2019년 9월 10일 09시,화요일,충청남도 천안시 동남구 풍세면,중상사고,0,2,1,0,차대차 - 기타,안전운전불이행,건조,맑음,교차로 - 교차로안,승용,여,33세,상해없음,승용,남,45세,중상
2019091000100278,2019년 9월 10일 10시,화요일,충청남도 천안시 동남구 원성동,경상사고,0,0,1,0,차대차 - 후진중충돌,안전운전불이행,건조,맑음,단일로 - 기타,승용,남,32세,상해없음,이륜,남,19세,상해없음
2019091000100354,2019년 9월 10일 12시,화요일,충청남도 천안시 서북구 입장면,경상사고,0,0,1,0,차대차 - 측면충돌,안전운전불이행,건조,맑음,단일로 - 기타,승용,여,43세,상해없음,원동기,남,41세,경상
2019091000100480,2019년 9월 10일 15시,화요일,충청남도 천안시 동남구 신부동,중상사고,0,1,0,0,차대사람 - 기타,안전운전불이행,건조,맑음,교차로 - 교차로안,화물,남,66세,상해없음,보행자,여,7세,중상
2019091000100523,2019년 9월 10일 16시,화요일,충청남도 천안시 서북구 불당동,중상사고,0,2,0,0,차대차 - 측면충돌,신호위반,건조,맑음,교차로 - 교차로안,승용,여,55세,상해없음,승용,남,39세,중상
2019091000100812,2019년 9월 10일 22시,화요일,충청남도 천안시 서북구 두정동,경상사고,0,0,1,0,차대차 - 측면충돌,안전운전불이행,건조,맑음,교차로 - 교차로부근,승용,여,45세,상해없음,승용,남,29세,경상
2019091000100848,2019년 9월 10일 23시,화요일,충청남도 천안시 서북구 불당동,중상사고,0,2,0,0,차대사람 - 횡단중,안전운전불이행,젖음/습기,비,단일로 - 기타,이륜,남,28세,상해없음,보행자,남,35세,중상
2019091100100121,2019년 9월 11일 06시,수요일,충청남도 천안시 서북구 성거읍,중상사고,0,1,0,0,차대차 - 측면충돌,안전운전불이행,젖음/습기,흐림,단일로 - 기타,승용,남,62세,상해없음,승합,남,54세,중상
2019091100100300,2019년 9월 11일 11시,수요일,충청남도 천안시 동남구 구성동,경상사고,0,0,2,0,차대차 - 기타,안전운전불이행,건조,맑음,단일로 - 기타,화물,남,60세,상해없음,승용,여,35세,경상
2019091100100378,2019년 9월 11일 13시,수요일,충청남도 천안시 동남구 신부동,경상사고,0,0,2,0,차대차 - 추돌,직진우회전진행방해,건조,맑음,교차로 - 교차로안,화물,남,40세,경상,특수,남,36세,경상
2019091100100422,2019년 9월 11일 14시,수요일,충청남도 천안시 서북구 성정동,경상사고,0,0,1,0,차대차 - 측면충돌,안전운전불이행,건조,맑음,단일로 - 기타,승용,남,46세,상해없음,원동기,남,29세,경상
2019091100100483,2019년 9월 11일 15시,수요일,충청남도 천안시 서북구 부대동,경상사고,0,0,2,0,차대차 - 추돌,안전운전불이행,건조,맑음,단일로 - 기타,특수,남,46세,상해없음,승용,남,72세,경상
2019091100100537,2019년 9월 11일 16시,수요일,충청남도 천안시 서북구 입장면,중상사고,0,1,0,0,차대사람 - 차도통행중,안전운전불이행,건조,맑음,단일로 - 기타,승용,여,50세,상해없음,보행자,남,46세,중상
2019091100100538,2019년 9월 11일 16시,수요일,충청남도 천안시 서북구 입장면,중상사고,0,1,0,0,차대차 - 측면충돌,교차로운행방법위반,건조,맑음,교차로 - 교차로안,이륜,남,78세,중상,승용,남,61세,상해없음
2019091100100539,2019년 9월 11일 16시,수요일,충청남도 천안시 서북구 불당동,경상사고,0,0,2,1,차대차 - 추돌,안전운전불이행,건조,맑음,교차로 - 교차로부근,승용,남,63세,상해없음,승용,남,37세,부상신고
2019091100100666,2019년 9월 11일 18시,수요일,충청남도 천안시 동남구 목천읍,중상사고,0,1,0,0,차대사람 - 기타,안전운전불이행,건조,맑음,단일로 - 기타,승용,남,36세,상해없음,보행자,남,20세,중상
2019091100100726,2019년 9월 11일 19시,수요일,충청남도 천안시 동남구 원성동,경상사고,0,0,3,0,차대차 - 측면충돌,신호위반,건조,맑음,교차로 - 교차로안,승용,남,63세,상해없음,승용,여,38세,경상
2019091200100022,2019년 9월 12일 00시,목요일,충청남도 천안시 동남구 구성동,경상사고,0,0,4,0,차대차 - 추돌,안전운전불이행,건조,맑음,단일로 - 기타,화물,남,59세,상해없음,승용,남,52세,경상
2019091200100117,2019년 9월 12일 07시,목요일,충청남도 천안시 동남구 성남면,중상사고,0,2,2,0,차대차 - 측면충돌,안전운전불이행,젖음/습기,비,단일로 - 기타,승용,남,72세,상해없음,승용,남,65세,경상
2019091200100187,2019년 9월 12일 11시,목요일,충청남도 천안시 서북구 성거읍,경상사고,0,0,1,0,차대차 - 측면충돌,교차로운행방법위반,건조,맑음,교차로 - 교차로안,승용,남,43세,상해없음,농기계,남,69세,경상
2019091200100217,2019년 9월 12일 12시,목요일,충청남도 천안시 동남구 영성동,경상사고,0,0,1,0,차대차 - 측면충돌,교차로운행방법위반,건조,맑음,교차로 - 교차로안,승용,남,54세,상해없음,승용,여,55세,경상
2019091200100428,2019년 9월 12일 19시,목요일,충청남도 천안시 서북구 불당동,경상사고,0,0,4,0,차대차 - 추돌,안전운전불이행,건조,맑음,교차로 - 교차로부근,승용,남,43세,상해없음,승용,남,61세,경상
2019091200100469,2019년 9월 12일 20시,목요일,충청남도 천안시 동남구 구성동,경상사고,0,0,1,0,차대차 - 측면충돌,중앙선침범,건조,맑음,교차로 - 교차로부근,이륜,남,50세,상해없음,승용,여,45세,경상
2019091200100470,2019년 9월 12일 20시,목요일,충청남도 천안시 동남구 신방동,중상사고,0,1,1,0,차대사람 - 기타,신호위반,건조,맑음,교차로 - 교차로횡단보도내,이륜,남,17세,중상,보행자,남,24세,경상
2019091300100024,2019년 9월 13일 00시,금요일,충청남도 천안시 동남구 목천읍,경상사고,0,0,1,0,차대사람 - 기타,안전운전불이행,건조,맑음,단일로 - 기타,승용,남,51세,상해없음,보행자,남,50세,경상
2019091300100280,2019년 9월 13일 15시,금요일,충청남도 천안시 서북구 직산읍,경상사고,0,0,2,0,차대차 - 측면충돌,중앙선침범,건조,맑음,단일로 - 기타,승용,남,60세,상해없음,승용,남,50세,경상
2019091300100281,2019년 9월 13일 15시,금요일,충청남도 천안시 동남구 북면,경상사고,0,0,3,0,차대차 - 추돌,안전운전불이행,건조,맑음,단일로 - 기타,승용,남,36세,상해없음,승용,남,52세,경상
2019091300100369,2019년 9월 13일 18시,금요일,충청남도 천안시 동남구 원성동,중상사고,0,1,0,0,차대사람 - 기타,안전운전불이행,건조,맑음,단일로 - 기타,승용,남,25세,상해없음,보행자,여,77세,중상
2019091300100370,2019년 9월 13일 18시,금요일,충청남도 천안시 동남구 풍세면,경상사고,0,0,1,0,차대차 - 추돌,안전운전불이행,건조,맑음,단일로 - 기타,승용,남,27세,상해없음,승용,남,42세,경상
2019091400100080,2019년 9월 14일 09시,토요일,충청남도 천안시 동남구 영성동,경상사고,0,0,1,0,차대차 - 기타,직진우회전진행방해,건조,맑음,교차로 - 교차로안,승용,남,74세,상해없음,자전거,남,69세,경상
2019091400100132,2019년 9월 14일 12시,토요일,충청남도 천안시 서북구 입장면,중상사고,0,1,0,0,차대사람 - 기타,보행자보호의무위반,건조,맑음,교차로 - 교차로횡단보도내,화물,남,79세,상해없음,보행자,남,64세,중상
2019091400100311,2019년 9월 14일 18시,토요일,충청남도 천안시 동남구 신부동,경상사고,0,0,1,0,차대사람 - 기타,안전운전불이행,건조,맑음,단일로 - 기타,승용,남,31세,상해없음,보행자,남,23세,경상
2019091400100344,2019년 9월 14일 19시,토요일,충청남도 천안시 서북구 직산읍,경상사고,0,0,3,0,차대차 - 추돌,안전운전불이행,건조,맑음,교차로 - 교차로부근,이륜,남,63세,경상,승용,남,45세,경상
2019091500100105,2019년 9월 15일 09시,일요일,충청남도 천안시 서북구 쌍용동,경상사고,0,0,1,0,차대차 - 측면충돌,중앙선침범,건조,맑음,단일로 - 기타,이륜,남,16세,경상,승용,남,53세,상해없음
2019091500100344,2019년 9월 15일 18시,일요일,충청남도 천안시 동남구 신부동,경상사고,0,0,1,0,차대사람 - 횡단중,신호위반,건조,맑음,단일로 - 기타,이륜,남,28세,상해없음,보행자,여,59세,경상
2019091500100376,2019년 9월 15일 19시,일요일,충청남도 천안시 서북구 성거읍,경상사고,0,0,3,0,차대차 - 측면충돌,중앙선침범,건조,맑음,단일로 - 기타,승용,여,53세,상해없음,승용,남,35세,경상
2019091500100430,2019년 9월 15일 21시,일요일,충청남도 천안시 동남구 신방동,경상사고,0,0,2,0,차대차 - 추돌,안전거리미확보,건조,맑음,단일로 - 기타,승용,여,44세,상해없음,승용,여,56세,경상
2019091500100461,2019년 9월 15일 23시,일요일,충청남도 천안시 동남구 풍세면,경상사고,0,0,1,0,차대차 - 측면충돌,안전운전불이행,건조,맑음,교차로 - 교차로안,승용,남,56세,상해없음,승용,남,53세,경상
2019091600100035,2019년 9월 16일 00시,월요일,충청남도 천안시 서북구 백석동,경상사고,0,0,1,0,차대차 - 측면충돌,안전운전불이행,건조,맑음,교차로 - 교차로부근,승합,남,45세,상해없음,승용,남,49세,상해없음
2019091600100036,2019년 9월 16일 00시,월요일,충청남도 천안시 동남구 안서동,경상사고,0,0,1,0,차대차 - 추돌,안전거리미확보,건조,맑음,단일로 - 기타,승용,남,40세,상해없음,승용,남,31세,경상
2019091600100069,2019년 9월 16일 05시,월요일,충청남도 천안시 서북구 두정동,경상사고,0,0,1,0,차대차 - 측면충돌,차로위반,건조,맑음,교차로 - 교차로안,승용,여,22세,상해없음,승용,남,60세,경상
2019091600100285,2019년 9월 16일 12시,월요일,충청남도 천안시 동남구 청당동,경상사고,0,0,1,0,차대차 - 기타,안전운전불이행,건조,맑음,교차로 - 교차로부근,승용,남,26세,상해없음,승용,남,50세,경상
2019091600100362,2019년 9월 16일 14시,월요일,충청남도 천안시 동남구 삼룡동,경상사고,0,0,2,0,차대차 - 기타,안전운전불이행,건조,맑음,단일로 - 기타,화물,남,66세,상해없음,승용,남,38세,경상
2019091600100440,2019년 9월 16일 16시,월요일,충청남도 천안시 동남구 안서동,중상사고,0,1,0,0,차대차 - 측면충돌,안전운전불이행,건조,맑음,교차로 - 교차로부근,승용,여,36세,상해없음,이륜,남,23세,중상
2019091600100581,2019년 9월 16일 19시,월요일,충청남도 천안시 서북구 성정동,경상사고,0,0,1,0,차대차 - 추돌,안전운전불이행,건조,맑음,단일로 - 기타,승용,남,28세,상해없음,이륜,남,24세,경상
2019091700100139,2019년 9월 17일 08시,화요일,충청남도 천안시 서북구 성정동,경상사고,0,0,1,0,차대차 - 측면충돌,안전운전불이행,건조,맑음,단일로 - 기타,승용,남,62세,상해없음,승용,여,51세,경상
2019091700100339,2019년 9월 17일 13시,화요일,충청남도 천안시 서북구 쌍용동,중상사고,0,1,0,0,차대사람 - 횡단중,안전운전불이행,건조,맑음,교차로 - 교차로부근,승합,남,48세,상해없음,보행자,여,76세,중상
2019091700100408,2019년 9월 17일 15시,화요일,충청남도 천안시 동남구 병천면,중상사고,0,1,0,0,차대사람 - 횡단중,안전운전불이행,건조,맑음,교차로 - 교차로안,화물,남,69세,상해없음,보행자,여,67세,중상
2019091700100444,2019년 9월 17일 16시,화요일,충청남도 천안시 동남구 신부동,경상사고,0,0,1,0,차대차 - 측면충돌,불법유턴,건조,맑음,단일로 - 기타,승용,남,58세,상해없음,이륜,남,25세,경상
2019091700100445,2019년 9월 17일 16시,화요일,충청남도 천안시 동남구 원성동,경상사고,0,0,1,0,차대차 - 기타,안전운전불이행,건조,맑음,교차로 - 교차로안,자전거,남,14세,경상,승용,여,45세,상해없음
2019091700100648,2019년 9월 17일 21시,화요일,충청남도 천안시 서북구 쌍용동,경상사고,0,0,2,0,차대차 - 측면충돌,신호위반,건조,맑음,교차로 - 교차로안,승용,남,49세,상해없음,승용,남,33세,경상
2019091800100035,2019년 9월 18일 00시,수요일,충청남도 천안시 서북구 백석동,경상사고,0,0,2,0,차대차 - 기타,안전운전불이행,건조,맑음,교차로 - 교차로부근,승용,남,41세,상해없음,승용,남,23세,경상
2019091800100056,2019년 9월 18일 03시,수요일,충청남도 천안시 서북구 쌍용동,중상사고,0,1,0,0,차대차 - 측면충돌,신호위반,건조,맑음,교차로 - 교차로부근,승합,남,47세,상해없음,승용,남,47세,중상
2019091800100290,2019년 9월 18일 13시,수요일,충청남도 천안시 동남구 다가동,중상사고,0,1,0,0,차대차 - 측면충돌,안전운전불이행,건조,맑음,단일로 - 기타,자전거,남,74세,중상,승용,남,57세,상해없음
2019091800100332,2019년 9월 18일 14시,수요일,충청남도 천안시 동남구 청당동,중상사고,0,1,3,0,차대차 - 측면충돌,안전운전불이행,건조,맑음,단일로 - 기타,승용,남,58세,중상,승용,남,52세,경상
2019091800100596,2019년 9월 18일 19시,수요일,충청남도 천안시 서북구 백석동,경상사고,0,0,2,0,차대차 - 측면충돌,신호위반,건조,맑음,교차로 - 교차로안,승용,여,37세,상해없음,승용,남,63세,경상