사고번호,사고일시,요일,시군구,사고내용,사망자수,중상자수,경상자수,부상신고자수,사고유형,법규위반,노면상태,기상상태,도로형태,가해운전자 차종,가해운전자 성별,가해운전자 연령,가해운전자 상해정도,피해운전자 차종,피해운전자 성별,피해운전자 연령,피해운전자 상해정도
2019101400100130,2019년 10월 14일 08시,월요일,충청남도 천안시 서북구 성거읍,중상사고,0,1,0,1,차대차 - 측면충돌,중앙선침범,건조,맑음,단일로 - 기타,승용,남,21세,상해없음,승용,남,39세,중상
2019101400100250,2019년 10월 14일 11시,월요일,충청남도 천안시 서북구 불당동,경상사고,0,0,1,0,차대차 - 측면충돌,안전거리미확보,건조,맑음,교차로 - 교차로부근,승용,남,48세,상해없음,이륜,남,30세,경상
2019101400100252,2019년 10월 14일 11시,월요일,충청남도 천안시 동남구 봉명동,경상사고,0,0,1,0,차대차 - 측면충돌,안전운전불이행,건조,맑음,교차로 - 교차로안,개인형이동수단(PM),남,35세,경상,승용,여,63세,상해없음
2019101400100582,2019년 10월 14일 18시,월요일,충청남도 천안시 서북구 성거읍,경상사고,0,0,1,0,차대차 - 추돌,안전운전불이행,건조,맑음,단일로 - 기타,승용,여,22세,경상,농기계,남,47세,기타불명
2019101400100583,2019년 10월 14일 18시,월요일,충청남도 천안시 서북구 직산읍,경상사고,0,0,1,0,차대차 - 측면충돌,안전운전불이행,건조,맑음,교차로 - 교차로안,승용,남,27세,상해없음,승용,남,41세,경상
2019101400100587,2019년 10월 14일 18시,월요일,충청남도 천안시 동남구 신방동,경상사고,0,0,1,0,차대차 - 측면충돌,안전운전불이행,건조,맑음,단일로 - 기타,승용,남,57세,상해없음,승용,남,26세,상해없음
2019101400100735,2019년 10월 14일 22시,월요일,충청남도 천안시 서북구 성정동,경상사고,0,0,1,0,차대차 - 측면충돌,안전운전불이행,건조,맑음,단일로 - 기타,승용,여,52세,상해없음,이륜,남,30세,경상
2019101400100736,2019년 10월 14일 22시,월요일,충청남도 천안시 동남구 오룡동,경상사고,0,0,1,0,차대차 - 기타,신호위반,건조,맑음,교차로 - 교차로안,이륜,남,38세,경상,화물,남,48세,상해없음
2019101400100753,2019년 10월 14일 23시,월요일,충청남도 천안시 서북구 성정동,중상사고,0,1,0,0,차대사람 - 횡단중,안전운전불이행,건조,맑음,단일로 - 기타,이륜,남,24세,상해없음,보행자,여,38세,중상
2019101500100102,2019년 10월 15일 07시,화요일,충청남도 천안시 서북구 불당동,경상사고,0,0,1,0,차대차 - 기타,신호위반,건조,맑음,교차로 - 교차로안,승용,남,30세,상해없음,승용,여,33세,경상
2019101500100141,2019년 10월 15일 08시,화요일,충청남도 천안시 서북구 불당동,경상사고,0,0,1,0,차대차 - 측면충돌,안전거리미확보,건조,맑음,교차로 - 교차로부근,승용,남,36세,상해없음,승용,남,44세,경상
2019101500100189,2019년 10월 15일 09시,화요일,충청남도 천안시 서북구 백석동,경상사고,0,0,1,0,차대차 - 추돌,안전운전불이행,건조,맑음,교차로 - 교차로부근,승용,남,33세,상해없음,승용,여,57세,경상
2019101500100315,2019년 10월 15일 12시,화요일,충청남도 천안시 서북구 성거읍,경상사고,0,0,1,0,차대차 - 후진중충돌,안전운전불이행,건조,맑음,단일로 - 기타,승용,남,54세,상해없음,승용,여,28세,상해없음
2019101500100359,2019년 10월 15일 13시,화요일,충청남도 천안시 서북구 불당동,경상사고,0,0,1,0,차대차 - 측면충돌,안전거리미확보,건조,맑음,단일로 - 지하차도(도로)내,승용,남,65세,상해없음,승용,여,48세,경상
2019101500100531,2019년 10월 15일 17시,화요일,충청남도 천안시 서북구 성정동,경상사고,0,0,1,0,차대차 - 측면충돌,교차로운행방법위반,건조,맑음,교차로 - 교차로안,승용,남,23세,상해없음,승용,남,39세,경상
2019101500100634,2019년 10월 15일 19시,화요일,충청남도 천안시 서북구 백석동,경상사고,0,0,1,0,차대차 - 추돌,안전운전불이행,건조,맑음,단일로 - 기타,승용,남,28세,상해없음,승용,남,31세,경상
2019101500100714,2019년 10월 15일 21시,화요일,충청남도 천안시 서북구 성환읍,경상사고,0,0,1,1,차대차 - 추돌,안전거리미확보,건조,맑음,단일로 - 기타,원동기,남,35세,부상신고,승용,여,26세,경상
2019101500100715,2019년 10월 15일 21시,화요일,충청남도 천안시 서북구 두정동,경상사고,0,0,1,0,차대차 - 측면충돌,안전운전불이행,건조,맑음,교차로 - 교차로횡단보도내,화물,남,41세,경상,승용,여,60세,상해없음
2019101500100716,2019년 10월 15일 21시,화요일,충청남도 천안시 동남구 신방동,경상사고,0,0,1,0,차대차 - 측면충돌,교차로운행방법위반,건조,맑음,교차로 - 교차로안,승용,여,41세,상해없음,승용,남,21세,경상
2019101500100740,2019년 10월 15일 22시,화요일,충청남도 천안시 동남구 목천읍,중상사고,0,1,0,0,차대차 - 측면충돌,신호위반,건조,맑음,교차로 - 교차로안,승용,남,34세,상해없음,승용,남,36세,중상
2019101600100043,2019년 10월 16일 00시,수요일,충청남도 천안시 서북구 성정동,경상사고,0,0,1,0,차대차 - 추돌,안전운전불이행,건조,맑음,교차로 - 교차로부근,승용,여,25세,상해없음,승용,남,58세,경상
2019101600100159,2019년 10월 16일 08시,수요일,충청남도 천안시 동남구 안서동,경상사고,0,0,1,0,차대차 - 기타,안전운전불이행,건조,맑음,교차로 - 교차로안,승용,남,69세,상해없음,승용,남,31세,경상
2019101600100312,2019년 10월 16일 12시,수요일,충청남도 천안시 서북구 성정동,경상사고,0,0,1,0,차대차 - 측면충돌,안전운전불이행,건조,맑음,단일로 - 기타,화물,남,73세,상해없음,승용,남,29세,경상
2019101600100317,2019년 10월 16일 12시,수요일,충청남도 천안시 동남구 병천면,경상사고,0,0,1,0,차대차 - 기타,안전운전불이행,건조,맑음,단일로 - 기타,승용,남,30세,상해없음,승용,남,62세,경상
2019101600100355,2019년 10월 16일 13시,수요일,충청남도 천안시 서북구 직산읍,경상사고,0,0,2,0,차대차 - 측면충돌,안전운전불이행,건조,맑음,교차로 - 교차로안,승용,남,71세,상해없음,화물,남,64세,경상
2019101600100404,2019년 10월 16일 14시,수요일,충청남도 천안시 서북구 성정동,경상사고,0,0,1,0,차대차 - 측면충돌,안전운전불이행,건조,맑음,단일로 - 기타,승용,남,60세,상해없음,이륜,남,31세,경상
2019101600100436,2019년 10월 16일 15시,수요일,충청남도 천안시 동남구 신방동,경상사고,0,0,1,0,차대차 - 기타,안전운전불이행,건조,맑음,교차로 - 교차로부근,승용,여,48세,상해없음,승용,여,50세,경상
2019101600100524,2019년 10월 16일 17시,수요일,충청남도 천안시 동남구 목천읍,중상사고,0,1,0,0,차대사람 - 기타,중앙선침범,건조,맑음,단일로 - 기타,화물,남,46세,상해없음,보행자,여,61세,중상
2019101600100572,2019년 10월 16일 18시,수요일,충청남도 천안시 서북구 직산읍,경상사고,0,0,1,0,차대차 - 추돌,안전운전불이행,건조,맑음,교차로 - 교차로부근,원동기,남,28세,상해없음,승용,여,24세,경상
2019101600100668,2019년 10월 16일 20시,수요일,충청남도 천안시 동남구 원성동,경상사고,0,0,1,0,차대사람 - 기타,안전운전불이행,건조,맑음,교차로 - 교차로부근,기타불명,기타불명,미분류,기타불명,보행자,남,52세,경상
2019101600100696,2019년 10월 16일 21시,수요일,충청남도 천안시 동남구 구성동,중상사고,0,1,0,0,차대사람 - 횡단중,안전운전불이행,건조,맑음,단일로 - 기타,승용,남,24세,상해없음,보행자,남,56세,중상
2019101700100064,2019년 10월 17일 04시,목요일,충청남도 천안시 서북구 성정동,경상사고,0,0,2,0,차대차 - 기타,안전거리미확보,건조,맑음,단일로 - 기타,승용,남,23세,상해없음,승용,여,50세,경상
2019101700100258,2019년 10월 17일 11시,목요일,충청남도 천안시 서북구 불당동,경상사고,0,0,1,0,차대차 - 측면충돌,안전운전불이행,건조,맑음,단일로 - 기타,승용,여,49세,상해없음,승용,여,38세,경상
2019101700100472,2019년 10월 17일 17시,목요일,충청남도 천안시 서북구 두정동,경상사고,0,0,1,0,차대차 - 추돌,안전운전불이행,건조,맑음,교차로 - 교차로부근,승용,여,42세,상해없음,승용,남,47세,경상
2019101700100533,2019년 10월 17일 18시,목요일,충청남도 천안시 서북구 직산읍,경상사고,0,0,3,0,차대차 - 추돌,안전운전불이행,건조,맑음,단일로 - 지하차도(도로)내,승용,남,50세,상해없음,승용,남,28세,경상
2019101700100591,2019년 10월 17일 19시,목요일,충청남도 천안시 동남구 구성동,경상사고,0,0,1,0,차대차 - 측면충돌,중앙선침범,건조,맑음,단일로 - 기타,승용,여,37세,상해없음,승용,남,22세,경상
2019101700100653,2019년 10월 17일 21시,목요일,충청남도 천안시 동남구 신방동,경상사고,0,0,1,0,차대차 - 측면충돌,안전운전불이행,건조,맑음,교차로 - 교차로안,승용,여,66세,상해없음,승용,여,25세,경상
2019101800100036,2019년 10월 18일 00시,금요일,충청남도 천안시 동남구 신방동,경상사고,0,0,1,1,차대차 - 측면충돌,직진우회전진행방해,건조,맑음,교차로 - 교차로안,승용,남,43세,부상신고,승용,여,52세,경상
2019101800100098,2019년 10월 18일 06시,금요일,충청남도 천안시 서북구 쌍용동,경상사고,0,0,1,0,차대차 - 정면충돌,신호위반,건조,맑음,교차로 - 교차로안,승용,남,70세,상해없음,승합,남,60세,경상
2019101800100100,2019년 10월 18일 06시,금요일,충청남도 천안시 동남구 구성동,중상사고,0,1,0,0,차대차 - 측면충돌,안전거리미확보,건조,맑음,단일로 - 기타,건설기계,남,41세,상해없음,화물,남,23세,중상
2019101800100119,2019년 10월 18일 07시,금요일,충청남도 천안시 서북구 불당동,경상사고,0,0,1,0,차대차 - 정면충돌,신호위반,건조,맑음,교차로 - 교차로안,승용,여,58세,상해없음,자전거,남,20세,경상
2019101800100164,2019년 10월 18일 08시,금요일,충청남도 천안시 동남구 용곡동,중상사고,0,1,0,0,차대사람 - 횡단중,보행자보호의무위반,건조,맑음,단일로 - 기타,승용,남,22세,상해없음,보행자,여,20세,중상
2019101800100218,2019년 10월 18일 09시,금요일,충청남도 천안시 동남구 목천읍,중상사고,0,1,1,0,차대사람 - 차도통행중,안전운전불이행,건조,맑음,단일로 - 기타,이륜,남,85세,경상,보행자,여,42세,중상
2019101800100360,2019년 10월 18일 13시,금요일,충청남도 천안시 서북구 백석동,경상사고,0,0,2,0,차대차 - 측면충돌,안전운전불이행,건조,맑음,교차로 - 교차로횡단보도내,승용,여,45세,상해없음,승용,여,33세,경상
2019101800100361,2019년 10월 18일 13시,금요일,충청남도 천안시 동남구 신방동,경상사고,0,0,1,0,차대차 - 측면충돌,안전운전불이행,건조,맑음,단일로 - 기타,승용,여,47세,상해없음,승용,여,30세,경상
2019101800100407,2019년 10월 18일 14시,금요일,충청남도 천안시 동남구 원성동,경상사고,0,0,2,0,차대차 - 측면충돌,교차로운행방법위반,건조,맑음,교차로 - 교차로안,승용,남,44세,상해없음,승용,남,60세,상해없음
2019101800100487,2019년 10월 18일 16시,금요일,충청남도 천안시 서북구 두정동,중상사고,0,1,1,0,차대차 - 추돌,안전운전불이행,건조,맑음,단일로 - 기타,승용,남,58세,상해없음,승합,남,72세,중상
2019101800100488,2019년 10월 18일 16시,금요일,충청남도 천안시 서북구 직산읍,경상사고,0,0,1,0,차대차 - 측면충돌,교차로운행방법위반,건조,맑음,교차로 - 교차로안,승용,남,68세,상해없음,화물,남,47세,경상
2019101800100489,2019년 10월 18일 16시,금요일,충청남도 천안시 동남구 병천면,사망사고,1,0,0,0,차량단독 - 전도전복 - 전도,안전운전불이행,건조,맑음,단일로 - 기타,이륜,남,56세,사망,,,,
2019101800100600,2019년 10월 18일 18시,금요일,충청남도 천안시 서북구 성정동,경상사고,0,0,1,0,차대사람 - 횡단중,보행자보호의무위반,건조,맑음,교차로 - 교차로횡단보도내,승용,여,52세,상해없음,보행자,여,24세,경상
2019101800100608,2019년 10월 18일 18시,금요일,충청남도 천안시 동남구 신부동,경상사고,0,0,1,0,차대차 - 측면충돌,교차로운행방법위반,건조,맑음,교차로 - 교차로안,승용,남,58세,상해없음,승용,남,36세,경상
2019101800100822,2019년 10월 18일 22시,금요일,충청남도 천안시 서북구 두정동,경상사고,0,0,1,0,차대차 - 측면충돌,안전운전불이행,건조,맑음,단일로 - 기타,승용,남,25세,상해없음,승용,남,52세,경상
2019101900100255,2019년 10월 19일 11시,토요일,충청남도 천안시 동남구 목천읍,중상사고,0,1,0,0,차대차 - 기타,교차로운행방법위반,건조,맑음,교차로 - 교차로안,승합,남,61세,상해없음,승용,남,62세,중상
2019101900100362,2019년 10월 19일 14시,토요일,충청남도 천안시 동남구 사직동,중상사고,0,1,1,0,차대차 - 기타,안전운전불이행,건조,맑음,단일로 - 기타,승용,남,66세,상해없음,승용,여,31세,중상
2019101900100503,2019년 10월 19일 17시,토요일,충청남도 천안시 서북구 입장면,경상사고,0,0,4,0,차대차 - 측면충돌,안전운전불이행,건조,맑음,교차로 - 교차로안,화물,남,57세,상해없음,승용,여,44세,경상
2019101900100504,2019년 10월 19일 17시,토요일,충청남도 천안시 서북구 백석동,경상사고,0,0,1,0,차대차 - 측면충돌,안전운전불이행,건조,맑음,단일로 - 기타,승용,남,31세,경상,승용,남,18세,상해없음
2019101900100686,2019년 10월 19일 22시,토요일,충청남도 천안시 서북구 두정동,경상사고,0,0,1,0,차대차 - 측면충돌,안전운전불이행,건조,맑음,단일로 - 기타,승용,여,52세,기타불명,승용,여,41세,경상
2019102000100073,2019년 10월 20일 03시,일요일,충청남도 천안시 서북구 성환읍,경상사고,0,0,1,0,차대사람 - 기타,안전운전불이행,건조,맑음,단일로 - 기타,승용,남,42세,상해없음,보행자,남,17세,경상
2019102000100101,2019년 10월 20일 06시,일요일,충청남도 천안시 서북구 성환읍,중상사고,0,1,0,0,차대사람 - 횡단중,안전운전불이행,젖음/습기,안개,단일로 - 기타,승용,남,38세,상해없음,보행자,여,77세,중상
2019102000100320,2019년 10월 20일 15시,일요일,충청남도 천안시 서북구 불당동,경상사고,0,0,3,0,차대차 - 정면충돌,신호위반,건조,맑음,교차로 - 교차로안,승용,남,29세,상해없음,승용,여,37세,경상
2019102000100465,2019년 10월 20일 19시,일요일,충청남도 천안시 서북구 직산읍,경상사고,0,0,1,0,차대차 - 기타,안전운전불이행,건조,맑음,단일로 - 기타,이륜,남,22세,경상,승용,남,50세,상해없음
2019102000100466,2019년 10월 20일 19시,일요일,충청남도 천안시 동남구 다가동,경상사고,0,0,3,1,차대차 - 측면충돌,신호위반,건조,맑음,교차로 - 교차로안,승용,여,65세,부상신고,승용,남,58세,경상
2019102000100494,2019년 10월 20일 20시,일요일,충청남도 천안시 서북구 쌍용동,중상사고,0,1,0,0,차대차 - 기타,기타,건조,맑음,단일로 - 기타,승용,남,31세,상해없음,이륜,남,64세,중상
2019102000100543,2019년 10월 20일 22시,일요일,충청남도 천안시 서북구 성정동,경상사고,0,0,1,0,차대차 - 기타,안전운전불이행,건조,맑음,교차로 - 교차로부근,승용,남,51세,상해없음,승용,남,41세,경상
2019102000100544,2019년 10월 20일 22시,일요일,충청남도 천안시 동남구 신부동,경상사고,0,0,3,1,차대차 - 측면충돌,안전거리미확보,건조,맑음,단일로 - 기타,승용,여,25세,부상신고,승용,여,36세,경상
2019102100100034,2019년 10월 21일 02시,월요일,충청남도 천안시 동남구 목천읍,사망사고,1,0,0,0,차대차 - 기타,안전운전불이행,건조,맑음,단일로 - 기타,화물,남,46세,상해없음,승용,남,22세,사망
2019102100100074,2019년 10월 21일 06시,월요일,충청남도 천안시 동남구 신방동,중상사고,0,1,0,0,차대사람 - 횡단중,신호위반,건조,맑음,단일로 - 기타,승용,남,46세,상해없음,보행자,남,63세,중상
2019102100100181,2019년 10월 21일 09시,월요일,충청남도 천안시 서북구 성거읍,경상사고,0,0,1,0,차량단독 - 기타,안전운전불이행,건조,맑음,단일로 - 기타,승합,남,47세,상해없음,,,,
2019102100100261,2019년 10월 21일 11시,월요일,충청남도 천안시 서북구 백석동,경상사고,0,0,1,0,차대차 - 측면충돌,안전운전불이행,건조,맑음,단일로 - 기타,승용,남,35세,상해없음,승용,여,42세,경상
2019102100100312,2019년 10월 21일 12시,월요일,충청남도 천안시 동남구 광덕면,중상사고,0,1,1,0,차대차 - 추돌,안전운전불이행,건조,맑음,단일로 - 기타,승용,여,52세,상해없음,승용,남,57세,경상
2019102100100483,2019년 10월 21일 16시,월요일,충청남도 천안시 동남구 안서동,경상사고,0,0,1,0,차대사람 - 횡단중,보행자보호의무위반,건조,맑음,교차로 - 교차로안,승용,남,37세,상해없음,보행자,여,19세,경상
2019102100100529,2019년 10월 21일 17시,월요일,충청남도 천안시 서북구 두정동,경상사고,0,0,1,0,차대사람 - 기타,보행자보호의무위반,건조,맑음,교차로 - 교차로횡단보도내,화물,남,56세,상해없음,보행자,남,23세,경상
2019102100100530,2019년 10월 21일 17시,월요일,충청남도 천안시 서북구 직산읍,경상사고,0,0,1,0,차대차 - 추돌,안전거리미확보,건조,맑음,단일로 - 기타,화물,남,57세,상해없음,승용,여,32세,경상
2019102100100633,2019년 10월 21일 19시,월요일,충청남도 천안시 동남구 사직동,경상사고,0,0,1,0,차대차 - 측면충돌,안전운전불이행,건조,맑음,단일로 - 기타,승용,남,50세,상해없음,승용,남,38세,경상
2019102200100156,2019년 10월 22일 08시,화요일,충청남도 천안시 서북구 성성동,중상사고,0,1,0,0,차대차 - 측면충돌,안전운전불이행,건조,맑음,교차로 - 교차로안,승용,남,32세,상해없음,승용,여,37세,중상
2019102200100232,2019년 10월 22일 10시,화요일,충청남도 천안시 동남구 신부동,경상사고,0,0,1,0,차대차 - 측면충돌,안전운전불이행,건조,맑음,단일로 - 기타,승용,여,43세,상해없음,승용,남,63세,경상
2019102200100668,2019년 10월 22일 20시,화요일,충청남도 천안시 동남구 사직동,경상사고,0,0,1,0,차대사람 - 횡단중,보행자보호의무위반,건조,맑음,단일로 - 기타,승합,남,51세,상해없음,보행자,남,34세,경상
2019102300100145,2019년 10월 23일 08시,수요일,충청남도 천안시 서북구 성정동,경상사고,0,0,1,0,차대차 - 측면충돌,직진우회전진행방해,건조,맑음,교차로 - 교차로안,승용,여,39세,상해없음,승용,여,59세,경상
2019102300100368,2019년 10월 23일 15시,수요일,충청남도 천안시 동남구 청당동,경상사고,0,0,2,0,차대차 - 측면충돌,직진우회전진행방해,건조,맑음,교차로 - 교차로안,승용,여,62세,상해없음,승용,남,43세,경상
2019102300100628,2019년 10월 23일 21시,수요일,충청남도 천안시 서북구 성정동,경상사고,0,0,2,0,차대차 - 측면충돌,교차로운행방법위반,건조,맑음,교차로 - 교차로안,원동기,남,42세,경상,승용,남,32세,경상
2019102400100032,2019년 10월 24일 00시,목요일,충청남도 천안시 동남구 다가동,경상사고,0,0,1,0,차대차 - 추돌,안전운전불이행,건조,맑음,교차로 - 교차로부근,승용,남,38세,상해없음,승용,여,31세,경상
2019102400100151,2019년 10월 24일 08시,목요일,충청남도 천안시 서북구 직산읍,경상사고,0,0,1,0,차대사람 - 기타,보행자보호의무위반,건조,맑음,교차로 - 교차로횡단보도내,화물,남,54세,상해없음,보행자,여,50세,경상
2019102400100288,2019년 10월 24일 12시,목요일,충청남도 천안시 동남구 신방동,중상사고,0,1,0,0,차대차 - 측면충돌,안전운전불이행,건조,맑음,교차로 - 교차로안,승용,남,85세,상해없음,이륜,남,38세,중상
2019102400100330,2019년 10월 24일 13시,목요일,충청남도 천안시 동남구 대흥동,중상사고,0,1,0,0,차량단독 - 기타,안전운전불이행,건조,맑음,단일로 - 기타,승합,남,36세,상해없음,,,,
2019102400100368,2019년 10월 24일 14시,목요일,충청남도 천안시 서북구 쌍용동,경상사고,0,0,1,0,차대차 - 측면충돌,안전거리미확보,건조,맑음,단일로 - 기타,승용,남,58세,상해없음,승합,남,44세,경상
2019102400100398,2019년 10월 24일 15시,목요일,충청남도 천안시 동남구 성남면,중상사고,0,1,0,0,차량단독 - 공작물충돌,안전운전불이행,건조,맑음,단일로 - 기타,이륜,남,75세,중상,,,,
2019102400100612,2019년 10월 24일 19시,목요일,충청남도 천안시 서북구 쌍용동,사망사고,1,0,0,0,차대사람 - 횡단중,안전운전불이행,건조,맑음,교차로 - 교차로부근,승합,남,65세,상해없음,보행자,남,35세,사망
2019102400100614,2019년 10월 24일 19시,목요일,충청남도 천안시 동남구 신부동,경상사고,0,0,1,0,차대차 - 측면충돌,직진우회전진행방해,건조,맑음,교차로 - 교차로안,승용,남,67세,상해없음,승용,여,48세,경상
2019102500100033,2019년 10월 25일 00시,금요일,충청남도 천안시 서북구 성정동,경상사고,0,0,2,0,차대차 - 기타,신호위반,건조,맑음,교차로 - 교차로안,승용,남,36세,상해없음,승용,남,29세,경상
2019102500100078,2019년 10월 25일 04시,금요일,충청남도 천안시 동남구 신부동,경상사고,0,0,1,0,차대사람 - 기타,안전운전불이행,건조,맑음,단일로 - 기타,승용,남,55세,상해없음,보행자,여,19세,경상
2019102500100120,2019년 10월 25일 07시,금요일,충청남도 천안시 동남구 신부동,중상사고,0,1,0,0,차량단독 - 공작물충돌,안전운전불이행,건조,맑음,교차로 - 교차로부근,이륜,남,50세,중상,,,,
2019102500100154,2019년 10월 25일 08시,금요일,충청남도 천안시 서북구 불당동,경상사고,0,0,1,0,차대차 - 측면충돌,차로위반,건조,맑음,교차로 - 교차로안,승용,여,34세,상해없음,승용,남,73세,경상
2019102500100233,2019년 10월 25일 10시,금요일,충청남도 천안시 서북구 두정동,경상사고,0,0,2,0,차대차 - 추돌,안전운전불이행,건조,맑음,단일로 - 기타,승용,여,38세,상해없음,승용,여,35세,경상
2019102500100332,2019년 10월 25일 13시,금요일,충청남도 천안시 동남구 다가동,경상사고,0,0,1,0,차대차 - 추돌,안전거리미확보,건조,맑음,단일로 - 기타,승용,남,66세,기타불명,승용,남,42세,경상
2019102500100520,2019년 10월 25일 17시,금요일,충청남도 천안시 동남구 청당동,경상사고,0,0,1,0,차대차 - 기타,안전운전불이행,건조,맑음,단일로 - 기타,승용,여,49세,상해없음,승용,여,45세,경상
2019102500100597,2019년 10월 25일 18시,금요일,충청남도 천안시 서북구 입장면,경상사고,0,0,2,0,차대차 - 측면충돌,중앙선침범,건조,맑음,단일로 - 기타,승용,남,39세,상해없음,승용,여,33세,경상
2019102500100599,2019년 10월 25일 18시,금요일,충청남도 천안시 동남구 신방동,경상사고,0,0,1,0,차대차 - 기타,안전운전불이행,건조,맑음,단일로 - 기타,승용,남,27세,상해없음,승용,여,45세,경상
2019102500100685,2019년 10월 25일 19시,금요일,충청남도 천안시 서북구 백석동,경상사고,0,0,1,0,차대차 - 기타,안전거리미확보,젖음/습기,흐림,교차로 - 교차로부근,승합,남,38세,상해없음,자전거,남,19세,상해없음
2019102500100687,2019년 10월 25일 19시,금요일,충청남도 천안시 동남구 봉명동,경상사고,0,0,2,0,차대차 - 측면충돌,차로위반,건조,맑음,단일로 - 기타,승용,남,55세,상해없음,승용,남,34세,경상
2019102500100775,2019년 10월 25일 21시,금요일,충청남도 천안시 서북구 불당동,경상사고,0,0,4,0,차대차 - 측면충돌,중앙선침범,건조,흐림,교차로 - 교차로부근,승용,남,47세,상해없음,승용,여,36세,경상
2019102500100802,2019년 10월 25일 22시,금요일,충청남도 천안시 서북구 두정동,경상사고,0,0,1,0,차대사람 - 기타,안전운전불이행,건조,맑음,단일로 - 기타,승용,여,39세,상해없음,보행자,여,23세,경상
2019102500100820,2019년 10월 25일 23시,금요일,충청남도 천안시 동남구 신방동,경상사고,0,0,1,0,차대차 - 추돌,안전운전불이행,건조,맑음,단일로 - 기타,승용,남,32세,상해없음,화물,남,52세,경상
2019102600100213,2019년 10월 26일 10시,토요일,충청남도 천안시 동남구 수신면,경상사고,0,0,4,0,차대차 - 측면충돌,직진우회전진행방해,건조,맑음,교차로 - 교차로안,승용,여,37세,경상,화물,남,58세,경상
2019102600100253,2019년 10월 26일 11시,토요일,충청남도 천안시 동남구 신방동,중상사고,0,1,0,0,차대차 - 측면충돌,안전거리미확보,건조,맑음,단일로 - 기타,화물,남,50세,상해없음,승용,여,67세,중상
2019102600100332,2019년 10월 26일 13시,토요일,충청남도 천안시 서북구 불당동,경상사고,0,0,1,0,차대차 - 측면충돌,안전운전불이행,건조,맑음,단일로 - 기타,승용,여,64세,상해없음,승용,여,43세,경상
2019102600100336,2019년 10월 26일 13시,토요일,충청남도 천안시 동남구 안서동,경상사고,0,0,3,1,차대차 - 기타,안전운전불이행,건조,맑음,단일로 - 기타,승용,여,49세,경상,승용,남,39세,경상
2019102600100494,2019년 10월 26일 17시,토요일,충청남도 천안시 서북구 쌍용동,경상사고,0,0,1,0,차대차 - 추돌,안전운전불이행,건조,맑음,교차로 - 교차로안,승용,남,68세,상해없음,승용,여,55세,경상
2019102600100540,2019년 10월 26일 18시,토요일,충청남도 천안시 동남구 북면,중상사고,0,1,0,0,차대차 - 측면충돌,직진우회전진행방해,건조,맑음,교차로 - 교차로안,화물,남,63세,상해없음,이륜,여,27세,중상
2019102600100541,2019년 10월 26일 18시,토요일,충청남도 천안시 동남구 목천읍,중상사고,0,1,0,0,차대사람 - 차도통행중,안전운전불이행,건조,맑음,단일로 - 기타,화물,남,52세,상해없음,보행자,남,62세,중상
2019102600100628,2019년 10월 26일 20시,토요일,충청남도 천안시 동남구 사직동,중상사고,0,1,0,0,차대사람 - 기타,안전운전불이행,건조,맑음,단일로 - 기타,승합,남,47세,상해없음,보행자,남,58세,중상
2019102600100691,2019년 10월 26일 22시,토요일,충청남도 천안시 동남구 병천면,경상사고,0,0,2,1,차대차 - 측면충돌,기타,건조,맑음,교차로 - 교차로안,승용,여,54세,부상신고,승합,남,25세,경상
2019102700100037,2019년 10월 27일 00시,일요일,충청남도 천안시 서북구 불당동,경상사고,0,0,2,0,차대차 - 추돌,안전운전불이행,건조,맑음,교차로 - 교차로안,승용,남,24세,상해없음,승용,여,25세,경상
2019102700100059,2019년 10월 27일 01시,일요일,충청남도 천안시 서북구 성정동,경상사고,0,0,1,0,차대차 - 정면충돌,안전거리미확보,건조,맑음,교차로 - 교차로안,승용,남,58세,상해없음,이륜,남,32세,경상
2019102700100077,2019년 10월 27일 02시,일요일,충청남도 천안시 동남구 북면,사망사고,1,0,0,0,차대사람 - 기타,안전운전불이행,건조,맑음,단일로 - 기타,승용,남,67세,상해없음,보행자,여,64세,사망
2019102700100194,2019년 10월 27일 10시,일요일,충청남도 천안시 동남구 원성동,중상사고,0,1,1,0,차대차 - 추돌,신호위반,건조,맑음,교차로 - 교차로안,승용,여,54세,상해없음,승용,남,56세,경상
2019102700100332,2019년 10월 27일 14시,일요일,충청남도 천안시 서북구 성거읍,경상사고,0,0,1,0,차대차 - 측면충돌,신호위반,건조,맑음,교차로 - 교차로안,승용,남,28세,상해없음,승용,남,28세,경상
2019102700100374,2019년 10월 27일 15시,일요일,충청남도 천안시 서북구 직산읍,중상사고,0,1,0,0,차대차 - 기타,안전운전불이행,건조,맑음,단일로 - 기타,기타불명,기타불명,미분류,기타불명,자전거,남,81세,중상
2019102700100375,2019년 10월 27일 15시,일요일,충청남도 천안시 동남구 청당동,경상사고,0,0,2,0,차대차 - 측면충돌,신호위반,건조,맑음,교차로 - 교차로안,이륜,남,64세,상해없음,승용,남,45세,경상
2019102700100618,2019년 10월 27일 22시,일요일,충청남도 천안시 서북구 성정동,경상사고,0,0,1,0,차대차 - 측면충돌,신호위반,건조,맑음,교차로 - 교차로안,기타불명,기타불명,미분류,기타불명,이륜,남,23세,경상