사고번호,사고일시,요일,시군구,사고내용,사망자수,중상자수,경상자수,부상신고자수,사고유형,법규위반,노면상태,기상상태,도로형태,가해운전자 차종,가해운전자 성별,가해운전자 연령,가해운전자 상해정도,피해운전자 차종,피해운전자 성별,피해운전자 연령,피해운전자 상해정도
2019120200100498,2019년 12월 2일 18시,월요일,충청남도 천안시 서북구 두정동,경상사고,0,0,1,0,차대차 - 측면충돌,안전운전불이행,건조,맑음,교차로 - 교차로안,승용,남,33세,상해없음,승용,여,27세,경상
2019120200100502,2019년 12월 2일 18시,월요일,충청남도 천안시 동남구 봉명동,경상사고,0,0,3,0,차대차 - 측면충돌,안전거리미확보,건조,맑음,단일로 - 기타,승용,여,37세,상해없음,승합,남,33세,경상
2019120200100503,2019년 12월 2일 18시,월요일,충청남도 천안시 동남구 신방동,중상사고,0,1,0,0,차대차 - 측면충돌,차로위반,건조,맑음,단일로 - 지하차도(도로)내,승용,남,23세,상해없음,승용,남,40세,중상
2019120200100571,2019년 12월 2일 20시,월요일,충청남도 천안시 동남구 봉명동,경상사고,0,0,1,0,차대사람 - 기타,안전운전불이행,건조,맑음,단일로 - 기타,이륜,남,57세,상해없음,보행자,남,13세,경상
2019120200100636,2019년 12월 2일 23시,월요일,충청남도 천안시 서북구 성거읍,중상사고,0,1,0,0,차량단독 - 공작물충돌,안전운전불이행,건조,맑음,단일로 - 기타,승용,남,44세,상해없음,,,,
2019120300100025,2019년 12월 3일 00시,화요일,충청남도 천안시 서북구 쌍용동,경상사고,0,0,1,0,차대차 - 측면충돌,안전운전불이행,건조,맑음,단일로 - 기타,승합,남,25세,상해없음,승용,남,39세,경상
2019120300100026,2019년 12월 3일 00시,화요일,충청남도 천안시 서북구 불당동,경상사고,0,0,1,0,차대차 - 측면충돌,안전운전불이행,건조,맑음,단일로 - 기타,승용,남,27세,상해없음,승용,남,30세,경상
2019120300100179,2019년 12월 3일 09시,화요일,충청남도 천안시 동남구 원성동,중상사고,0,2,1,0,차대차 - 추돌,안전거리미확보,건조,맑음,교차로 - 교차로부근,승용,남,46세,경상,승용,여,61세,중상
2019120300100239,2019년 12월 3일 11시,화요일,충청남도 천안시 동남구 용곡동,경상사고,0,0,1,0,차대차 - 측면충돌,안전운전불이행,건조,맑음,단일로 - 기타,승용,남,38세,상해없음,승용,남,57세,경상
2019120300100269,2019년 12월 3일 12시,화요일,충청남도 천안시 동남구 대흥동,경상사고,0,0,1,0,차대차 - 측면충돌,안전운전불이행,건조,맑음,교차로 - 교차로부근,자전거,남,66세,경상,승합,남,41세,상해없음
2019120300100311,2019년 12월 3일 13시,화요일,충청남도 천안시 동남구 풍세면,경상사고,0,0,1,0,차대차 - 측면충돌,안전운전불이행,젖음/습기,비,교차로 - 교차로안,화물,남,75세,상해없음,이륜,남,75세,경상
2019120300100345,2019년 12월 3일 14시,화요일,충청남도 천안시 서북구 쌍용동,경상사고,0,0,1,0,차대사람 - 횡단중,안전운전불이행,젖음/습기,비,교차로 - 교차로안,승용,여,35세,상해없음,보행자,여,52세,경상
2019120300100581,2019년 12월 3일 20시,화요일,충청남도 천안시 서북구 백석동,중상사고,0,1,0,0,차대차 - 측면충돌,안전운전불이행,젖음/습기,비,교차로 - 교차로안,자전거,여,24세,중상,승용,남,33세,상해없음
2019120400100047,2019년 12월 4일 00시,수요일,충청남도 천안시 서북구 두정동,경상사고,0,0,1,1,차대차 - 추돌,안전운전불이행,젖음/습기,비,단일로 - 기타,승용,남,30세,부상신고,승용,여,33세,경상
2019120400100048,2019년 12월 4일 00시,수요일,충청남도 천안시 동남구 신방동,중상사고,0,1,1,0,차대사람 - 차도통행중,안전운전불이행,젖음/습기,비,단일로 - 기타,승용,남,33세,상해없음,보행자,여,39세,중상
2019120400100057,2019년 12월 4일 01시,수요일,충청남도 천안시 서북구 성정동,경상사고,0,0,1,0,차대차 - 측면충돌,안전운전불이행,젖음/습기,흐림,교차로 - 교차로안,승용,남,32세,상해없음,승용,여,46세,경상
2019120400100058,2019년 12월 4일 01시,수요일,충청남도 천안시 서북구 불당동,경상사고,0,0,1,1,차대차 - 측면충돌,신호위반,젖음/습기,흐림,교차로 - 교차로안,승용,남,46세,부상신고,승용,남,60세,경상
2019120400100212,2019년 12월 4일 08시,수요일,충청남도 천안시 서북구 백석동,경상사고,0,0,5,0,차대차 - 추돌,안전운전불이행,건조,맑음,단일로 - 지하차도(도로)내,화물,남,37세,상해없음,승용,여,31세,경상
2019120400100215,2019년 12월 4일 08시,수요일,충청남도 천안시 동남구 유량동,경상사고,0,0,1,0,차대차 - 측면충돌,직진우회전진행방해,건조,맑음,교차로 - 교차로안,승용,남,23세,상해없음,승합,남,45세,경상
2019120400100258,2019년 12월 4일 09시,수요일,충청남도 천안시 동남구 청수동,중상사고,0,1,0,0,차대사람 - 횡단중,보행자보호의무위반,건조,맑음,교차로 - 교차로안,승용,남,57세,상해없음,보행자,남,90세 이상,중상
2019120400100590,2019년 12월 4일 18시,수요일,충청남도 천안시 동남구 청당동,경상사고,0,0,1,0,차대차 - 측면충돌,신호위반,건조,맑음,교차로 - 교차로안,이륜,남,18세,경상,승용,남,45세,상해없음
2019120500100041,2019년 12월 5일 00시,목요일,충청남도 천안시 동남구 목천읍,경상사고,0,0,1,0,차대차 - 추돌,안전운전불이행,건조,맑음,단일로 - 기타,승용,남,47세,상해없음,승용,남,50세,경상
2019120500100149,2019년 12월 5일 08시,목요일,충청남도 천안시 서북구 성정동,경상사고,0,0,1,0,차대사람 - 횡단중,신호위반,건조,맑음,교차로 - 교차로안,승용,남,52세,상해없음,보행자,여,52세,경상
2019120500100219,2019년 12월 5일 10시,목요일,충청남도 천안시 동남구 목천읍,경상사고,0,0,1,0,차대차 - 측면충돌,안전운전불이행,건조,맑음,단일로 - 기타,화물,남,58세,상해없음,승용,여,58세,경상
2019120500100309,2019년 12월 5일 13시,목요일,충청남도 천안시 동남구 풍세면,경상사고,0,0,1,0,차대차 - 측면충돌,안전운전불이행,건조,맑음,교차로 - 교차로부근,승용,남,29세,상해없음,화물,남,59세,경상
2019120500100383,2019년 12월 5일 15시,목요일,충청남도 천안시 동남구 봉명동,경상사고,0,0,2,0,차대차 - 측면충돌,교차로운행방법위반,건조,맑음,교차로 - 교차로안,승용,남,22세,경상,이륜,남,38세,경상
2019120500100384,2019년 12월 5일 15시,목요일,충청남도 천안시 서북구 입장면,경상사고,0,0,1,0,차대차 - 기타,안전운전불이행,건조,맑음,주차장 - 주차장,승용,남,31세,상해없음,승합,남,60세,경상
2019120500100419,2019년 12월 5일 16시,목요일,충청남도 천안시 동남구 사직동,경상사고,0,0,1,0,차대사람 - 기타,안전운전불이행,건조,맑음,단일로 - 기타,승용,남,51세,상해없음,보행자,남,45세,경상
2019120500100522,2019년 12월 5일 18시,목요일,충청남도 천안시 서북구 와촌동,경상사고,0,0,1,0,차대차 - 기타,신호위반,건조,맑음,교차로 - 교차로안,승용,남,34세,상해없음,승합,남,32세,경상
2019120500100523,2019년 12월 5일 18시,목요일,충청남도 천안시 서북구 백석동,경상사고,0,0,1,0,차대차 - 추돌,안전운전불이행,건조,맑음,교차로 - 교차로안,승용,남,51세,상해없음,승용,남,52세,경상
2019120500100574,2019년 12월 5일 19시,목요일,충청남도 천안시 동남구 용곡동,경상사고,0,0,1,0,차대차 - 측면충돌,안전운전불이행,건조,맑음,교차로 - 교차로부근,승용,여,53세,상해없음,화물,남,61세,경상
2019120500100608,2019년 12월 5일 20시,목요일,충청남도 천안시 서북구 백석동,중상사고,0,1,0,0,차대사람 - 횡단중,보행자보호의무위반,건조,맑음,단일로 - 기타,승용,여,47세,상해없음,보행자,남,36세,중상
2019120500100655,2019년 12월 5일 22시,목요일,충청남도 천안시 서북구 불당동,경상사고,0,0,2,0,차대차 - 측면충돌,교차로운행방법위반,건조,맑음,교차로 - 교차로안,승용,남,35세,경상,승용,남,24세,상해없음
2019120600100049,2019년 12월 6일 01시,금요일,충청남도 천안시 서북구 불당동,경상사고,0,0,1,0,차대차 - 측면충돌,안전운전불이행,건조,맑음,교차로 - 교차로부근,승용,남,25세,상해없음,원동기,남,52세,경상
2019120600100086,2019년 12월 6일 06시,금요일,충청남도 천안시 동남구 목천읍,경상사고,0,0,6,0,차대차 - 측면충돌,안전운전불이행,건조,맑음,교차로 - 교차로안,승용,여,41세,경상,승용,남,18세,경상
2019120600100225,2019년 12월 6일 10시,금요일,충청남도 천안시 동남구 원성동,경상사고,0,0,1,0,차대차 - 측면충돌,안전운전불이행,건조,맑음,단일로 - 기타,승용,여,55세,상해없음,승용,남,63세,경상
2019120600100294,2019년 12월 6일 12시,금요일,충청남도 천안시 서북구 불당동,중상사고,0,1,0,0,차대차 - 추돌,과속,건조,맑음,단일로 - 기타,승용,여,26세,상해없음,이륜,남,30세,중상
2019120600100324,2019년 12월 6일 13시,금요일,충청남도 천안시 서북구 두정동,경상사고,0,0,1,0,차대차 - 기타,직진우회전진행방해,건조,맑음,교차로 - 교차로안,승용,여,52세,상해없음,이륜,남,26세,경상
2019120600100604,2019년 12월 6일 19시,금요일,충청남도 천안시 서북구 두정동,중상사고,0,1,0,0,차대차 - 기타,안전운전불이행,건조,맑음,단일로 - 기타,승용,남,37세,상해없음,이륜,남,30세,중상
2019120600100605,2019년 12월 6일 19시,금요일,충청남도 천안시 서북구 두정동,경상사고,0,0,3,1,차대차 - 추돌,안전운전불이행,건조,맑음,단일로 - 고가도로위,승용,남,36세,부상신고,승용,남,27세,경상
2019120600100606,2019년 12월 6일 19시,금요일,충청남도 천안시 동남구 청당동,경상사고,0,0,1,0,차대차 - 측면충돌,안전운전불이행,건조,맑음,교차로 - 교차로부근,승용,남,66세,상해없음,승용,남,25세,경상
2019120600100648,2019년 12월 6일 20시,금요일,충청남도 천안시 동남구 오룡동,경상사고,0,0,1,0,차대차 - 기타,안전운전불이행,건조,맑음,교차로 - 교차로안,승용,남,49세,상해없음,승용,여,53세,기타불명
2019120600100687,2019년 12월 6일 21시,금요일,충청남도 천안시 서북구 성정동,경상사고,0,0,3,0,차대차 - 추돌,안전운전불이행,건조,맑음,교차로 - 교차로부근,승용,남,36세,상해없음,승용,남,66세,경상
2019120600100749,2019년 12월 6일 23시,금요일,충청남도 천안시 서북구 성정동,경상사고,0,0,1,0,차대차 - 후진중충돌,안전운전불이행,건조,맑음,단일로 - 기타,승용,남,56세,상해없음,승용,남,27세,경상
2019120600100751,2019년 12월 6일 23시,금요일,충청남도 천안시 동남구 안서동,중상사고,0,1,0,0,차대사람 - 기타,기타,건조,맑음,단일로 - 기타,승용,남,49세,상해없음,보행자,남,62세,중상
2019120700100035,2019년 12월 7일 00시,토요일,충청남도 천안시 동남구 신방동,경상사고,0,0,2,0,차대차 - 추돌,안전운전불이행,건조,맑음,단일로 - 기타,승용,여,37세,상해없음,승용,남,56세,경상
2019120700100065,2019년 12월 7일 02시,토요일,충청남도 천안시 서북구 두정동,경상사고,0,0,1,0,차대사람 - 기타,안전운전불이행,건조,맑음,단일로 - 기타,승용,남,28세,상해없음,보행자,여,19세,경상
2019120700100099,2019년 12월 7일 05시,토요일,충청남도 천안시 서북구 두정동,중상사고,0,1,0,0,차대차 - 측면충돌,신호위반,건조,맑음,교차로 - 교차로안,승용,남,69세,상해없음,승용,남,26세,중상
2019120700100216,2019년 12월 7일 11시,토요일,충청남도 천안시 서북구 두정동,경상사고,0,0,1,0,차대차 - 측면충돌,안전운전불이행,건조,맑음,교차로 - 교차로안,승합,남,44세,상해없음,승용,남,48세,경상
2019120700100489,2019년 12월 7일 18시,토요일,충청남도 천안시 동남구 봉명동,경상사고,0,0,1,0,차대차 - 측면충돌,신호위반,건조,맑음,교차로 - 교차로안,승용,여,50세,상해없음,이륜,남,43세,경상
2019120700100490,2019년 12월 7일 18시,토요일,충청남도 천안시 동남구 삼룡동,경상사고,0,0,2,0,차대차 - 추돌,안전거리미확보,건조,맑음,단일로 - 기타,화물,남,57세,상해없음,승용,남,71세,경상
2019120700100544,2019년 12월 7일 19시,토요일,충청남도 천안시 서북구 성정동,경상사고,0,0,1,0,차대사람 - 기타,안전운전불이행,건조,맑음,단일로 - 기타,승용,여,53세,상해없음,보행자,여,47세,경상
2019120700100545,2019년 12월 7일 19시,토요일,충청남도 천안시 서북구 백석동,중상사고,0,1,0,0,차대차 - 측면충돌,중앙선침범,건조,맑음,교차로 - 교차로부근,승용,남,34세,상해없음,이륜,남,46세,중상
2019120800100069,2019년 12월 8일 01시,일요일,충청남도 천안시 서북구 성정동,경상사고,0,0,1,0,차대차 - 기타,교차로운행방법위반,건조,맑음,교차로 - 교차로안,승용,남,35세,경상,승용,남,36세,상해없음
2019120800100111,2019년 12월 8일 04시,일요일,충청남도 천안시 동남구 청당동,중상사고,0,1,0,0,차대차 - 추돌,안전운전불이행,젖음/습기,안개,단일로 - 기타,기타불명,기타불명,미분류,기타불명,원동기,남,62세,중상
2019120800100119,2019년 12월 8일 05시,일요일,충청남도 천안시 서북구 불당동,경상사고,0,0,1,0,차대차 - 기타,신호위반,건조,맑음,교차로 - 교차로안,승용,남,32세,상해없음,승용,남,31세,경상
2019120800100254,2019년 12월 8일 13시,일요일,충청남도 천안시 서북구 성거읍,경상사고,0,0,2,0,차대차 - 기타,중앙선침범,건조,맑음,단일로 - 기타,승용,남,46세,상해없음,화물,남,36세,경상
2019120800100340,2019년 12월 8일 16시,일요일,충청남도 천안시 동남구 사직동,경상사고,0,0,1,0,차대사람 - 기타,안전운전불이행,건조,맑음,교차로 - 교차로안,승용,여,72세,상해없음,보행자,남,81세,경상
2019120800100375,2019년 12월 8일 17시,일요일,충청남도 천안시 동남구 구룡동,중상사고,0,1,0,0,차대차 - 측면충돌,중앙선침범,건조,맑음,단일로 - 기타,승용,남,38세,상해없음,이륜,남,29세,중상
2019120800100402,2019년 12월 8일 18시,일요일,충청남도 천안시 서북구 성환읍,경상사고,0,0,1,0,차대차 - 기타,안전운전불이행,건조,맑음,교차로 - 교차로부근,승용,남,51세,상해없음,화물,남,23세,경상
2019120800100403,2019년 12월 8일 18시,일요일,충청남도 천안시 서북구 쌍용동,경상사고,0,0,1,0,차대차 - 측면충돌,안전운전불이행,건조,맑음,교차로 - 교차로안,승용,남,51세,상해없음,화물,남,45세,경상
2019120800100482,2019년 12월 8일 21시,일요일,충청남도 천안시 서북구 쌍용동,경상사고,0,0,1,0,차대차 - 측면충돌,안전거리미확보,건조,맑음,단일로 - 기타,승용,여,52세,상해없음,승합,남,38세,경상
2019120900100120,2019년 12월 9일 07시,월요일,충청남도 천안시 동남구 목천읍,경상사고,0,0,2,0,차대차 - 기타,안전거리미확보,건조,맑음,단일로 - 기타,기타불명,기타불명,미분류,기타불명,승용,남,24세,상해없음
2019120900100248,2019년 12월 9일 11시,월요일,충청남도 천안시 동남구 영성동,중상사고,0,1,0,0,차대사람 - 기타,안전운전불이행,건조,맑음,교차로 - 교차로안,승용,남,57세,상해없음,보행자,여,69세,중상
2019120900100419,2019년 12월 9일 16시,월요일,충청남도 천안시 동남구 신방동,경상사고,0,0,1,0,차대사람 - 횡단중,안전운전불이행,건조,맑음,교차로 - 교차로안,승용,여,32세,상해없음,보행자,남,11세,경상
2019120900100420,2019년 12월 9일 16시,월요일,충청남도 천안시 동남구 문화동,경상사고,0,0,1,0,차대차 - 기타,안전운전불이행,건조,맑음,단일로 - 기타,승용,여,51세,상해없음,승용,남,44세,경상
2019120900100549,2019년 12월 9일 19시,월요일,충청남도 천안시 동남구 원성동,중상사고,0,1,2,0,차대차 - 추돌,안전운전불이행,건조,맑음,단일로 - 기타,화물,남,42세,상해없음,승용,남,56세,중상
2019120900100550,2019년 12월 9일 19시,월요일,충청남도 천안시 동남구 신부동,경상사고,0,0,1,0,차대차 - 측면충돌,안전운전불이행,건조,맑음,단일로 - 기타,승용,남,40세,상해없음,승용,여,55세,경상
2019120900100585,2019년 12월 9일 20시,월요일,충청남도 천안시 서북구 두정동,경상사고,0,0,1,0,차대사람 - 횡단중,안전운전불이행,건조,맑음,교차로 - 교차로안,승용,남,25세,상해없음,보행자,남,14세,경상
2019120900100611,2019년 12월 9일 21시,월요일,충청남도 천안시 서북구 쌍용동,경상사고,0,0,2,0,차대차 - 측면충돌,중앙선침범,건조,맑음,단일로 - 기타,승용,남,23세,상해없음,승용,여,55세,경상
2019121000100066,2019년 12월 10일 03시,화요일,충청남도 천안시 서북구 성정동,중상사고,0,1,7,1,차대차 - 추돌,안전운전불이행,건조,맑음,단일로 - 기타,승용,여,41세,부상신고,승용,남,60세,경상
2019121000100169,2019년 12월 10일 08시,화요일,충청남도 천안시 서북구 성환읍,중상사고,0,1,0,0,차대차 - 측면충돌,안전운전불이행,젖음/습기,안개,교차로 - 교차로안,승용,남,46세,상해없음,승용,여,49세,중상
2019121000100234,2019년 12월 10일 10시,화요일,충청남도 천안시 동남구 목천읍,경상사고,0,0,1,0,차대차 - 측면충돌,중앙선침범,건조,맑음,단일로 - 기타,화물,남,58세,상해없음,화물,남,57세,경상
2019121000100256,2019년 12월 10일 11시,화요일,충청남도 천안시 동남구 신방동,경상사고,0,0,1,0,차대차 - 측면충돌,안전운전불이행,건조,맑음,단일로 - 기타,승용,여,45세,상해없음,개인형이동수단(PM),여,49세,경상
2019121000100409,2019년 12월 10일 16시,화요일,충청남도 천안시 서북구 두정동,경상사고,0,0,1,0,차대차 - 추돌,안전운전불이행,건조,맑음,단일로 - 기타,승용,남,24세,상해없음,승용,여,38세,경상
2019121000100581,2019년 12월 10일 19시,화요일,충청남도 천안시 서북구 불당동,경상사고,0,0,1,0,차대차 - 기타,안전거리미확보,건조,맑음,단일로 - 기타,승용,여,55세,상해없음,승용,남,34세,경상
2019121100100151,2019년 12월 11일 08시,수요일,충청남도 천안시 서북구 불당동,경상사고,0,0,1,0,차대차 - 측면충돌,직진우회전진행방해,건조,맑음,교차로 - 교차로안,승용,여,40세,상해없음,승용,여,41세,경상
2019121100100240,2019년 12월 11일 11시,수요일,충청남도 천안시 동남구 성황동,중상사고,0,1,0,0,차대사람 - 기타,안전운전불이행,건조,맑음,단일로 - 기타,승용,남,70세,상해없음,보행자,여,79세,중상
2019121100100272,2019년 12월 11일 12시,수요일,충청남도 천안시 서북구 차암동,경상사고,0,0,3,0,차대차 - 측면충돌,직진우회전진행방해,건조,맑음,교차로 - 교차로안,승용,남,20세,경상,승용,남,26세,경상
2019121100100321,2019년 12월 11일 14시,수요일,충청남도 천안시 서북구 불당동,경상사고,0,0,1,0,차대차 - 측면충돌,교차로운행방법위반,건조,맑음,교차로 - 교차로안,승용,남,41세,상해없음,승용,여,24세,경상
2019121100100394,2019년 12월 11일 16시,수요일,충청남도 천안시 서북구 입장면,경상사고,0,0,1,0,차대사람 - 차도통행중,안전운전불이행,건조,흐림,교차로 - 교차로안,승용,남,77세,상해없음,보행자,여,8세,경상
2019121100100487,2019년 12월 11일 18시,수요일,충청남도 천안시 서북구 두정동,경상사고,0,0,2,0,차대차 - 측면충돌,안전운전불이행,건조,맑음,교차로 - 교차로안,화물,남,40세,상해없음,승용,남,29세,경상
2019121100100488,2019년 12월 11일 18시,수요일,충청남도 천안시 동남구 신부동,중상사고,0,1,1,0,차대차 - 추돌,안전거리미확보,건조,맑음,단일로 - 기타,승용,남,72세,상해없음,승용,여,39세,경상
2019121100100489,2019년 12월 11일 18시,수요일,충청남도 천안시 동남구 청수동,경상사고,0,0,1,0,차대차 - 측면충돌,안전운전불이행,건조,맑음,단일로 - 기타,승용,남,69세,상해없음,승용,남,44세,경상
2019121100100616,2019년 12월 11일 22시,수요일,충청남도 천안시 서북구 차암동,중상사고,0,1,1,0,차대차 - 측면충돌,신호위반,건조,맑음,교차로 - 교차로안,승합,남,42세,경상,승용,여,44세,중상
2019121200100163,2019년 12월 12일 08시,목요일,충청남도 천안시 동남구 목천읍,중상사고,0,1,0,0,차대차 - 추돌,안전운전불이행,건조,맑음,단일로 - 기타,승용,남,34세,상해없음,화물,여,54세,중상
2019121200100236,2019년 12월 12일 10시,목요일,충청남도 천안시 서북구 두정동,경상사고,0,0,1,0,차대차 - 추돌,안전운전불이행,건조,맑음,교차로 - 교차로부근,승용,남,36세,상해없음,승용,남,40세,경상
2019121200100539,2019년 12월 12일 18시,목요일,충청남도 천안시 동남구 삼룡동,중상사고,0,1,0,0,차대차 - 기타,안전운전불이행,건조,맑음,교차로 - 교차로안,화물,남,28세,상해없음,이륜,남,34세,중상
2019121200100600,2019년 12월 12일 19시,목요일,충청남도 천안시 서북구 쌍용동,경상사고,0,0,1,0,차대차 - 측면충돌,안전거리미확보,건조,맑음,단일로 - 기타,승용,남,46세,상해없음,승합,남,73세,경상
2019121200100602,2019년 12월 12일 19시,목요일,충청남도 천안시 동남구 구성동,경상사고,0,0,1,1,차대차 - 추돌,안전운전불이행,건조,맑음,단일로 - 기타,승용,남,60세,상해없음,승용,남,75세,경상
2019121200100706,2019년 12월 12일 23시,목요일,충청남도 천안시 동남구 목천읍,중상사고,0,1,0,0,차대차 - 기타,안전운전불이행,건조,맑음,단일로 - 기타,승용,남,50세,상해없음,개인형이동수단(PM),남,52세,중상
2019121300100052,2019년 12월 13일 01시,금요일,충청남도 천안시 동남구 신방동,중상사고,0,1,0,0,차량단독 - 공작물충돌,안전운전불이행,건조,맑음,단일로 - 기타,승용,남,26세,중상,,,,
2019121300100555,2019년 12월 13일 18시,금요일,충청남도 천안시 서북구 두정동,경상사고,0,0,1,0,차대차 - 측면충돌,교차로운행방법위반,건조,맑음,교차로 - 교차로안,승용,여,59세,상해없음,승용,남,23세,경상
2019121300100556,2019년 12월 13일 18시,금요일,충청남도 천안시 동남구 수신면,경상사고,0,0,2,1,차대차 - 추돌,안전운전불이행,건조,맑음,단일로 - 기타,승용,남,58세,부상신고,승용,남,64세,경상
2019121300100557,2019년 12월 13일 18시,금요일,충청남도 천안시 동남구 신부동,중상사고,0,1,0,0,차대차 - 기타,안전운전불이행,건조,맑음,기타 - 기타,승용,남,55세,상해없음,승용,남,27세,중상
2019121300100622,2019년 12월 13일 19시,금요일,충청남도 천안시 동남구 구성동,중상사고,0,1,0,0,차대차 - 측면충돌,직진우회전진행방해,건조,맑음,교차로 - 교차로안,승용,여,52세,상해없음,승용,여,59세,중상
2019121300100673,2019년 12월 13일 20시,금요일,충청남도 천안시 서북구 성성동,경상사고,0,0,1,0,차대차 - 추돌,안전운전불이행,건조,맑음,교차로 - 교차로안,이륜,남,34세,경상,승용,남,33세,상해없음
2019121300100703,2019년 12월 13일 21시,금요일,충청남도 천안시 서북구 두정동,중상사고,0,1,0,0,차대사람 - 횡단중,보행자보호의무위반,건조,맑음,교차로 - 교차로횡단보도내,승용,남,65세,상해없음,보행자,여,45세,중상
2019121300100739,2019년 12월 13일 22시,금요일,충청남도 천안시 동남구 원성동,중상사고,0,1,0,0,차대사람 - 횡단중,안전운전불이행,건조,맑음,단일로 - 기타,승용,남,63세,상해없음,보행자,여,53세,중상
2019121400100038,2019년 12월 14일 00시,토요일,충청남도 천안시 서북구 직산읍,중상사고,0,1,0,0,차량단독 - 전도전복 - 전복,안전운전불이행,건조,맑음,단일로 - 기타,승용,여,38세,상해없음,,,,
2019121400100086,2019년 12월 14일 03시,토요일,충청남도 천안시 서북구 두정동,중상사고,0,2,0,0,차대사람 - 횡단중,안전운전불이행,건조,흐림,교차로 - 교차로횡단보도내,승합,남,46세,상해없음,보행자,남,17세,중상
2019121400100113,2019년 12월 14일 05시,토요일,충청남도 천안시 동남구 원성동,중상사고,0,1,0,0,차대차 - 측면충돌,신호위반,건조,맑음,교차로 - 교차로안,승용,남,26세,상해없음,승용,남,73세,중상
2019121400100138,2019년 12월 14일 06시,토요일,충청남도 천안시 서북구 업성동,경상사고,0,0,2,0,차대차 - 측면충돌,안전운전불이행,건조,맑음,단일로 - 기타,승용,남,52세,경상,화물,남,66세,경상
2019121400100140,2019년 12월 14일 06시,토요일,충청남도 천안시 동남구 목천읍,경상사고,0,0,1,0,차대차 - 측면충돌,차로위반,건조,맑음,단일로 - 기타,승용,남,46세,상해없음,승용,여,29세,경상
2019121400100282,2019년 12월 14일 10시,토요일,충청남도 천안시 동남구 삼룡동,경상사고,0,0,1,0,차대차 - 추돌,안전운전불이행,건조,맑음,단일로 - 기타,승합,남,69세,상해없음,승합,남,21세,경상
2019121400100314,2019년 12월 14일 11시,토요일,충청남도 천안시 동남구 쌍용동,중상사고,0,1,1,0,차대사람 - 횡단중,안전운전불이행,건조,맑음,단일로 - 기타,이륜,남,46세,경상,보행자,남,14세,중상
2019121400100623,2019년 12월 14일 18시,토요일,충청남도 천안시 서북구 성정동,중상사고,0,1,0,0,차대차 - 측면충돌,교차로운행방법위반,건조,맑음,교차로 - 교차로안,승용,여,62세,상해없음,이륜,남,32세,중상
2019121400100624,2019년 12월 14일 18시,토요일,충청남도 천안시 서북구 쌍용동,경상사고,0,0,1,0,차대사람 - 횡단중,보행자보호의무위반,건조,맑음,교차로 - 교차로횡단보도내,이륜,남,20세,상해없음,보행자,남,36세,경상
2019121400100771,2019년 12월 14일 22시,토요일,충청남도 천안시 서북구 백석동,경상사고,0,0,2,0,차대차 - 추돌,안전운전불이행,건조,맑음,교차로 - 교차로부근,승용,남,30세,상해없음,승용,남,28세,경상
2019121400100804,2019년 12월 14일 23시,토요일,충청남도 천안시 서북구 두정동,경상사고,0,0,2,0,차대차 - 측면충돌,안전운전불이행,건조,맑음,교차로 - 교차로안,승용,남,64세,상해없음,승용,남,52세,경상
2019121500100062,2019년 12월 15일 02시,일요일,충청남도 천안시 서북구 성정동,경상사고,0,0,1,0,차대차 - 측면충돌,교차로운행방법위반,건조,맑음,교차로 - 교차로안,이륜,남,17세,경상,승용,남,22세,상해없음
2019121500100230,2019년 12월 15일 12시,일요일,충청남도 천안시 동남구 신부동,경상사고,0,0,1,0,차대사람 - 횡단중,보행자보호의무위반,건조,맑음,단일로 - 기타,승용,남,44세,상해없음,보행자,여,4세,경상
2019121500100231,2019년 12월 15일 12시,일요일,충청남도 천안시 동남구 신방동,경상사고,0,0,1,0,차대차 - 측면충돌,안전운전불이행,건조,맑음,교차로 - 교차로부근,승용,여,39세,경상,화물,남,47세,상해없음
2019121500100261,2019년 12월 15일 13시,일요일,충청남도 천안시 동남구 신방동,경상사고,0,0,1,0,차대차 - 측면충돌,차로위반,건조,맑음,단일로 - 기타,승용,남,24세,상해없음,승용,남,43세,경상
2019121500100380,2019년 12월 15일 17시,일요일,충청남도 천안시 서북구 두정동,경상사고,0,0,1,0,차대차 - 측면충돌,안전운전불이행,건조,맑음,교차로 - 교차로안,승용,여,24세,상해없음,승용,여,40세,경상
2019121500100536,2019년 12월 15일 23시,일요일,충청남도 천안시 서북구 와촌동,중상사고,0,2,0,0,차대차 - 추돌,안전운전불이행,건조,맑음,교차로 - 교차로부근,승용,여,34세,상해없음,승용,남,22세,중상
2019121600100073,2019년 12월 16일 05시,월요일,충청남도 천안시 서북구 성정동,경상사고,0,0,1,0,차대차 - 기타,교차로운행방법위반,건조,맑음,교차로 - 교차로안,승용,남,25세,상해없음,승용,여,55세,경상
2019121600100191,2019년 12월 16일 09시,월요일,충청남도 천안시 서북구 두정동,경상사고,0,0,2,0,차대차 - 측면충돌,신호위반,건조,맑음,교차로 - 교차로부근,승용,여,62세,상해없음,승용,남,30세,경상
2019121600100227,2019년 12월 16일 10시,월요일,충청남도 천안시 서북구 입장면,중상사고,0,1,0,0,차대차 - 측면충돌,교차로운행방법위반,건조,맑음,교차로 - 교차로안,이륜,남,64세,중상,화물,남,36세,상해없음